{"type": "FeatureCollection", "bbox": [-122.845122, 37.402291, -121.629459, 38.473877], "features": [{"type": "Feature", "properties": {"group_index": 0, "value": 900.0, "center": [-122.3847996, 37.9102096], "area": 70002652.85, "minutes": 15}, "geometry": {"coordinates": [[[-122.491029, 37.944189], [-122.490627, 37.943963], [-122.489881, 37.943627], [-122.481793, 37.940166], [-122.472834, 37.939769], [-122.47123, 37.939424], [-122.469182, 37.938956], [-122.463327, 37.937386], [-122.459435, 37.936165], [-122.455535, 37.934942], [-122.454795, 37.934725], [-122.45335, 37.93434], [-122.451855, 37.934025], [-122.450439, 37.933789], [-122.449709, 37.933691], [-122.448988, 37.933613], [-122.448208, 37.933552], [-122.444673, 37.933311], [-122.441155, 37.933071], [-122.437636, 37.932831], [-122.434118, 37.932591], [-122.430829, 37.932376], [-122.427544, 37.932161], [-122.424259, 37.931946], [-122.420975, 37.931731], [-122.41769, 37.931516], [-122.414405, 37.931301], [-122.410856, 37.931047], [-122.407297, 37.930793], [-122.406351, 37.930755], [-122.401685, 37.930525], [-122.396241, 37.927993], [-122.393607, 37.925658], [-122.391151, 37.922194], [-122.390536, 37.921588], [-122.389871, 37.921291], [-122.388081, 37.912727], [-122.388535, 37.91219], [-122.388959, 37.910951], [-122.386645, 37.908214], [-122.38624, 37.908228], [-122.386101, 37.908238], [-122.385183, 37.908341], [-122.385138, 37.908346], [-122.384555, 37.908426], [-122.384143, 37.908534], [-122.383676, 37.908717], [-122.379221, 37.90944], [-122.374314, 37.90654], [-122.373859, 37.906097], [-122.371875, 37.904804], [-122.370312, 37.903716], [-122.370017, 37.903516], [-122.368895, 37.902953], [-122.368046, 37.902846], [-122.367517, 37.902931], [-122.366824, 37.903215], [-122.366196, 37.903837], [-122.364028, 37.905686], [-122.357499, 37.910048], [-122.349572, 37.907305], [-122.345702, 37.907014], [-122.34502, 37.906932], [-122.340719, 37.909263], [-122.340137, 37.909479], [-122.339511, 37.90979], [-122.331881, 37.913391], [-122.32803, 37.910159], [-122.32747, 37.909618], [-122.326895, 37.909309], [-122.326447, 37.909181], [-122.325908, 37.90913], [-122.322329, 37.9072], [-122.32464, 37.898859], [-122.324598, 37.898763], [-122.323857, 37.898133], [-122.322534, 37.897293], [-122.321525, 37.896829], [-122.318842, 37.896547], [-122.315376, 37.889561], [-122.315387, 37.889489], [-122.315365, 37.889464], [-122.313917, 37.880602], [-122.313546, 37.879908], [-122.311502, 37.877338], [-122.311012, 37.868487], [-122.31418, 37.866779], [-122.316132, 37.865133], [-122.316987, 37.86311], [-122.31691, 37.86289], [-122.315408, 37.861606], [-122.312802, 37.861286], [-122.312611, 37.861336], [-122.311696, 37.861895], [-122.303969, 37.860432], [-122.303163, 37.857519], [-122.302358, 37.854607], [-122.302521, 37.848569], [-122.3026, 37.848181], [-122.30263, 37.847673], [-122.302555, 37.847119], [-122.302306, 37.84643], [-122.299688, 37.839187], [-122.299479, 37.838603], [-122.299368, 37.8384], [-122.298544, 37.83787], [-122.295017, 37.838591], [-122.295076, 37.838876], [-122.295456, 37.840996], [-122.292778, 37.848375], [-122.294159, 37.851699], [-122.298888, 37.855566], [-122.296296, 37.863046], [-122.295704, 37.863662], [-122.29455, 37.865429], [-122.293251, 37.866996], [-122.29207, 37.869092], [-122.292133, 37.869282], [-122.293962, 37.870526], [-122.296856, 37.878418], [-122.296337, 37.880487], [-122.295305, 37.883288], [-122.293942, 37.885649], [-122.294529, 37.890982], [-122.294557, 37.89107], [-122.296889, 37.898337], [-122.293286, 37.901591], [-122.292333, 37.901888], [-122.291747, 37.902781], [-122.29196, 37.903515], [-122.292838, 37.906077], [-122.294907, 37.909593], [-122.297072, 37.912268], [-122.299872, 37.915151], [-122.300091, 37.915454], [-122.301272, 37.916517], [-122.302162, 37.924379], [-122.30463, 37.926999], [-122.307735, 37.926225], [-122.316064, 37.928829], [-122.31913, 37.934239], [-122.320505, 37.936572], [-122.319319, 37.943484], [-122.319507, 37.94462], [-122.319675, 37.944967], [-122.321377, 37.946565], [-122.326159, 37.953273], [-122.326665, 37.954195], [-122.327624, 37.955885], [-122.331283, 37.957261], [-122.333391, 37.958677], [-122.336861, 37.966068], [-122.337277, 37.966838], [-122.337346, 37.966969], [-122.339995, 37.973804], [-122.335017, 37.976309], [-122.333405, 37.976006], [-122.332279, 37.975735], [-122.331199, 37.977344], [-122.323175, 37.981192], [-122.319772, 37.978214], [-122.316359, 37.977068], [-122.316085, 37.977883], [-122.315751, 37.978983], [-122.31516, 37.980857], [-122.309396, 37.986229], [-122.309309, 37.986328], [-122.309302, 37.987381], [-122.309634, 37.989005], [-122.310478, 37.9896], [-122.310806, 37.989785], [-122.312003, 37.989762], [-122.317831, 37.989057], [-122.322445, 37.994694], [-122.323369, 37.996823], [-122.325452, 37.999759], [-122.3257, 37.999584], [-122.327971, 37.998082], [-122.335458, 37.996354], [-122.34089, 37.996455], [-122.347697, 37.998486], [-122.351515, 37.996781], [-122.356996, 37.994322], [-122.357082, 37.994143], [-122.356309, 37.990018], [-122.356184, 37.988049], [-122.356673, 37.984894], [-122.357832, 37.98268], [-122.358467, 37.981631], [-122.366891, 37.980425], [-122.367205, 37.979706], [-122.367261, 37.979582], [-122.369807, 37.974662], [-122.376091, 37.971389], [-122.378386, 37.971176], [-122.380158, 37.969078], [-122.379992, 37.968201], [-122.378081, 37.963186], [-122.381407, 37.957684], [-122.381975, 37.957134], [-122.389358, 37.955474], [-122.391213, 37.956768], [-122.391664, 37.956924], [-122.392135, 37.956984], [-122.392535, 37.956965], [-122.392879, 37.956902], [-122.395481, 37.956199], [-122.394542, 37.952723], [-122.390386, 37.948327], [-122.389392, 37.945279], [-122.389318, 37.944911], [-122.389254, 37.944718], [-122.387457, 37.942974], [-122.386664, 37.941707], [-122.384954, 37.937815], [-122.391124, 37.933045], [-122.392976, 37.93389], [-122.393713, 37.934161], [-122.394163, 37.934286], [-122.394767, 37.934406], [-122.395377, 37.934486], [-122.395813, 37.934514], [-122.396432, 37.934519], [-122.39685, 37.934495], [-122.397282, 37.934449], [-122.397883, 37.93435], [-122.404477, 37.935336], [-122.408017, 37.941336], [-122.408088, 37.941768], [-122.40835, 37.942758], [-122.408749, 37.943736], [-122.409536, 37.94498], [-122.410269, 37.945659], [-122.410592, 37.945863], [-122.414907, 37.952168], [-122.415198, 37.952858], [-122.415468, 37.953366], [-122.415867, 37.953898], [-122.416188, 37.954202], [-122.419037, 37.958008], [-122.422478, 37.957974], [-122.423213, 37.95445], [-122.420535, 37.951061], [-122.418997, 37.947796], [-122.415248, 37.944762], [-122.414968, 37.94453], [-122.413321, 37.938568], [-122.417455, 37.935108], [-122.420739, 37.935323], [-122.424024, 37.935538], [-122.427309, 37.935753], [-122.430593, 37.935968], [-122.433873, 37.936183], [-122.437392, 37.936423], [-122.44091, 37.936663], [-122.444428, 37.936902], [-122.44793, 37.937141], [-122.449852, 37.937341], [-122.451119, 37.937549], [-122.453784, 37.93818], [-122.454457, 37.938377], [-122.458357, 37.9396], [-122.462265, 37.940826], [-122.465074, 37.941693], [-122.467932, 37.942575], [-122.468632, 37.942767], [-122.469887, 37.943045], [-122.473639, 37.943709], [-122.481002, 37.946255], [-122.48282, 37.946928], [-122.48526, 37.94721], [-122.489264, 37.947327], [-122.491029, 37.944189]]], "type": "Polygon"}}, {"type": "Feature", "properties": {"group_index": 0, "value": 1800.0, "center": [-122.3847996, 37.9102096], "area": 439699625.12, "minutes": 30}, "geometry": {"coordinates": [[[-122.563504, 38.098135], [-122.563474, 38.097586], [-122.563342, 38.096658], [-122.562744, 38.094529], [-122.562224, 38.093468], [-122.561612, 38.09252], [-122.56127, 38.092065], [-122.560577, 38.09126], [-122.560198, 38.090863], [-122.558442, 38.089205], [-122.556749, 38.087609], [-122.553749, 38.079294], [-122.553907, 38.077538], [-122.553895, 38.076742], [-122.55373, 38.075694], [-122.552997, 38.075698], [-122.548675, 38.075568], [-122.546923, 38.075482], [-122.542393, 38.072302], [-122.543835, 38.066599], [-122.5443, 38.065205], [-122.5443, 38.065205], [-122.540605, 38.063303], [-122.539726, 38.062749], [-122.53399, 38.056371], [-122.535382, 38.05063], [-122.53905, 38.048632], [-122.54041, 38.047684], [-122.546228, 38.041159], [-122.547078, 38.040524], [-122.552495, 38.03425], [-122.553142, 38.033687], [-122.553673, 38.032898], [-122.554676, 38.031547], [-122.562505, 38.027424], [-122.566804, 38.021541], [-122.572335, 38.022615], [-122.572924, 38.023095], [-122.573628, 38.023512], [-122.573965, 38.023668], [-122.576339, 38.021196], [-122.575832, 38.017632], [-122.573989, 38.017199], [-122.572963, 38.016916], [-122.568341, 38.009664], [-122.567931, 38.00755], [-122.567715, 38.007355], [-122.563619, 38.005026], [-122.563299, 38.004816], [-122.557146, 38.001373], [-122.555891, 37.999785], [-122.553871, 37.995592], [-122.553812, 37.987226], [-122.554627, 37.986485], [-122.560474, 37.984606], [-122.566154, 37.987768], [-122.567806, 37.987471], [-122.573628, 37.988088], [-122.577386, 37.98858], [-122.577531, 37.988609], [-122.581945, 37.987408], [-122.583316, 37.98408], [-122.581088, 37.980964], [-122.578379, 37.977377], [-122.577203, 37.976287], [-122.574977, 37.975397], [-122.571196, 37.967446], [-122.570863, 37.965118], [-122.570276, 37.963952], [-122.569748, 37.963589], [-122.563977, 37.960776], [-122.562751, 37.959246], [-122.563672, 37.950965], [-122.564997, 37.949605], [-122.565553, 37.949197], [-122.565457, 37.94893], [-122.565271, 37.948553], [-122.56466, 37.947934], [-122.563988, 37.947648], [-122.562882, 37.947453], [-122.559674, 37.946915], [-122.554727, 37.945447], [-122.549641, 37.941953], [-122.548659, 37.941224], [-122.548493, 37.941173], [-122.548258, 37.941098], [-122.542342, 37.935727], [-122.542375, 37.93382], [-122.542011, 37.928887], [-122.541378, 37.92861], [-122.540322, 37.928289], [-122.535003, 37.925081], [-122.532096, 37.920451], [-122.531813, 37.919781], [-122.531755, 37.919696], [-122.528127, 37.917895], [-122.526131, 37.917265], [-122.525544, 37.916958], [-122.524837, 37.916569], [-122.524515, 37.91669], [-122.522731, 37.91696], [-122.52227, 37.916944], [-122.521534, 37.908009], [-122.52479, 37.907568], [-122.526354, 37.906898], [-122.526469, 37.906715], [-122.527773, 37.904587], [-122.527822, 37.904507], [-122.527571, 37.900312], [-122.52749, 37.900179], [-122.525681, 37.899282], [-122.520399, 37.892035], [-122.518979, 37.886891], [-122.518682, 37.881463], [-122.518665, 37.88102], [-122.518487, 37.880834], [-122.515067, 37.881158], [-122.514926, 37.881359], [-122.514985, 37.881937], [-122.515012, 37.884188], [-122.515041, 37.886503], [-122.515049, 37.889224], [-122.51502, 37.889961], [-122.511147, 37.896615], [-122.505651, 37.897466], [-122.505262, 37.897385], [-122.504148, 37.900737], [-122.504374, 37.900874], [-122.504695, 37.900956], [-122.505237, 37.901118], [-122.50642, 37.901664], [-122.508504, 37.904049], [-122.506009, 37.910928], [-122.50038, 37.916248], [-122.49726, 37.918893], [-122.496465, 37.921493], [-122.496522, 37.921584], [-122.498592, 37.922237], [-122.502098, 37.923322], [-122.505167, 37.923949], [-122.508139, 37.925761], [-122.512453, 37.931664], [-122.512639, 37.932463], [-122.512696, 37.938693], [-122.505741, 37.94431], [-122.505288, 37.944287], [-122.500573, 37.942422], [-122.499066, 37.942032], [-122.496836, 37.941628], [-122.489007, 37.943153], [-122.488513, 37.943077], [-122.48417, 37.941374], [-122.481793, 37.940166], [-122.472834, 37.939769], [-122.47123, 37.939424], [-122.469182, 37.938956], [-122.463327, 37.937386], [-122.459435, 37.936165], [-122.455535, 37.934942], [-122.454795, 37.934725], [-122.45335, 37.93434], [-122.451855, 37.934025], [-122.450439, 37.933789], [-122.449709, 37.933691], [-122.448988, 37.933613], [-122.448208, 37.933552], [-122.444673, 37.933311], [-122.441155, 37.933071], [-122.437636, 37.932831], [-122.434118, 37.932591], [-122.430829, 37.932376], [-122.427544, 37.932161], [-122.424259, 37.931946], [-122.420975, 37.931731], [-122.41769, 37.931516], [-122.414405, 37.931301], [-122.410856, 37.931047], [-122.407297, 37.930793], [-122.405582, 37.930486], [-122.40347, 37.930222], [-122.402729, 37.930149], [-122.396241, 37.927993], [-122.393607, 37.925658], [-122.391151, 37.922194], [-122.390536, 37.921588], [-122.389871, 37.921291], [-122.388081, 37.912727], [-122.388535, 37.91219], [-122.388959, 37.910951], [-122.386645, 37.908214], [-122.38624, 37.908228], [-122.386101, 37.908238], [-122.385183, 37.908341], [-122.385138, 37.908346], [-122.384555, 37.908426], [-122.384143, 37.908534], [-122.383676, 37.908717], [-122.379221, 37.90944], [-122.374314, 37.90654], [-122.373859, 37.906097], [-122.371875, 37.904804], [-122.370312, 37.903716], [-122.370017, 37.903516], [-122.368895, 37.902953], [-122.368046, 37.902846], [-122.367517, 37.902931], [-122.366824, 37.903215], [-122.366196, 37.903837], [-122.364028, 37.905686], [-122.357499, 37.910048], [-122.349572, 37.907305], [-122.345702, 37.907014], [-122.34502, 37.906932], [-122.340719, 37.909263], [-122.340137, 37.909479], [-122.339511, 37.90979], [-122.331881, 37.913391], [-122.32803, 37.910159], [-122.32747, 37.909618], [-122.326895, 37.909309], [-122.326447, 37.909181], [-122.325908, 37.90913], [-122.322329, 37.9072], [-122.32464, 37.898859], [-122.324598, 37.898763], [-122.323857, 37.898133], [-122.322534, 37.897293], [-122.321525, 37.896829], [-122.318842, 37.896547], [-122.315376, 37.889561], [-122.315387, 37.889489], [-122.315365, 37.889464], [-122.313917, 37.880602], [-122.313546, 37.879908], [-122.313468, 37.871947], [-122.316256, 37.87028], [-122.317253, 37.87011], [-122.317488, 37.870072], [-122.318477, 37.869901], [-122.318799, 37.869845], [-122.319525, 37.869698], [-122.317635, 37.864398], [-122.317344, 37.863308], [-122.31722, 37.862851], [-122.316859, 37.861606], [-122.31633, 37.859782], [-122.316147, 37.859744], [-122.316069, 37.859759], [-122.312802, 37.861286], [-122.312611, 37.861336], [-122.311696, 37.861895], [-122.303969, 37.860432], [-122.303163, 37.857519], [-122.302358, 37.854607], [-122.302521, 37.848569], [-122.3026, 37.848181], [-122.30263, 37.847673], [-122.302555, 37.847119], [-122.302306, 37.84643], [-122.305232, 37.838771], [-122.308761, 37.838883], [-122.313918, 37.841521], [-122.314572, 37.840427], [-122.314872, 37.839866], [-122.314953, 37.839351], [-122.31497, 37.83914], [-122.314977, 37.838863], [-122.31493, 37.838485], [-122.314895, 37.838173], [-122.314677, 37.83764], [-122.313677, 37.837215], [-122.313405, 37.837165], [-122.313206, 37.83716], [-122.308771, 37.835283], [-122.311251, 37.826991], [-122.311538, 37.826866], [-122.314764, 37.826465], [-122.315918, 37.826221], [-122.317487, 37.825926], [-122.319071, 37.82539], [-122.319571, 37.825234], [-122.320377, 37.824946], [-122.32157, 37.824627], [-122.32189, 37.824565], [-122.323314, 37.824364], [-122.324227, 37.824263], [-122.327903, 37.823983], [-122.329335, 37.823867], [-122.330673, 37.823737], [-122.33201, 37.823587], [-122.33334, 37.823416], [-122.337519, 37.822806], [-122.341698, 37.822196], [-122.345877, 37.821586], [-122.350079, 37.820972], [-122.350981, 37.820826], [-122.351865, 37.820635], [-122.352743, 37.820397], [-122.353614, 37.820107], [-122.361653, 37.823678], [-122.362216, 37.824539], [-122.36394, 37.827115], [-122.369022, 37.831534], [-122.369111, 37.831543], [-122.374296, 37.82999], [-122.375614, 37.829653], [-122.377105, 37.829324], [-122.377572, 37.828458], [-122.378884, 37.824995], [-122.378714, 37.824134], [-122.377924, 37.822853], [-122.377578, 37.822455], [-122.37646, 37.82197], [-122.372756, 37.814851], [-122.372684, 37.81393], [-122.371668, 37.810129], [-122.374379, 37.803926], [-122.377309, 37.801191], [-122.380239, 37.798457], [-122.383169, 37.795722], [-122.386099, 37.792988], [-122.392833, 37.792463], [-122.393941, 37.792467], [-122.397556, 37.792091], [-122.397812, 37.791891], [-122.39782, 37.791885], [-122.398001, 37.791741], [-122.399947, 37.788625], [-122.405061, 37.782105], [-122.410039, 37.774867], [-122.410466, 37.774529], [-122.409442, 37.771636], [-122.407268, 37.768299], [-122.403685, 37.768645], [-122.398615, 37.776011], [-122.398479, 37.776097], [-122.398112, 37.776384], [-122.391881, 37.782361], [-122.391466, 37.782594], [-122.387752, 37.785148], [-122.387725, 37.78517], [-122.386262, 37.786414], [-122.380713, 37.793091], [-122.377783, 37.795825], [-122.374853, 37.798559], [-122.371923, 37.801294], [-122.368993, 37.804028], [-122.363699, 37.807095], [-122.362882, 37.807511], [-122.356724, 37.813978], [-122.353948, 37.815566], [-122.34973, 37.817], [-122.345465, 37.817623], [-122.341201, 37.818246], [-122.336937, 37.818869], [-122.332708, 37.819486], [-122.330451, 37.81977], [-122.328862, 37.819929], [-122.325388, 37.820195], [-122.324389, 37.820271], [-122.323028, 37.820422], [-122.322002, 37.820565], [-122.321033, 37.820736], [-122.315783, 37.820485], [-122.309936, 37.813725], [-122.312601, 37.811147], [-122.318, 37.81069], [-122.318503, 37.81059], [-122.325333, 37.80912], [-122.325787, 37.809192], [-122.326749, 37.809303], [-122.327631, 37.809351], [-122.328123, 37.809346], [-122.328658, 37.809367], [-122.329472, 37.809304], [-122.330213, 37.809163], [-122.33059, 37.809052], [-122.330981, 37.80891], [-122.331771, 37.808568], [-122.332904, 37.808275], [-122.335196, 37.805621], [-122.332055, 37.804776], [-122.324336, 37.800272], [-122.322714, 37.798638], [-122.319018, 37.798056], [-122.317106, 37.797563], [-122.312606, 37.79609], [-122.30792, 37.794908], [-122.306553, 37.794558], [-122.30503, 37.793871], [-122.302572, 37.786119], [-122.302593, 37.785875], [-122.299259, 37.779591], [-122.297684, 37.777389], [-122.293183, 37.774827], [-122.286321, 37.771688], [-122.284739, 37.769831], [-122.283682, 37.769654], [-122.283377, 37.769649], [-122.276486, 37.76842], [-122.274611, 37.766983], [-122.273835, 37.766446], [-122.271183, 37.76588], [-122.270966, 37.765968], [-122.265556, 37.769344], [-122.262676, 37.771113], [-122.261601, 37.772271], [-122.261579, 37.772862], [-122.261463, 37.775704], [-122.261454, 37.775819], [-122.261495, 37.780021], [-122.259454, 37.787156], [-122.256431, 37.787723], [-122.25503, 37.787503], [-122.254451, 37.787394], [-122.253285, 37.787142], [-122.251917, 37.78678], [-122.250226, 37.786254], [-122.248361, 37.785232], [-122.248021, 37.785087], [-122.247401, 37.784788], [-122.24253, 37.778858], [-122.24236, 37.778235], [-122.241671, 37.771571], [-122.241117, 37.769107], [-122.239954, 37.767117], [-122.239901, 37.76709], [-122.233477, 37.766103], [-122.227023, 37.76254], [-122.226869, 37.76242], [-122.224737, 37.762347], [-122.216217, 37.760052], [-122.215983, 37.759765], [-122.213307, 37.756825], [-122.212463, 37.755662], [-122.208943, 37.751648], [-122.205188, 37.747762], [-122.202485, 37.75014], [-122.203195, 37.750946], [-122.204593, 37.752542], [-122.205993, 37.754141], [-122.201428, 37.761591], [-122.196393, 37.763239], [-122.195249, 37.763157], [-122.19454, 37.763138], [-122.185965, 37.764583], [-122.179642, 37.76353], [-122.177641, 37.763311], [-122.175753, 37.76361], [-122.17415, 37.763804], [-122.167042, 37.762409], [-122.163849, 37.760833], [-122.163445, 37.760617], [-122.163112, 37.760477], [-122.162652, 37.760365], [-122.158338, 37.753949], [-122.1602, 37.751313], [-122.160795, 37.748727], [-122.15903, 37.741765], [-122.158315, 37.740242], [-122.158257, 37.740181], [-122.158035, 37.740035], [-122.157835, 37.739951], [-122.157468, 37.739839], [-122.156618, 37.739738], [-122.151097, 37.740006], [-122.144013, 37.736495], [-122.141377, 37.727892], [-122.141401, 37.727749], [-122.140479, 37.724537], [-122.140447, 37.724495], [-122.135333, 37.718375], [-122.132265, 37.720258], [-122.132712, 37.720986], [-122.13329, 37.721852], [-122.136684, 37.729368], [-122.137718, 37.733056], [-122.13794, 37.733972], [-122.138472, 37.736301], [-122.138627, 37.736859], [-122.138768, 37.73725], [-122.139071, 37.737876], [-122.139282, 37.738238], [-122.139522, 37.73858], [-122.140141, 37.739311], [-122.142333, 37.744479], [-122.143171, 37.747775], [-122.139328, 37.755538], [-122.137194, 37.755791], [-122.134605, 37.7553], [-122.133414, 37.758698], [-122.134405, 37.759045], [-122.134801, 37.759166], [-122.136487, 37.767797], [-122.134174, 37.768715], [-122.133895, 37.768871], [-122.133185, 37.770115], [-122.133187, 37.770242], [-122.133698, 37.771473], [-122.133771, 37.771556], [-122.135652, 37.772014], [-122.14094, 37.773761], [-122.14394, 37.775861], [-122.144387, 37.776212], [-122.144778, 37.776425], [-122.145499, 37.776685], [-122.146194, 37.776797], [-122.149072, 37.776997], [-122.150438, 37.777225], [-122.15396, 37.776663], [-122.161771, 37.777609], [-122.163784, 37.780056], [-122.163814, 37.780109], [-122.163897, 37.780134], [-122.16947, 37.781019], [-122.172864, 37.786837], [-122.169336, 37.791114], [-122.166496, 37.793326], [-122.168954, 37.799139], [-122.16962, 37.799983], [-122.17001, 37.800095], [-122.175065, 37.80355], [-122.17656, 37.806455], [-122.17677, 37.806962], [-122.176883, 37.80715], [-122.179271, 37.809191], [-122.180655, 37.810432], [-122.181333, 37.810782], [-122.181773, 37.810969], [-122.182227, 37.811126], [-122.182829, 37.811287], [-122.185633, 37.811345], [-122.188003, 37.811365], [-122.188817, 37.811497], [-122.189443, 37.811481], [-122.189665, 37.811461], [-122.194591, 37.818893], [-122.193303, 37.82046], [-122.193212, 37.82059], [-122.194066, 37.823318], [-122.191625, 37.829993], [-122.189076, 37.833295], [-122.189221, 37.833965], [-122.190126, 37.836739], [-122.190601, 37.836594], [-122.197155, 37.842561], [-122.198511, 37.845378], [-122.201889, 37.850925], [-122.20212, 37.851414], [-122.202532, 37.851975], [-122.205852, 37.858117], [-122.200911, 37.865439], [-122.200473, 37.865454], [-122.198875, 37.865421], [-122.1928, 37.861111], [-122.192573, 37.860882], [-122.192444, 37.860743], [-122.191664, 37.860733], [-122.191334, 37.860755], [-122.189813, 37.861303], [-122.189594, 37.861609], [-122.189193, 37.862568], [-122.188548, 37.864224], [-122.188213, 37.86499], [-122.188607, 37.86712], [-122.18373, 37.87216], [-122.178924, 37.868726], [-122.178179, 37.867503], [-122.176762, 37.86694], [-122.176341, 37.867024], [-122.174672, 37.868319], [-122.174929, 37.872862], [-122.174751, 37.878372], [-122.174726, 37.878498], [-122.175534, 37.886556], [-122.171436, 37.888168], [-122.169674, 37.889053], [-122.163609, 37.89066], [-122.163527, 37.890662], [-122.157244, 37.89003], [-122.155189, 37.889919], [-122.151185, 37.889513], [-122.150642, 37.893072], [-122.153856, 37.893563], [-122.156648, 37.893982], [-122.158899, 37.894321], [-122.159501, 37.894405], [-122.16055, 37.894511], [-122.161952, 37.894591], [-122.163367, 37.8946], [-122.164099, 37.894576], [-122.169859, 37.894712], [-122.171913, 37.894586], [-122.173858, 37.893627], [-122.174057, 37.893403], [-122.175047, 37.892204], [-122.177147, 37.89001], [-122.17766, 37.889534], [-122.178124, 37.889057], [-122.182478, 37.88582], [-122.18878, 37.885422], [-122.190765, 37.885231], [-122.193216, 37.885017], [-122.19322, 37.885012], [-122.193529, 37.882683], [-122.193379, 37.882501], [-122.19029, 37.88012], [-122.191412, 37.873621], [-122.193433, 37.872105], [-122.195453, 37.870589], [-122.201438, 37.869582], [-122.203562, 37.869031], [-122.204022, 37.868904], [-122.204779, 37.868647], [-122.20755, 37.867799], [-122.214718, 37.869301], [-122.217013, 37.872479], [-122.218434, 37.876465], [-122.218613, 37.877481], [-122.218801, 37.878359], [-122.219376, 37.879203], [-122.219782, 37.879537], [-122.219894, 37.879583], [-122.223061, 37.877947], [-122.223282, 37.876295], [-122.223601, 37.875265], [-122.228446, 37.869091], [-122.228625, 37.869018], [-122.231958, 37.867893], [-122.238883, 37.872885], [-122.238654, 37.875505], [-122.23865, 37.875651], [-122.234255, 37.882905], [-122.234285, 37.883326], [-122.2344, 37.88386], [-122.234596, 37.884313], [-122.234821, 37.884671], [-122.235508, 37.885252], [-122.236088, 37.885475], [-122.240428, 37.893017], [-122.240483, 37.893921], [-122.240598, 37.894496], [-122.241008, 37.895283], [-122.243769, 37.903178], [-122.244547, 37.906693], [-122.244754, 37.906647], [-122.245124, 37.906525], [-122.245783, 37.906177], [-122.246134, 37.905924], [-122.246797, 37.905379], [-122.247179, 37.905101], [-122.248359, 37.904265], [-122.248866, 37.903853], [-122.249748, 37.903274], [-122.258495, 37.904768], [-122.259028, 37.905458], [-122.259519, 37.906011], [-122.260351, 37.906525], [-122.264758, 37.908806], [-122.271933, 37.912969], [-122.272386, 37.913518], [-122.274696, 37.915115], [-122.276455, 37.915827], [-122.282534, 37.921799], [-122.282783, 37.922104], [-122.283337, 37.922645], [-122.284951, 37.924056], [-122.290176, 37.927149], [-122.291952, 37.928744], [-122.296666, 37.934741], [-122.297344, 37.935736], [-122.298043, 37.936201], [-122.298701, 37.936564], [-122.2993, 37.936859], [-122.299404, 37.936879], [-122.306523, 37.938666], [-122.307798, 37.940486], [-122.308107, 37.940855], [-122.308986, 37.941586], [-122.311038, 37.943479], [-122.314071, 37.950098], [-122.314255, 37.95095], [-122.314981, 37.959823], [-122.31268, 37.960598], [-122.308785, 37.960934], [-122.302511, 37.96219], [-122.299167, 37.96021], [-122.290465, 37.961124], [-122.286299, 37.956599], [-122.282191, 37.952281], [-122.281722, 37.9516], [-122.279988, 37.951606], [-122.279354, 37.951681], [-122.278736, 37.951959], [-122.272511, 37.951739], [-122.270366, 37.947747], [-122.268396, 37.943684], [-122.268232, 37.942961], [-122.267868, 37.942234], [-122.267528, 37.941799], [-122.267039, 37.941314], [-122.266637, 37.941015], [-122.266255, 37.940781], [-122.260193, 37.934775], [-122.259432, 37.932793], [-122.259022, 37.931935], [-122.25861, 37.9314], [-122.256306, 37.927684], [-122.255794, 37.926751], [-122.255068, 37.925983], [-122.254724, 37.925741], [-122.254296, 37.925498], [-122.250248, 37.922302], [-122.249943, 37.921964], [-122.249589, 37.921636], [-122.249147, 37.921317], [-122.248842, 37.921145], [-122.245967, 37.919702], [-122.243701, 37.91719], [-122.243125, 37.916628], [-122.242533, 37.916227], [-122.242168, 37.916041], [-122.241743, 37.915869], [-122.24111, 37.915683], [-122.238508, 37.915158], [-122.237796, 37.918687], [-122.242815, 37.921849], [-122.243848, 37.922612], [-122.248207, 37.926458], [-122.248747, 37.927079], [-122.249173, 37.927454], [-122.254288, 37.93379], [-122.257588, 37.938031], [-122.258353, 37.939201], [-122.259794, 37.941409], [-122.260017, 37.941747], [-122.260521, 37.942286], [-122.260911, 37.942603], [-122.261437, 37.942921], [-122.265304, 37.950771], [-122.265318, 37.951478], [-122.262367, 37.958259], [-122.259914, 37.959357], [-122.259454, 37.959621], [-122.259153, 37.959858], [-122.253643, 37.961924], [-122.248322, 37.960562], [-122.246447, 37.961279], [-122.244585, 37.963163], [-122.244193, 37.96353], [-122.24208, 37.966297], [-122.236172, 37.970649], [-122.228606, 37.971516], [-122.222921, 37.969371], [-122.221969, 37.96884], [-122.219196, 37.967967], [-122.218294, 37.967879], [-122.216116, 37.968125], [-122.215614, 37.968264], [-122.215042, 37.96857], [-122.21489, 37.968702], [-122.215763, 37.972195], [-122.222351, 37.973959], [-122.224401, 37.974914], [-122.224997, 37.975153], [-122.225574, 37.975251], [-122.229563, 37.976347], [-122.2303, 37.976625], [-122.230747, 37.976703], [-122.231457, 37.976714], [-122.231995, 37.976655], [-122.234622, 37.975838], [-122.235428, 37.975438], [-122.241396, 37.973641], [-122.24188, 37.973602], [-122.24464, 37.973682], [-122.245765, 37.973959], [-122.248106, 37.982182], [-122.247316, 37.985695], [-122.244221, 37.990369], [-122.238513, 37.991025], [-122.236597, 37.990046], [-122.235019, 37.989397], [-122.231092, 37.988861], [-122.229714, 37.988487], [-122.229308, 37.988713], [-122.228834, 37.989078], [-122.228476, 37.989459], [-122.228197, 37.989875], [-122.227975, 37.990369], [-122.227759, 37.991393], [-122.229696, 37.994815], [-122.231177, 37.995378], [-122.231465, 37.995464], [-122.23644, 38.002268], [-122.231343, 38.008896], [-122.228475, 38.007988], [-122.226764, 38.00719], [-122.225936, 38.006864], [-122.225413, 38.006692], [-122.224824, 38.00653], [-122.221538, 38.006044], [-122.220479, 38.006072], [-122.219868, 38.006041], [-122.217611, 38.005598], [-122.216596, 38.005505], [-122.214748, 38.005372], [-122.20836, 38.001153], [-122.207146, 37.99968], [-122.206581, 37.999051], [-122.205927, 37.998204], [-122.205324, 37.997677], [-122.204544, 37.997209], [-122.204059, 37.997022], [-122.202808, 37.996504], [-122.201794, 37.995977], [-122.200547, 37.995422], [-122.199135, 37.994774], [-122.198711, 37.994631], [-122.197857, 37.99431], [-122.196589, 37.997679], [-122.197631, 38.001835], [-122.190116, 38.005023], [-122.188574, 38.003661], [-122.185327, 38.005215], [-122.184095, 38.011407], [-122.17767, 38.012055], [-122.176517, 38.011128], [-122.176217, 38.010869], [-122.175629, 38.010311], [-122.174604, 38.009209], [-122.173945, 38.008551], [-122.173048, 38.007778], [-122.170858, 37.99994], [-122.17141, 37.996383], [-122.171103, 37.996335], [-122.169971, 37.996288], [-122.169616, 37.996309], [-122.160664, 37.99601], [-122.159907, 37.995936], [-122.15815, 37.995973], [-122.154192, 37.995614], [-122.153578, 37.995482], [-122.151813, 37.995253], [-122.144522, 37.991226], [-122.142971, 37.988265], [-122.142066, 37.987789], [-122.139912, 37.9867], [-122.139014, 37.986345], [-122.137591, 37.986295], [-122.137116, 37.986396], [-122.13486, 37.986966], [-122.130031, 37.9866], [-122.127257, 37.982013], [-122.126835, 37.981133], [-122.12529, 37.981025], [-122.124636, 37.981152], [-122.123729, 37.981535], [-122.122033, 37.983555], [-122.116811, 37.990414], [-122.108318, 37.992768], [-122.105166, 37.991532], [-122.105012, 37.991462], [-122.102986, 37.990426], [-122.102579, 37.990219], [-122.100045, 37.989512], [-122.099307, 37.989269], [-122.098523, 37.989059], [-122.097569, 37.988867], [-122.096921, 37.988773], [-122.096405, 37.992336], [-122.103691, 37.994812], [-122.106997, 37.996116], [-122.110303, 37.997421], [-122.111203, 37.997729], [-122.111619, 37.997848], [-122.112217, 37.997987], [-122.11281, 37.998096], [-122.113422, 37.998175], [-122.114036, 37.998224], [-122.114642, 37.998243], [-122.115254, 37.998235], [-122.115861, 37.998198], [-122.116473, 37.998129], [-122.11999, 37.997919], [-122.121734, 37.997971], [-122.129918, 38.000801], [-122.131435, 38.002789], [-122.131458, 38.002792], [-122.131618, 38.002807], [-122.131642, 38.002808], [-122.13349, 38.001254], [-122.133492, 38.001235], [-122.13509, 37.997151], [-122.143788, 37.998021], [-122.144798, 37.999449], [-122.14513, 37.999975], [-122.145504, 38.00046], [-122.145913, 38.000907], [-122.146366, 38.001327], [-122.147008, 38.001814], [-122.147557, 38.00216], [-122.149544, 38.00323], [-122.15144, 38.004248], [-122.152167, 38.004704], [-122.153728, 38.005747], [-122.154238, 38.00605], [-122.154773, 38.006327], [-122.15519, 38.006509], [-122.155764, 38.006722], [-122.156351, 38.006901], [-122.156965, 38.007049], [-122.157397, 38.007129], [-122.158024, 38.007207], [-122.15935, 38.007294], [-122.166038, 38.008677], [-122.16951, 38.011245], [-122.173029, 38.013848], [-122.176513, 38.019965], [-122.176765, 38.020379], [-122.177799, 38.022032], [-122.178273, 38.022803], [-122.181791, 38.026957], [-122.182403, 38.027371], [-122.186182, 38.03023], [-122.186956, 38.031052], [-122.187946, 38.031931], [-122.190383, 38.033918], [-122.192607, 38.036228], [-122.190766, 38.043505], [-122.190426, 38.043758], [-122.18874, 38.046481], [-122.189541, 38.047248], [-122.191258, 38.048094], [-122.195502, 38.051151], [-122.196519, 38.051815], [-122.197917, 38.05264], [-122.198404, 38.052952], [-122.199771, 38.053777], [-122.20004, 38.053867], [-122.203872, 38.054423], [-122.205753, 38.054958], [-122.209285, 38.055511], [-122.211141, 38.0557], [-122.212294, 38.055872], [-122.216871, 38.057721], [-122.223585, 38.063524], [-122.224983, 38.067462], [-122.225057, 38.067952], [-122.225299, 38.068778], [-122.225736, 38.071219], [-122.222807, 38.07909], [-122.214639, 38.078779], [-122.214436, 38.078687], [-122.212648, 38.079087], [-122.209805, 38.08082], [-122.20757, 38.081801], [-122.201258, 38.082385], [-122.194879, 38.077753], [-122.194412, 38.077144], [-122.193976, 38.076782], [-122.193656, 38.07659], [-122.189768, 38.073636], [-122.188629, 38.072211], [-122.185817, 38.074458], [-122.186955, 38.075883], [-122.188094, 38.077309], [-122.189963, 38.079666], [-122.190516, 38.080293], [-122.19111, 38.080911], [-122.191664, 38.081429], [-122.192106, 38.08181], [-122.192801, 38.082363], [-122.193425, 38.08281], [-122.194382, 38.08344], [-122.195329, 38.083986], [-122.195976, 38.084312], [-122.196611, 38.084601], [-122.197427, 38.084942], [-122.19793, 38.085133], [-122.199173, 38.085547], [-122.200316, 38.08586], [-122.206408, 38.089751], [-122.206912, 38.090243], [-122.207043, 38.090315], [-122.20829, 38.090979], [-122.208404, 38.091041], [-122.211147, 38.098381], [-122.209739, 38.100178], [-122.209738, 38.100265], [-122.211116, 38.101981], [-122.217394, 38.106031], [-122.219307, 38.109941], [-122.221587, 38.11356], [-122.223427, 38.116042], [-122.224625, 38.12316], [-122.224511, 38.128643], [-122.222334, 38.132103], [-122.222111, 38.132411], [-122.221664, 38.133109], [-122.22452, 38.134964], [-122.224698, 38.135047], [-122.225144, 38.134349], [-122.227547, 38.130577], [-122.229948, 38.126807], [-122.230515, 38.125908], [-122.230732, 38.125528], [-122.231105, 38.124786], [-122.231301, 38.124332], [-122.231774, 38.122871], [-122.231922, 38.122178], [-122.232, 38.121668], [-122.232048, 38.121218], [-122.232082, 38.12029], [-122.232069, 38.119771], [-122.235651, 38.111539], [-122.236539, 38.109759], [-122.236543, 38.109558], [-122.240619, 38.102688], [-122.24792, 38.102796], [-122.248265, 38.102802], [-122.248268, 38.102802], [-122.24844, 38.102804], [-122.252007, 38.100884], [-122.255037, 38.097881], [-122.255604, 38.096972], [-122.255605, 38.096971], [-122.255475, 38.095194], [-122.250967, 38.091135], [-122.247053, 38.085573], [-122.241483, 38.082111], [-122.238857, 38.074261], [-122.238794, 38.073532], [-122.237081, 38.072104], [-122.235729, 38.070654], [-122.234662, 38.069598], [-122.233284, 38.0675], [-122.231774, 38.066193], [-122.233231, 38.057428], [-122.234013, 38.057302], [-122.235562, 38.056931], [-122.235946, 38.056855], [-122.238254, 38.056312], [-122.241369, 38.055804], [-122.242073, 38.055649], [-122.246178, 38.052152], [-122.250383, 38.051774], [-122.254745, 38.05152], [-122.255795, 38.051504], [-122.256534, 38.051288], [-122.258687, 38.048859], [-122.259242, 38.047733], [-122.259401, 38.047197], [-122.259649, 38.04632], [-122.26638, 38.040639], [-122.270902, 38.038705], [-122.271401, 38.038123], [-122.272934, 38.033778], [-122.278101, 38.026874], [-122.278989, 38.026182], [-122.285574, 38.020243], [-122.286505, 38.01997], [-122.287454, 38.019376], [-122.291969, 38.015805], [-122.296219, 38.012198], [-122.303518, 38.009349], [-122.312172, 38.009891], [-122.31441, 38.010329], [-122.314853, 38.010335], [-122.315254, 38.010295], [-122.315896, 38.010116], [-122.319351, 38.008376], [-122.324899, 38.006015], [-122.32535, 38.005801], [-122.326602, 38.005049], [-122.327438, 38.003971], [-122.331368, 37.999281], [-122.336279, 37.999219], [-122.338881, 38.00024], [-122.340846, 38.000146], [-122.34516, 37.999826], [-122.352569, 37.999651], [-122.356996, 37.994322], [-122.357082, 37.994143], [-122.356309, 37.990018], [-122.356184, 37.988049], [-122.356673, 37.984894], [-122.357832, 37.98268], [-122.358467, 37.981631], [-122.366891, 37.980425], [-122.367205, 37.979706], [-122.367261, 37.979582], [-122.369807, 37.974662], [-122.376091, 37.971389], [-122.378386, 37.971176], [-122.380158, 37.969078], [-122.379992, 37.968201], [-122.378081, 37.963186], [-122.381407, 37.957684], [-122.381975, 37.957134], [-122.389358, 37.955474], [-122.391213, 37.956768], [-122.391664, 37.956924], [-122.392135, 37.956984], [-122.392535, 37.956965], [-122.392879, 37.956902], [-122.395481, 37.956199], [-122.394542, 37.952723], [-122.390386, 37.948327], [-122.389392, 37.945279], [-122.389318, 37.944911], [-122.389254, 37.944718], [-122.387457, 37.942974], [-122.386664, 37.941707], [-122.384954, 37.937815], [-122.391124, 37.933045], [-122.392976, 37.93389], [-122.393713, 37.934161], [-122.394163, 37.934286], [-122.394767, 37.934406], [-122.395377, 37.934486], [-122.395813, 37.934514], [-122.396432, 37.934519], [-122.39685, 37.934495], [-122.397282, 37.934449], [-122.397883, 37.93435], [-122.404477, 37.935336], [-122.408017, 37.941336], [-122.408088, 37.941768], [-122.40835, 37.942758], [-122.408749, 37.943736], [-122.409536, 37.94498], [-122.410269, 37.945659], [-122.410592, 37.945863], [-122.414907, 37.952168], [-122.410914, 37.957104], [-122.410083, 37.958687], [-122.409894, 37.959232], [-122.409805, 37.959719], [-122.409777, 37.9605], [-122.409905, 37.961063], [-122.410245, 37.961757], [-122.412573, 37.963006], [-122.414989, 37.963742], [-122.422207, 37.965454], [-122.423171, 37.965492], [-122.42373, 37.965305], [-122.425001, 37.964586], [-122.425197, 37.964478], [-122.425813, 37.963915], [-122.426959, 37.962189], [-122.427335, 37.961689], [-122.426527, 37.959656], [-122.423213, 37.95445], [-122.420535, 37.951061], [-122.418997, 37.947796], [-122.415248, 37.944762], [-122.414968, 37.94453], [-122.413321, 37.938568], [-122.417455, 37.935108], [-122.420739, 37.935323], [-122.424024, 37.935538], [-122.427309, 37.935753], [-122.430593, 37.935968], [-122.433873, 37.936183], [-122.437392, 37.936423], [-122.44091, 37.936663], [-122.444428, 37.936902], [-122.44793, 37.937141], [-122.449852, 37.937341], [-122.451119, 37.937549], [-122.453784, 37.93818], [-122.454457, 37.938377], [-122.458357, 37.9396], [-122.462265, 37.940826], [-122.465074, 37.941693], [-122.467932, 37.942575], [-122.468632, 37.942767], [-122.469887, 37.943045], [-122.473639, 37.943709], [-122.481002, 37.946255], [-122.48282, 37.946928], [-122.48526, 37.94721], [-122.489992, 37.954396], [-122.490152, 37.95489], [-122.492996, 37.960801], [-122.492085, 37.964724], [-122.492052, 37.964794], [-122.486745, 37.971909], [-122.484545, 37.972863], [-122.483566, 37.973154], [-122.481122, 37.973726], [-122.479513, 37.973916], [-122.475944, 37.974931], [-122.475562, 37.975086], [-122.475185, 37.975293], [-122.474725, 37.975637], [-122.47433, 37.976062], [-122.474145, 37.976322], [-122.473721, 37.977005], [-122.468833, 37.982496], [-122.467128, 37.98314], [-122.466574, 37.983451], [-122.466197, 37.983758], [-122.465919, 37.984032], [-122.464934, 37.985306], [-122.464881, 37.985472], [-122.466349, 37.986947], [-122.466504, 37.987039], [-122.468466, 37.986577], [-122.476053, 37.986923], [-122.47882, 37.988402], [-122.480637, 37.988483], [-122.481042, 37.988381], [-122.482407, 37.988087], [-122.482374, 37.987718], [-122.482084, 37.986734], [-122.488578, 37.980807], [-122.493682, 37.981691], [-122.498725, 37.981867], [-122.501335, 37.982251], [-122.501652, 37.982327], [-122.502954, 37.982746], [-122.50828, 37.989609], [-122.509195, 37.991921], [-122.509211, 37.991973], [-122.512607, 37.992199], [-122.513076, 37.992256], [-122.513578, 37.992206], [-122.514494, 37.991736], [-122.514943, 37.991185], [-122.516009, 37.990069], [-122.516538, 37.989582], [-122.524157, 37.988024], [-122.52376, 37.995039], [-122.52331, 37.995884], [-122.522986, 37.997799], [-122.520769, 38.001733], [-122.517286, 38.005902], [-122.516319, 38.006727], [-122.510777, 38.008326], [-122.506434, 38.010646], [-122.501259, 38.009758], [-122.50038, 38.009481], [-122.496697, 38.00782], [-122.496087, 38.007539], [-122.495599, 38.007413], [-122.494502, 38.00723], [-122.493658, 38.009929], [-122.493909, 38.010781], [-122.495798, 38.012397], [-122.496189, 38.012744], [-122.496656, 38.013003], [-122.501258, 38.015622], [-122.501738, 38.015818], [-122.502424, 38.015895], [-122.502969, 38.015819], [-122.503263, 38.015722], [-122.504821, 38.015184], [-122.513268, 38.01664], [-122.51497, 38.017974], [-122.519276, 38.023939], [-122.5201, 38.027243], [-122.52018, 38.027247], [-122.520988, 38.027106], [-122.525645, 38.03469], [-122.528681, 38.0366], [-122.531964, 38.044639], [-122.523808, 38.045755], [-122.52364, 38.045719], [-122.521978, 38.046445], [-122.521893, 38.046586], [-122.51943, 38.054903], [-122.520988, 38.05883], [-122.521703, 38.06067], [-122.523439, 38.061162], [-122.523564, 38.061179], [-122.523643, 38.061188], [-122.526631, 38.062007], [-122.532331, 38.068644], [-122.532302, 38.071192], [-122.532303, 38.071193], [-122.533668, 38.072077], [-122.5351, 38.073115], [-122.540079, 38.076051], [-122.539602, 38.081076], [-122.537765, 38.082781], [-122.537129, 38.083144], [-122.536236, 38.083725], [-122.534272, 38.085245], [-122.532489, 38.08663], [-122.529126, 38.089224], [-122.525762, 38.09182], [-122.524141, 38.093073], [-122.522521, 38.094327], [-122.524723, 38.097174], [-122.526344, 38.095921], [-122.527964, 38.094668], [-122.531325, 38.092075], [-122.534688, 38.08948], [-122.53648, 38.088088], [-122.538425, 38.086583], [-122.539073, 38.086174], [-122.53954, 38.085913], [-122.544526, 38.08449], [-122.551649, 38.087749], [-122.555535, 38.092447], [-122.559898, 38.098552], [-122.563497, 38.098602], [-122.563504, 38.098135]]], "type": "Polygon"}}, {"type": "Feature", "properties": {"group_index": 0, "value": 2700.0, "center": [-122.3847996, 37.9102096], "area": 2247245152.96, "minutes": 45}, "geometry": {"coordinates": [[[-122.676086, 38.274622], [-122.674193, 38.273181], [-122.67253, 38.271845], [-122.672063, 38.271495], [-122.670057, 38.269951], [-122.66626, 38.266774], [-122.665249, 38.265916], [-122.66412, 38.264926], [-122.663693, 38.264587], [-122.663337, 38.264322], [-122.662238, 38.263617], [-122.660104, 38.262398], [-122.658488, 38.261522], [-122.655988, 38.260109], [-122.65346, 38.25868], [-122.650932, 38.257251], [-122.648404, 38.255823], [-122.646624, 38.254825], [-122.64485, 38.25383], [-122.64195, 38.252288], [-122.640001, 38.251269], [-122.639062, 38.243582], [-122.636103, 38.237493], [-122.637283, 38.233001], [-122.637593, 38.232502], [-122.637293, 38.230721], [-122.636645, 38.227402], [-122.63479, 38.223481], [-122.63076, 38.221027], [-122.628049, 38.218937], [-122.626492, 38.21839], [-122.625903, 38.218457], [-122.625862, 38.218461], [-122.625486, 38.218494], [-122.622908, 38.219475], [-122.622159, 38.219679], [-122.621726, 38.219875], [-122.620777, 38.220418], [-122.620214, 38.220731], [-122.611771, 38.219596], [-122.610816, 38.218222], [-122.610565, 38.217963], [-122.610155, 38.21767], [-122.60362, 38.212378], [-122.602469, 38.209839], [-122.601289, 38.207235], [-122.600496, 38.201947], [-122.600696, 38.200443], [-122.600909, 38.199214], [-122.601235, 38.197719], [-122.60156, 38.196481], [-122.602446, 38.193472], [-122.603034, 38.191659], [-122.60335, 38.190599], [-122.603563, 38.189755], [-122.603681, 38.189111], [-122.610963, 38.183926], [-122.614151, 38.184529], [-122.614787, 38.184591], [-122.615215, 38.184616], [-122.617182, 38.18468], [-122.619163, 38.184745], [-122.620087, 38.184768], [-122.620715, 38.184763], [-122.622213, 38.184743], [-122.62705, 38.191546], [-122.625181, 38.193986], [-122.624955, 38.194254], [-122.624016, 38.195272], [-122.6237, 38.19569], [-122.623292, 38.196167], [-122.62333, 38.196688], [-122.624412, 38.199588], [-122.62538, 38.199272], [-122.625812, 38.199066], [-122.626265, 38.198695], [-122.628626, 38.195989], [-122.629314, 38.195251], [-122.629759, 38.194743], [-122.630095, 38.194181], [-122.633236, 38.189501], [-122.634018, 38.188721], [-122.64216, 38.187044], [-122.64289, 38.187292], [-122.64362, 38.187479], [-122.644023, 38.187552], [-122.64449, 38.187605], [-122.645251, 38.187637], [-122.646645, 38.187638], [-122.649591, 38.187639], [-122.65377, 38.188324], [-122.655178, 38.18501], [-122.653616, 38.184292], [-122.653333, 38.184172], [-122.652931, 38.184049], [-122.64887, 38.182494], [-122.640186, 38.181485], [-122.639641, 38.181273], [-122.639209, 38.18113], [-122.638761, 38.181028], [-122.637836, 38.180961], [-122.637242, 38.180957], [-122.636898, 38.180975], [-122.636229, 38.181092], [-122.630754, 38.181475], [-122.626789, 38.18094], [-122.626392, 38.180897], [-122.626009, 38.180885], [-122.625367, 38.180897], [-122.623684, 38.180938], [-122.623136, 38.180991], [-122.619255, 38.181146], [-122.6173, 38.181082], [-122.611639, 38.18039], [-122.60687, 38.17921], [-122.606105, 38.179022], [-122.600905, 38.177385], [-122.597833, 38.175966], [-122.593288, 38.173416], [-122.591579, 38.172158], [-122.589549, 38.170648], [-122.587512, 38.169133], [-122.586715, 38.168563], [-122.584251, 38.167004], [-122.577825, 38.161332], [-122.577264, 38.160872], [-122.572932, 38.153262], [-122.5717, 38.151495], [-122.567204, 38.145597], [-122.566709, 38.143081], [-122.566466, 38.139651], [-122.566267, 38.13716], [-122.56619, 38.135936], [-122.565967, 38.133201], [-122.57266, 38.129407], [-122.574602, 38.129957], [-122.581988, 38.126524], [-122.588351, 38.126157], [-122.59474, 38.127354], [-122.601204, 38.129422], [-122.60181, 38.129576], [-122.604637, 38.127936], [-122.609898, 38.122602], [-122.613434, 38.12218], [-122.618654, 38.122683], [-122.619482, 38.122973], [-122.621656, 38.123791], [-122.62349, 38.12452], [-122.624196, 38.124767], [-122.624657, 38.124888], [-122.625081, 38.124941], [-122.625739, 38.12494], [-122.626229, 38.124877], [-122.626679, 38.124779], [-122.627276, 38.124577], [-122.635573, 38.122426], [-122.636625, 38.122375], [-122.637076, 38.122315], [-122.637498, 38.122204], [-122.637883, 38.122046], [-122.646386, 38.120171], [-122.646783, 38.1201], [-122.647105, 38.119998], [-122.647558, 38.119797], [-122.655357, 38.118188], [-122.657555, 38.118858], [-122.658584, 38.119133], [-122.659147, 38.119212], [-122.667534, 38.122337], [-122.669094, 38.124093], [-122.670532, 38.126228], [-122.670905, 38.126606], [-122.6713, 38.126907], [-122.672777, 38.127872], [-122.674746, 38.124858], [-122.670904, 38.120526], [-122.670503, 38.120081], [-122.667836, 38.117501], [-122.667061, 38.116682], [-122.666272, 38.116151], [-122.665637, 38.115886], [-122.65894, 38.112339], [-122.654624, 38.111684], [-122.653946, 38.111654], [-122.652616, 38.112242], [-122.650141, 38.114229], [-122.64919, 38.114758], [-122.643138, 38.115789], [-122.637095, 38.112002], [-122.633621, 38.112943], [-122.626949, 38.109637], [-122.621092, 38.102865], [-122.620794, 38.102108], [-122.619471, 38.10121], [-122.6171, 38.100247], [-122.616674, 38.100247], [-122.616361, 38.100275], [-122.615691, 38.100511], [-122.607256, 38.099904], [-122.604417, 38.095967], [-122.60119, 38.089992], [-122.592898, 38.089103], [-122.590538, 38.086521], [-122.59007, 38.085741], [-122.588135, 38.084176], [-122.587671, 38.084051], [-122.582964, 38.076741], [-122.582941, 38.076647], [-122.581859, 38.076169], [-122.580024, 38.07566], [-122.579865, 38.075664], [-122.578223, 38.075649], [-122.575369, 38.074569], [-122.57331, 38.074479], [-122.573369, 38.065579], [-122.573947, 38.065494], [-122.574473, 38.065319], [-122.575068, 38.064957], [-122.575606, 38.064348], [-122.580478, 38.061551], [-122.580101, 38.061215], [-122.579801, 38.061064], [-122.577477, 38.059641], [-122.575892, 38.05913], [-122.574919, 38.059284], [-122.568055, 38.058328], [-122.562205, 38.059229], [-122.561635, 38.059318], [-122.560056, 38.059478], [-122.559419, 38.05946], [-122.559217, 38.059471], [-122.558204, 38.060177], [-122.549321, 38.061175], [-122.549177, 38.060808], [-122.546761, 38.060463], [-122.543115, 38.058797], [-122.54459, 38.051651], [-122.547876, 38.049937], [-122.551187, 38.050237], [-122.551821, 38.050441], [-122.549461, 38.046704], [-122.550967, 38.040208], [-122.553142, 38.033687], [-122.553673, 38.032898], [-122.556435, 38.030291], [-122.560706, 38.028318], [-122.567522, 38.030634], [-122.568137, 38.031261], [-122.568547, 38.031484], [-122.569392, 38.031802], [-122.574104, 38.033956], [-122.574526, 38.034234], [-122.574816, 38.034376], [-122.581602, 38.035572], [-122.583911, 38.038124], [-122.591402, 38.038122], [-122.591928, 38.038226], [-122.592207, 38.038254], [-122.597919, 38.039672], [-122.60374, 38.041793], [-122.604117, 38.041966], [-122.608159, 38.043817], [-122.608635, 38.044064], [-122.60995, 38.044714], [-122.610479, 38.044949], [-122.611884, 38.04543], [-122.612308, 38.045542], [-122.620313, 38.049006], [-122.622092, 38.049818], [-122.622799, 38.049963], [-122.623241, 38.049999], [-122.623753, 38.049983], [-122.626808, 38.049671], [-122.628095, 38.049556], [-122.628618, 38.049422], [-122.62894, 38.049281], [-122.629426, 38.048985], [-122.630128, 38.048278], [-122.634622, 38.045913], [-122.641773, 38.049186], [-122.642254, 38.05072], [-122.642439, 38.051129], [-122.642678, 38.051474], [-122.643026, 38.051845], [-122.643572, 38.052293], [-122.646491, 38.0544], [-122.646937, 38.054699], [-122.6476, 38.055091], [-122.648006, 38.055285], [-122.650421, 38.056511], [-122.650761, 38.056677], [-122.651121, 38.056815], [-122.652059, 38.057119], [-122.652816, 38.05739], [-122.6535, 38.057645], [-122.653893, 38.057768], [-122.654565, 38.057937], [-122.654963, 38.058013], [-122.655672, 38.058109], [-122.656974, 38.05822], [-122.66106, 38.058302], [-122.661445, 38.05834], [-122.661819, 38.058331], [-122.662236, 38.058273], [-122.66264, 38.058172], [-122.66392, 38.057866], [-122.666841, 38.056184], [-122.669569, 38.054795], [-122.670173, 38.054491], [-122.670685, 38.05417], [-122.67203, 38.053309], [-122.673538, 38.05237], [-122.674189, 38.051991], [-122.675409, 38.051218], [-122.673481, 38.048177], [-122.671111, 38.04944], [-122.670591, 38.049765], [-122.667137, 38.051804], [-122.666687, 38.051978], [-122.666186, 38.052245], [-122.659699, 38.054461], [-122.651209, 38.052507], [-122.645307, 38.045957], [-122.644868, 38.0449], [-122.644687, 38.04452], [-122.643906, 38.043288], [-122.643733, 38.043034], [-122.643275, 38.04258], [-122.642757, 38.042257], [-122.642324, 38.042087], [-122.641759, 38.041972], [-122.641229, 38.041914], [-122.638867, 38.041489], [-122.63758, 38.041196], [-122.636895, 38.041128], [-122.635766, 38.04113], [-122.635203, 38.041206], [-122.634636, 38.041435], [-122.632655, 38.042256], [-122.630875, 38.042849], [-122.63033, 38.043003], [-122.629775, 38.043249], [-122.629435, 38.043455], [-122.620717, 38.043128], [-122.619902, 38.042819], [-122.617249, 38.042445], [-122.615461, 38.04204], [-122.608829, 38.039316], [-122.608395, 38.039035], [-122.607874, 38.038861], [-122.60451, 38.037241], [-122.603834, 38.036871], [-122.603276, 38.036737], [-122.600249, 38.035789], [-122.599279, 38.035312], [-122.596672, 38.034847], [-122.596463, 38.034781], [-122.595762, 38.034581], [-122.595386, 38.034502], [-122.595036, 38.03446], [-122.594526, 38.034461], [-122.591179, 38.033636], [-122.589678, 38.032726], [-122.589325, 38.032542], [-122.588595, 38.032244], [-122.588031, 38.032032], [-122.587634, 38.031904], [-122.584358, 38.03005], [-122.584018, 38.029697], [-122.583539, 38.0293], [-122.583071, 38.028992], [-122.582148, 38.020578], [-122.588889, 38.019623], [-122.588984, 38.019652], [-122.589338, 38.019677], [-122.589696, 38.019714], [-122.590218, 38.019798], [-122.590452, 38.019789], [-122.590632, 38.019737], [-122.591687, 38.019445], [-122.591861, 38.019385], [-122.591929, 38.01934], [-122.592032, 38.019222], [-122.592345, 38.018767], [-122.595596, 38.014763], [-122.596511, 38.013018], [-122.596561, 38.012693], [-122.596645, 38.012149], [-122.597363, 38.006891], [-122.604483, 38.003527], [-122.60563, 38.003693], [-122.61334, 38.00706], [-122.614639, 38.008534], [-122.615179, 38.009073], [-122.615699, 38.009394], [-122.619924, 38.013203], [-122.621772, 38.013426], [-122.62223, 38.013513], [-122.622878, 38.013552], [-122.623269, 38.013526], [-122.631753, 38.015796], [-122.632591, 38.016293], [-122.633055, 38.016546], [-122.633583, 38.016802], [-122.634337, 38.017101], [-122.635296, 38.017404], [-122.635893, 38.017549], [-122.636568, 38.017673], [-122.637207, 38.017756], [-122.637896, 38.017812], [-122.638508, 38.017823], [-122.639511, 38.017788], [-122.640338, 38.0177], [-122.642223, 38.017443], [-122.644099, 38.017186], [-122.64622, 38.016906], [-122.647822, 38.01679], [-122.652307, 38.016648], [-122.658431, 38.022737], [-122.658657, 38.023397], [-122.658932, 38.023811], [-122.659314, 38.024184], [-122.659681, 38.024425], [-122.660163, 38.024623], [-122.663587, 38.026748], [-122.665242, 38.02845], [-122.665607, 38.028881], [-122.66739, 38.030582], [-122.669272, 38.03241], [-122.672002, 38.030064], [-122.671781, 38.029807], [-122.669875, 38.027977], [-122.667795, 38.025666], [-122.667634, 38.02541], [-122.671921, 38.017508], [-122.677107, 38.019694], [-122.680323, 38.019345], [-122.685587, 38.017418], [-122.686856, 38.01502], [-122.686843, 38.014989], [-122.685028, 38.013861], [-122.684894, 38.013883], [-122.681666, 38.014536], [-122.676313, 38.014611], [-122.66954, 38.011878], [-122.665308, 38.009857], [-122.665082, 38.009794], [-122.664613, 38.009762], [-122.664065, 38.009746], [-122.663677, 38.009832], [-122.663048, 38.009998], [-122.662443, 38.010204], [-122.659859, 38.011303], [-122.653212, 38.009977], [-122.647145, 38.008283], [-122.645619, 38.007691], [-122.64177, 38.007998], [-122.639703, 38.007854], [-122.639033, 38.008436], [-122.631092, 38.011191], [-122.628176, 38.009438], [-122.627676, 38.009203], [-122.627178, 38.009043], [-122.62676, 38.008959], [-122.626338, 38.008913], [-122.62591, 38.008899], [-122.625482, 38.008917], [-122.625013, 38.008982], [-122.618559, 38.006936], [-122.617409, 37.999275], [-122.617543, 37.998156], [-122.617419, 37.99766], [-122.616766, 37.996473], [-122.616255, 37.996103], [-122.614978, 37.995258], [-122.613483, 37.994097], [-122.61313, 37.993978], [-122.608688, 37.992198], [-122.607175, 37.991072], [-122.603634, 37.988984], [-122.603617, 37.981186], [-122.605943, 37.979211], [-122.60734, 37.978169], [-122.614799, 37.976324], [-122.6153, 37.976348], [-122.61637, 37.976456], [-122.616814, 37.976468], [-122.618367, 37.976601], [-122.619115, 37.976591], [-122.61996, 37.976241], [-122.626563, 37.97488], [-122.626991, 37.974799], [-122.627597, 37.974506], [-122.628178, 37.973868], [-122.632697, 37.968843], [-122.633328, 37.967497], [-122.633676, 37.964114], [-122.633718, 37.962985], [-122.633465, 37.96238], [-122.633113, 37.961924], [-122.632165, 37.96085], [-122.626165, 37.960854], [-122.625511, 37.960851], [-122.624923, 37.961011], [-122.62437, 37.961282], [-122.624096, 37.961452], [-122.623644, 37.961871], [-122.623241, 37.962615], [-122.623144, 37.963388], [-122.623114, 37.965011], [-122.623035, 37.965584], [-122.620441, 37.97021], [-122.620062, 37.970537], [-122.614526, 37.972013], [-122.613648, 37.971904], [-122.611339, 37.971464], [-122.610665, 37.971193], [-122.607056, 37.965415], [-122.609046, 37.962094], [-122.610036, 37.961361], [-122.610419, 37.96111], [-122.610592, 37.959024], [-122.608232, 37.958246], [-122.601593, 37.95302], [-122.60118, 37.952514], [-122.6008, 37.952202], [-122.600463, 37.951996], [-122.600017, 37.95177], [-122.599192, 37.951398], [-122.595728, 37.949494], [-122.594987, 37.950196], [-122.59438, 37.95101], [-122.59423, 37.95178], [-122.595403, 37.953575], [-122.59733, 37.956994], [-122.597836, 37.958584], [-122.59788, 37.958693], [-122.598097, 37.959269], [-122.598867, 37.961342], [-122.599276, 37.962314], [-122.599854, 37.962817], [-122.599377, 37.971683], [-122.598913, 37.971934], [-122.598154, 37.97253], [-122.597231, 37.973515], [-122.588824, 37.975857], [-122.588073, 37.97575], [-122.587074, 37.975636], [-122.580094, 37.972999], [-122.578978, 37.97219], [-122.574745, 37.964985], [-122.574046, 37.958819], [-122.574044, 37.958321], [-122.570715, 37.950982], [-122.571075, 37.945356], [-122.57073, 37.945025], [-122.569651, 37.94395], [-122.568888, 37.943493], [-122.563013, 37.939766], [-122.561208, 37.939088], [-122.555621, 37.93844], [-122.553017, 37.933026], [-122.558296, 37.926126], [-122.563656, 37.921927], [-122.564252, 37.921695], [-122.564964, 37.920987], [-122.565205, 37.9203], [-122.570482, 37.914373], [-122.571264, 37.914069], [-122.578125, 37.913847], [-122.581257, 37.916599], [-122.582008, 37.91744], [-122.582816, 37.917741], [-122.583776, 37.917663], [-122.584419, 37.917327], [-122.58466, 37.917109], [-122.585095, 37.916605], [-122.585605, 37.916031], [-122.58602, 37.915533], [-122.587838, 37.913597], [-122.588188, 37.913081], [-122.588341, 37.912699], [-122.588644, 37.911692], [-122.588651, 37.911122], [-122.588629, 37.911061], [-122.587841, 37.908973], [-122.587568, 37.908911], [-122.587049, 37.908866], [-122.586116, 37.909118], [-122.577512, 37.907471], [-122.576411, 37.906238], [-122.575935, 37.905743], [-122.574695, 37.904691], [-122.574078, 37.90403], [-122.571737, 37.897931], [-122.573366, 37.894238], [-122.57357, 37.893129], [-122.573278, 37.892322], [-122.575878, 37.884412], [-122.578086, 37.883642], [-122.57872, 37.882924], [-122.58284, 37.878656], [-122.583445, 37.877879], [-122.588199, 37.870666], [-122.591066, 37.868488], [-122.588326, 37.863857], [-122.587797, 37.863234], [-122.587199, 37.862857], [-122.585438, 37.861827], [-122.58189, 37.859875], [-122.58178, 37.859891], [-122.577687, 37.86053], [-122.572371, 37.861247], [-122.571986, 37.861328], [-122.567796, 37.862999], [-122.56713, 37.863217], [-122.566583, 37.863518], [-122.564761, 37.864671], [-122.564228, 37.864966], [-122.561519, 37.866282], [-122.561145, 37.867421], [-122.561043, 37.867923], [-122.556967, 37.874155], [-122.556484, 37.874476], [-122.547914, 37.873691], [-122.547316, 37.873058], [-122.546478, 37.872635], [-122.542993, 37.871444], [-122.542182, 37.871429], [-122.541667, 37.871518], [-122.536005, 37.86994], [-122.536281, 37.863154], [-122.536614, 37.862678], [-122.536628, 37.862622], [-122.536165, 37.860549], [-122.534786, 37.859744], [-122.534242, 37.859657], [-122.533058, 37.859685], [-122.528197, 37.866765], [-122.527565, 37.867293], [-122.526039, 37.868647], [-122.525691, 37.868992], [-122.525328, 37.869534], [-122.524841, 37.870646], [-122.524558, 37.871254], [-122.516302, 37.872704], [-122.514771, 37.869525], [-122.508565, 37.863503], [-122.508332, 37.862994], [-122.508057, 37.862503], [-122.507741, 37.862035], [-122.50739, 37.861594], [-122.507, 37.861175], [-122.506314, 37.86052], [-122.505205, 37.859419], [-122.504904, 37.859088], [-122.504643, 37.858874], [-122.500616, 37.856592], [-122.500145, 37.856197], [-122.499799, 37.855959], [-122.499428, 37.855738], [-122.499038, 37.855541], [-122.498645, 37.855374], [-122.498203, 37.85522], [-122.494445, 37.852332], [-122.494073, 37.851817], [-122.495463, 37.843466], [-122.496248, 37.842957], [-122.496841, 37.842637], [-122.498017, 37.842084], [-122.49839, 37.841852], [-122.498724, 37.841592], [-122.499814, 37.84056], [-122.5035, 37.83806], [-122.504053, 37.837779], [-122.504447, 37.837496], [-122.509344, 37.83471], [-122.50937, 37.834701], [-122.510038, 37.834249], [-122.51022, 37.834055], [-122.509343, 37.831316], [-122.50912, 37.831265], [-122.508129, 37.831321], [-122.505055, 37.832019], [-122.504703, 37.832101], [-122.504292, 37.832252], [-122.497209, 37.833924], [-122.496702, 37.834019], [-122.496208, 37.834238], [-122.496151, 37.834274], [-122.488162, 37.837463], [-122.487103, 37.835928], [-122.486389, 37.834761], [-122.485833, 37.833837], [-122.485464, 37.833322], [-122.485046, 37.832863], [-122.484739, 37.832581], [-122.481259, 37.826862], [-122.480847, 37.823353], [-122.480435, 37.819843], [-122.480024, 37.816334], [-122.479612, 37.812825], [-122.479168, 37.809127], [-122.479067, 37.808727], [-122.478901, 37.808293], [-122.478604, 37.807737], [-122.477441, 37.804566], [-122.480702, 37.798582], [-122.482161, 37.795861], [-122.482307, 37.795203], [-122.485787, 37.789537], [-122.491267, 37.788869], [-122.491316, 37.788856], [-122.494552, 37.788058], [-122.49464, 37.788013], [-122.494918, 37.786353], [-122.494832, 37.785728], [-122.494248, 37.782403], [-122.493782, 37.775958], [-122.493774, 37.775836], [-122.492203, 37.774154], [-122.488853, 37.766788], [-122.489784, 37.76481], [-122.489773, 37.764655], [-122.488693, 37.763192], [-122.483906, 37.7596], [-122.478278, 37.753755], [-122.477942, 37.750626], [-122.480931, 37.744627], [-122.485844, 37.740673], [-122.486902, 37.739007], [-122.486886, 37.738778], [-122.486885, 37.738778], [-122.486869, 37.738549], [-122.485023, 37.73433], [-122.483238, 37.732162], [-122.483074, 37.724913], [-122.485527, 37.72311], [-122.486914, 37.721266], [-122.490732, 37.715632], [-122.493578, 37.713426], [-122.49983, 37.70891], [-122.499917, 37.708198], [-122.500038, 37.707206], [-122.50007, 37.706688], [-122.500052, 37.70611], [-122.499974, 37.705527], [-122.499899, 37.705178], [-122.499741, 37.70466], [-122.49952, 37.704119], [-122.49824, 37.700889], [-122.496506, 37.693524], [-122.49641, 37.692942], [-122.496276, 37.692443], [-122.496057, 37.691844], [-122.495657, 37.691048], [-122.492875, 37.682888], [-122.492097, 37.677432], [-122.49203, 37.676934], [-122.491896, 37.676254], [-122.491712, 37.675605], [-122.491465, 37.674936], [-122.491185, 37.674332], [-122.4901, 37.672715], [-122.489076, 37.670854], [-122.488283, 37.669766], [-122.487404, 37.667653], [-122.490422, 37.65971], [-122.49395, 37.658993], [-122.494518, 37.655572], [-122.494568, 37.65476], [-122.494602, 37.649946], [-122.493927, 37.643485], [-122.493744, 37.642749], [-122.491949, 37.63503], [-122.491342, 37.629592], [-122.49129, 37.628823], [-122.487699, 37.629066], [-122.487751, 37.629836], [-122.487811, 37.631045], [-122.488019, 37.63422], [-122.488224, 37.637355], [-122.488244, 37.637845], [-122.488325, 37.638584], [-122.488431, 37.639164], [-122.488654, 37.639989], [-122.487676, 37.648782], [-122.487662, 37.648859], [-122.484244, 37.656634], [-122.479157, 37.657744], [-122.474576, 37.65514], [-122.466516, 37.655591], [-122.460215, 37.654482], [-122.457846, 37.652631], [-122.454927, 37.64445], [-122.454666, 37.642841], [-122.454297, 37.64217], [-122.454206, 37.642061], [-122.452645, 37.641585], [-122.452108, 37.641717], [-122.445132, 37.640158], [-122.443241, 37.638129], [-122.441506, 37.635923], [-122.44039, 37.63355], [-122.440008, 37.632848], [-122.439656, 37.632299], [-122.439274, 37.631777], [-122.438324, 37.630565], [-122.437869, 37.630078], [-122.436555, 37.629222], [-122.434359, 37.632075], [-122.438246, 37.637451], [-122.438628, 37.638148], [-122.439184, 37.63897], [-122.439629, 37.63952], [-122.442981, 37.64705], [-122.444262, 37.650414], [-122.452197, 37.65257], [-122.454269, 37.660371], [-122.454081, 37.665787], [-122.454197, 37.66613], [-122.45359, 37.674836], [-122.454509, 37.676589], [-122.454516, 37.676596], [-122.456226, 37.677313], [-122.45901, 37.684708], [-122.458135, 37.687053], [-122.456219, 37.689493], [-122.455059, 37.69032], [-122.454624, 37.692849], [-122.454578, 37.693078], [-122.449894, 37.700658], [-122.446089, 37.700466], [-122.444664, 37.700087], [-122.443577, 37.699857], [-122.44298, 37.699837], [-122.442785, 37.699847], [-122.442329, 37.699892], [-122.438281, 37.702641], [-122.433417, 37.70462], [-122.425616, 37.702893], [-122.420859, 37.698773], [-122.418973, 37.698493], [-122.414883, 37.698037], [-122.409494, 37.691538], [-122.409126, 37.687957], [-122.405231, 37.680348], [-122.40445, 37.679674], [-122.403515, 37.679178], [-122.402453, 37.678972], [-122.399781, 37.678982], [-122.393262, 37.675776], [-122.394122, 37.671694], [-122.394612, 37.670616], [-122.396637, 37.668503], [-122.402752, 37.66728], [-122.403883, 37.667787], [-122.404706, 37.668085], [-122.404782, 37.668098], [-122.405365, 37.668215], [-122.408829, 37.668689], [-122.40979, 37.66522], [-122.413721, 37.657626], [-122.414497, 37.656549], [-122.414555, 37.656388], [-122.413634, 37.654111], [-122.40996, 37.649258], [-122.409585, 37.648543], [-122.408164, 37.643874], [-122.407814, 37.64008], [-122.407844, 37.636091], [-122.406708, 37.632675], [-122.401356, 37.63381], [-122.401488, 37.634466], [-122.401649, 37.635095], [-122.401974, 37.636095], [-122.402285, 37.636863], [-122.40263, 37.637585], [-122.403254, 37.638759], [-122.404577, 37.64418], [-122.404758, 37.646402], [-122.404939, 37.648632], [-122.405052, 37.651379], [-122.398202, 37.656246], [-122.397803, 37.656404], [-122.397442, 37.656578], [-122.39591, 37.657227], [-122.390685, 37.660653], [-122.389034, 37.662252], [-122.389031, 37.66229], [-122.388373, 37.668605], [-122.383581, 37.671454], [-122.382198, 37.672318], [-122.38033, 37.67406], [-122.380326, 37.674181], [-122.380932, 37.675285], [-122.381881, 37.676399], [-122.387123, 37.68224], [-122.38785, 37.685471], [-122.388577, 37.688701], [-122.389143, 37.691219], [-122.38971, 37.693738], [-122.390584, 37.696276], [-122.391169, 37.698871], [-122.391158, 37.704488], [-122.386323, 37.711079], [-122.382428, 37.715001], [-122.384614, 37.719079], [-122.382392, 37.724316], [-122.380134, 37.725976], [-122.371601, 37.726624], [-122.368457, 37.727856], [-122.366771, 37.728755], [-122.367143, 37.728967], [-122.36803, 37.729472], [-122.369024, 37.730044], [-122.371116, 37.731439], [-122.37506, 37.736027], [-122.373757, 37.741744], [-122.374134, 37.742137], [-122.378267, 37.74619], [-122.383257, 37.749955], [-122.383275, 37.755241], [-122.38329, 37.755386], [-122.383431, 37.756503], [-122.383617, 37.758284], [-122.383845, 37.760705], [-122.386155, 37.76682], [-122.38188, 37.772127], [-122.382231, 37.775634], [-122.387131, 37.781612], [-122.386404, 37.784604], [-122.386262, 37.786414], [-122.380713, 37.793091], [-122.377783, 37.795825], [-122.374853, 37.798559], [-122.371923, 37.801294], [-122.368993, 37.804028], [-122.363699, 37.807095], [-122.362882, 37.807511], [-122.356724, 37.813978], [-122.353948, 37.815566], [-122.34973, 37.817], [-122.345465, 37.817623], [-122.341201, 37.818246], [-122.336937, 37.818869], [-122.332708, 37.819486], [-122.330451, 37.81977], [-122.328862, 37.819929], [-122.325388, 37.820195], [-122.324389, 37.820271], [-122.323028, 37.820422], [-122.322002, 37.820565], [-122.321033, 37.820736], [-122.315783, 37.820485], [-122.309936, 37.813725], [-122.312601, 37.811147], [-122.318, 37.81069], [-122.318503, 37.81059], [-122.325333, 37.80912], [-122.325787, 37.809192], [-122.326749, 37.809303], [-122.327631, 37.809351], [-122.328123, 37.809346], [-122.328658, 37.809367], [-122.329472, 37.809304], [-122.330213, 37.809163], [-122.33059, 37.809052], [-122.330981, 37.80891], [-122.331771, 37.808568], [-122.332904, 37.808275], [-122.335196, 37.805621], [-122.332055, 37.804776], [-122.324336, 37.800272], [-122.322714, 37.798638], [-122.319018, 37.798056], [-122.317106, 37.797563], [-122.312606, 37.79609], [-122.308575, 37.788126], [-122.30868, 37.787026], [-122.30902, 37.784845], [-122.309551, 37.782777], [-122.308691, 37.782178], [-122.303973, 37.781812], [-122.300002, 37.777488], [-122.300548, 37.773345], [-122.30058, 37.772933], [-122.30056, 37.772381], [-122.296558, 37.771426], [-122.290787, 37.769444], [-122.288275, 37.766546], [-122.287786, 37.765656], [-122.28762, 37.765368], [-122.287317, 37.765004], [-122.287143, 37.764897], [-122.286709, 37.764755], [-122.285555, 37.764457], [-122.285496, 37.764643], [-122.278409, 37.769674], [-122.276486, 37.76842], [-122.274611, 37.766983], [-122.273063, 37.764163], [-122.272755, 37.761073], [-122.272377, 37.760741], [-122.271988, 37.760522], [-122.271828, 37.760456], [-122.263981, 37.757536], [-122.261564, 37.756635], [-122.259465, 37.755855], [-122.255057, 37.756125], [-122.253953, 37.75571], [-122.253562, 37.755566], [-122.252248, 37.747233], [-122.25417, 37.746339], [-122.2574, 37.744169], [-122.259343, 37.74279], [-122.261556, 37.740528], [-122.261572, 37.739943], [-122.261274, 37.739093], [-122.260767, 37.738532], [-122.255656, 37.734045], [-122.255043, 37.733631], [-122.248581, 37.729289], [-122.24664, 37.727548], [-122.245964, 37.726941], [-122.245762, 37.72676], [-122.244899, 37.725988], [-122.244691, 37.725829], [-122.240046, 37.7226], [-122.239714, 37.722384], [-122.239569, 37.72229], [-122.238017, 37.721917], [-122.2341, 37.722145], [-122.233661, 37.722569], [-122.233515, 37.722709], [-122.233376, 37.722843], [-122.233238, 37.722976], [-122.228391, 37.725526], [-122.22014, 37.722818], [-122.217188, 37.71679], [-122.217161, 37.715213], [-122.214953, 37.711941], [-122.214309, 37.711345], [-122.212006, 37.710042], [-122.211447, 37.709857], [-122.208246, 37.712652], [-122.208002, 37.71283], [-122.207803, 37.713049], [-122.203675, 37.716139], [-122.203258, 37.716318], [-122.19529, 37.712787], [-122.193265, 37.710579], [-122.19154, 37.707405], [-122.194828, 37.700089], [-122.195392, 37.699637], [-122.195689, 37.699223], [-122.195914, 37.698618], [-122.195971, 37.698041], [-122.195814, 37.69683], [-122.195493, 37.696207], [-122.193656, 37.695445], [-122.193547, 37.695412], [-122.187243, 37.694696], [-122.184567, 37.691936], [-122.184347, 37.691849], [-122.184251, 37.691815], [-122.178411, 37.692017], [-122.178341, 37.692019], [-122.177672, 37.692019], [-122.176951, 37.692021], [-122.173488, 37.69158], [-122.173383, 37.691579], [-122.165083, 37.688256], [-122.16479, 37.687813], [-122.164096, 37.686772], [-122.162112, 37.680749], [-122.16072, 37.677029], [-122.161245, 37.669962], [-122.160111, 37.666505], [-122.156826, 37.666472], [-122.151541, 37.666455], [-122.151491, 37.666451], [-122.144228, 37.664883], [-122.140451, 37.663907], [-122.13669, 37.663703], [-122.132099, 37.661147], [-122.134564, 37.654642], [-122.134493, 37.651043], [-122.131664, 37.650272], [-122.131518, 37.650276], [-122.130605, 37.650301], [-122.129886, 37.65032], [-122.124988, 37.646234], [-122.130558, 37.639879], [-122.131256, 37.639844], [-122.132255, 37.637881], [-122.132238, 37.637731], [-122.132217, 37.63087], [-122.136718, 37.624933], [-122.139792, 37.623901], [-122.14225, 37.623077], [-122.144708, 37.622254], [-122.147166, 37.621431], [-122.151621, 37.618507], [-122.156282, 37.618594], [-122.160551, 37.617326], [-122.164819, 37.616057], [-122.169088, 37.614788], [-122.173357, 37.61352], [-122.17749, 37.612291], [-122.181624, 37.611063], [-122.180598, 37.607612], [-122.176465, 37.608841], [-122.172331, 37.610069], [-122.168062, 37.611338], [-122.163794, 37.612606], [-122.159525, 37.613875], [-122.155257, 37.615143], [-122.150784, 37.618458], [-122.146023, 37.618017], [-122.143565, 37.61884], [-122.141107, 37.619664], [-122.138649, 37.620487], [-122.135571, 37.62152], [-122.127189, 37.622517], [-122.12285, 37.62178], [-122.114109, 37.620285], [-122.112801, 37.61986], [-122.104639, 37.617744], [-122.104372, 37.617664], [-122.103252, 37.617541], [-122.095427, 37.615983], [-122.093975, 37.615333], [-122.092577, 37.614782], [-122.088235, 37.6134], [-122.087353, 37.613194], [-122.087344, 37.613197], [-122.082188, 37.6147], [-122.078293, 37.607548], [-122.078345, 37.606383], [-122.078343, 37.606328], [-122.078251, 37.603949], [-122.071378, 37.598534], [-122.070397, 37.59604], [-122.070139, 37.595553], [-122.07009, 37.595544], [-122.066734, 37.595456], [-122.06544, 37.595393], [-122.059046, 37.592683], [-122.057338, 37.590276], [-122.055628, 37.587901], [-122.054214, 37.585899], [-122.051393, 37.581234], [-122.050102, 37.578069], [-122.049839, 37.577282], [-122.046424, 37.578423], [-122.046687, 37.57921], [-122.047343, 37.581133], [-122.047539, 37.581659], [-122.047936, 37.582627], [-122.048386, 37.583589], [-122.049508, 37.585522], [-122.049847, 37.586008], [-122.051298, 37.588011], [-122.052688, 37.589978], [-122.055294, 37.598368], [-122.058301, 37.600589], [-122.06166, 37.606265], [-122.062838, 37.608612], [-122.06101, 37.616202], [-122.059292, 37.617488], [-122.059181, 37.617566], [-122.061249, 37.620513], [-122.062514, 37.620038], [-122.062933, 37.619944], [-122.063388, 37.619874], [-122.067991, 37.620654], [-122.069665, 37.628841], [-122.068165, 37.630082], [-122.067479, 37.632552], [-122.0675, 37.63259], [-122.067611, 37.632757], [-122.067653, 37.632809], [-122.069418, 37.633456], [-122.072194, 37.640854], [-122.071384, 37.643479], [-122.065483, 37.648474], [-122.065388, 37.648525], [-122.064713, 37.651077], [-122.059953, 37.656802], [-122.058796, 37.658883], [-122.054986, 37.663369], [-122.054698, 37.663676], [-122.04696, 37.667077], [-122.045894, 37.666997], [-122.045415, 37.666936], [-122.044728, 37.666939], [-122.044192, 37.667019], [-122.036798, 37.671666], [-122.030435, 37.668858], [-122.027048, 37.670076], [-122.024933, 37.675107], [-122.016986, 37.678643], [-122.015706, 37.676448], [-122.01553, 37.676038], [-122.015306, 37.675683], [-122.014993, 37.675314], [-122.01463, 37.67497], [-122.014165, 37.674496], [-122.013716, 37.674067], [-122.01339, 37.673758], [-122.012787, 37.673382], [-122.012347, 37.673216], [-122.011916, 37.673095], [-122.004112, 37.669409], [-122.00377, 37.669101], [-122.002348, 37.667656], [-122.00176, 37.667085], [-122.001257, 37.666794], [-121.996859, 37.663964], [-121.993436, 37.660655], [-121.992695, 37.659763], [-121.991261, 37.657856], [-121.99084, 37.65723], [-121.989034, 37.657215], [-121.988974, 37.657244], [-121.987852, 37.659238], [-121.988273, 37.659864], [-121.989815, 37.661923], [-121.990531, 37.662823], [-121.991662, 37.664213], [-121.992019, 37.664629], [-121.99269, 37.665239], [-121.995019, 37.667899], [-121.995563, 37.66846], [-121.996194, 37.668844], [-121.99667, 37.669062], [-122.00195, 37.673201], [-122.002818, 37.673927], [-122.003308, 37.674343], [-122.004162, 37.67499], [-122.005717, 37.676015], [-122.006273, 37.676263], [-122.006794, 37.676356], [-122.007455, 37.676305], [-122.008879, 37.676392], [-122.010501, 37.68485], [-122.008993, 37.685868], [-122.008783, 37.687151], [-122.009635, 37.688386], [-122.009775, 37.688489], [-122.011387, 37.688397], [-122.013771, 37.68848], [-122.014521, 37.688617], [-122.019889, 37.692669], [-122.019517, 37.696578], [-122.019181, 37.697209], [-122.014543, 37.700758], [-122.011732, 37.700892], [-122.008921, 37.701025], [-122.00611, 37.701159], [-122.003351, 37.70129], [-122.002489, 37.701308], [-122.000087, 37.700891], [-121.993965, 37.69681], [-121.987319, 37.697451], [-121.984951, 37.697173], [-121.982667, 37.696907], [-121.981993, 37.6968], [-121.979945, 37.696319], [-121.97923, 37.696213], [-121.978042, 37.696118], [-121.977409, 37.696038], [-121.975446, 37.695688], [-121.973438, 37.69533], [-121.972797, 37.695234], [-121.972156, 37.695164], [-121.969436, 37.695027], [-121.96822, 37.694979], [-121.96686, 37.694973], [-121.965384, 37.695025], [-121.964708, 37.695072], [-121.964003, 37.695137], [-121.962559, 37.695311], [-121.954953, 37.694796], [-121.953491, 37.694444], [-121.948822, 37.693055], [-121.948417, 37.692983], [-121.947988, 37.692954], [-121.947417, 37.692974], [-121.946984, 37.693036], [-121.943409, 37.693376], [-121.938321, 37.695636], [-121.933862, 37.693028], [-121.932438, 37.688548], [-121.932294, 37.688288], [-121.93005, 37.689154], [-121.929839, 37.689227], [-121.922318, 37.689055], [-121.917636, 37.682764], [-121.916239, 37.679215], [-121.915228, 37.676646], [-121.914218, 37.674078], [-121.910868, 37.675396], [-121.911878, 37.677965], [-121.912889, 37.680533], [-121.914286, 37.684082], [-121.915682, 37.68763], [-121.916841, 37.690579], [-121.917772, 37.692975], [-121.912669, 37.699429], [-121.911774, 37.699551], [-121.908401, 37.699058], [-121.907737, 37.698752], [-121.902093, 37.699681], [-121.900161, 37.699675], [-121.897633, 37.699644], [-121.895342, 37.699628], [-121.892959, 37.699518], [-121.89063, 37.699348], [-121.888341, 37.699573], [-121.888283, 37.703173], [-121.888417, 37.703175], [-121.890903, 37.703225], [-121.893051, 37.703211], [-121.895316, 37.703228], [-121.897607, 37.703244], [-121.900118, 37.703275], [-121.902081, 37.703281], [-121.904029, 37.703287], [-121.906513, 37.703348], [-121.908495, 37.703369], [-121.910453, 37.703391], [-121.911452, 37.703438], [-121.914159, 37.703512], [-121.916488, 37.70354], [-121.917431, 37.703508], [-121.924528, 37.70762], [-121.927479, 37.711059], [-121.929438, 37.713393], [-121.932195, 37.711079], [-121.936578, 37.706185], [-121.938094, 37.704023], [-121.94426, 37.700337], [-121.946894, 37.700355], [-121.953156, 37.700631], [-121.956699, 37.701158], [-121.956785, 37.701156], [-121.957103, 37.701149], [-121.957922, 37.701036], [-121.961098, 37.700611], [-121.962314, 37.700636], [-121.962886, 37.700627], [-121.963421, 37.700575], [-121.971025, 37.705334], [-121.973855, 37.705347], [-121.981491, 37.708507], [-121.982033, 37.708675], [-121.983194, 37.708223], [-121.983457, 37.707879], [-121.989483, 37.702126], [-121.992266, 37.703338], [-121.993251, 37.703718], [-121.994251, 37.704053], [-121.995272, 37.704346], [-121.996318, 37.704596], [-121.997369, 37.7048], [-121.99876, 37.704998], [-121.999496, 37.705072], [-122.000544, 37.70514], [-122.001303, 37.705161], [-122.002378, 37.705153], [-122.005576, 37.705005], [-122.008706, 37.704858], [-122.011256, 37.712877], [-122.011083, 37.713182], [-122.014215, 37.714957], [-122.018976, 37.718882], [-122.021004, 37.720701], [-122.022119, 37.721408], [-122.025041, 37.718757], [-122.025441, 37.718578], [-122.025753, 37.718403], [-122.026152, 37.718113], [-122.032312, 37.717639], [-122.033413, 37.726087], [-122.032515, 37.727781], [-122.032229, 37.728379], [-122.03203, 37.7289], [-122.026841, 37.733385], [-122.026657, 37.733437], [-122.026044, 37.734504], [-122.025532, 37.735519], [-122.024229, 37.738119], [-122.023764, 37.739234], [-122.023471, 37.74007], [-122.023403, 37.740565], [-122.023389, 37.741213], [-122.030501, 37.745563], [-122.03065, 37.745678], [-122.031078, 37.745865], [-122.033037, 37.744781], [-122.033236, 37.744463], [-122.034215, 37.742112], [-122.034231, 37.741905], [-122.033849, 37.739163], [-122.034672, 37.735426], [-122.035449, 37.732091], [-122.035629, 37.731676], [-122.035753, 37.731199], [-122.035804, 37.730804], [-122.036592, 37.727776], [-122.043963, 37.722899], [-122.044448, 37.723062], [-122.04492, 37.723157], [-122.049271, 37.730694], [-122.049157, 37.731702], [-122.049568, 37.73328], [-122.049704, 37.733994], [-122.049829, 37.734281], [-122.050093, 37.735018], [-122.050335, 37.735429], [-122.051244, 37.737381], [-122.051677, 37.739011], [-122.051822, 37.740166], [-122.051957, 37.740731], [-122.052456, 37.742528], [-122.053133, 37.74362], [-122.053182, 37.743696], [-122.056718, 37.744372], [-122.056854, 37.743662], [-122.056789, 37.742714], [-122.056438, 37.741947], [-122.055527, 37.740064], [-122.059493, 37.733335], [-122.059548, 37.733301], [-122.05958, 37.733277], [-122.059627, 37.733237], [-122.060729, 37.730834], [-122.061033, 37.73018], [-122.063253, 37.727403], [-122.068703, 37.721864], [-122.070357, 37.721801], [-122.07575, 37.723419], [-122.077876, 37.727604], [-122.07797, 37.728031], [-122.077644, 37.734091], [-122.07879, 37.737504], [-122.078995, 37.737435], [-122.08022, 37.73681], [-122.080715, 37.736514], [-122.081238, 37.736078], [-122.082276, 37.734947], [-122.082629, 37.734406], [-122.082832, 37.733826], [-122.082887, 37.73319], [-122.082421, 37.730789], [-122.08806, 37.724308], [-122.090583, 37.724451], [-122.091907, 37.724334], [-122.092242, 37.724059], [-122.097422, 37.7205], [-122.097495, 37.72046], [-122.098628, 37.719826], [-122.098973, 37.719601], [-122.099352, 37.71925], [-122.10082, 37.717809], [-122.10787, 37.715277], [-122.116087, 37.718001], [-122.11639, 37.718298], [-122.117034, 37.718784], [-122.117493, 37.719049], [-122.117889, 37.719231], [-122.11836, 37.719402], [-122.118866, 37.719533], [-122.125061, 37.724746], [-122.125614, 37.725536], [-122.126458, 37.72717], [-122.127402, 37.728184], [-122.129835, 37.732756], [-122.130962, 37.736234], [-122.129833, 37.743829], [-122.126735, 37.745146], [-122.121343, 37.740088], [-122.119869, 37.73775], [-122.119695, 37.737687], [-122.117766, 37.739612], [-122.117734, 37.739665], [-122.117558, 37.739952], [-122.11739, 37.740301], [-122.117044, 37.741599], [-122.116855, 37.742196], [-122.116791, 37.743049], [-122.117035, 37.743867], [-122.117072, 37.752559], [-122.117266, 37.75313], [-122.117563, 37.753667], [-122.118075, 37.754237], [-122.120038, 37.759062], [-122.120057, 37.759344], [-122.113331, 37.765277], [-122.110118, 37.762475], [-122.109854, 37.761881], [-122.109519, 37.761439], [-122.109221, 37.761136], [-122.107693, 37.759695], [-122.107202, 37.759007], [-122.106959, 37.758769], [-122.106818, 37.758675], [-122.105173, 37.758681], [-122.104108, 37.761045], [-122.106751, 37.765458], [-122.107013, 37.765957], [-122.108039, 37.768044], [-122.108588, 37.768625], [-122.113581, 37.772702], [-122.114194, 37.773221], [-122.114807, 37.773486], [-122.115384, 37.773579], [-122.122208, 37.778967], [-122.122403, 37.779532], [-122.123297, 37.781197], [-122.124711, 37.783502], [-122.127263, 37.788109], [-122.127515, 37.788652], [-122.128028, 37.789322], [-122.129218, 37.790747], [-122.129704, 37.791461], [-122.130891, 37.793133], [-122.131826, 37.794567], [-122.132345, 37.795156], [-122.133814, 37.79651], [-122.134586, 37.79739], [-122.135066, 37.797881], [-122.135589, 37.798204], [-122.136163, 37.798395], [-122.138807, 37.799351], [-122.13992, 37.799928], [-122.142496, 37.801447], [-122.146353, 37.805369], [-122.146728, 37.805668], [-122.147777, 37.80651], [-122.148053, 37.806774], [-122.156087, 37.803018], [-122.156505, 37.803384], [-122.157577, 37.804094], [-122.159265, 37.805092], [-122.159765, 37.805422], [-122.16026, 37.805622], [-122.162228, 37.806373], [-122.163397, 37.807077], [-122.164077, 37.807455], [-122.164519, 37.807669], [-122.165576, 37.808006], [-122.1665, 37.808251], [-122.166802, 37.808311], [-122.167225, 37.808351], [-122.17308, 37.811243], [-122.175202, 37.81511], [-122.176222, 37.815977], [-122.177016, 37.816519], [-122.179111, 37.818333], [-122.182662, 37.820056], [-122.185673, 37.825621], [-122.180387, 37.832154], [-122.179751, 37.832472], [-122.171242, 37.831987], [-122.170848, 37.831738], [-122.170029, 37.831107], [-122.168806, 37.830127], [-122.167508, 37.828851], [-122.166863, 37.828069], [-122.166482, 37.827577], [-122.166176, 37.827252], [-122.165605, 37.826712], [-122.165125, 37.826182], [-122.164829, 37.825933], [-122.164422, 37.825662], [-122.163663, 37.825091], [-122.163012, 37.824489], [-122.16237, 37.824106], [-122.161011, 37.823456], [-122.160502, 37.823284], [-122.158128, 37.821984], [-122.157753, 37.821738], [-122.157269, 37.821473], [-122.155807, 37.820415], [-122.155051, 37.819935], [-122.153534, 37.819387], [-122.153044, 37.819137], [-122.151333, 37.818279], [-122.150841, 37.818067], [-122.150021, 37.817829], [-122.148831, 37.817403], [-122.148234, 37.817175], [-122.145289, 37.817173], [-122.144748, 37.81769], [-122.139638, 37.821347], [-122.137761, 37.822335], [-122.137657, 37.822428], [-122.129077, 37.823205], [-122.125739, 37.816773], [-122.125533, 37.816342], [-122.122279, 37.814669], [-122.118751, 37.811721], [-122.118009, 37.810814], [-122.115577, 37.807925], [-122.11378, 37.808016], [-122.1131, 37.808145], [-122.112006, 37.808376], [-122.111848, 37.809498], [-122.111879, 37.809707], [-122.112787, 37.81107], [-122.115479, 37.817048], [-122.116634, 37.820458], [-122.11718, 37.823549], [-122.118435, 37.831198], [-122.118825, 37.837199], [-122.11122, 37.839196], [-122.110555, 37.839087], [-122.106024, 37.835584], [-122.105588, 37.835544], [-122.105442, 37.835544], [-122.10456, 37.836114], [-122.096946, 37.840191], [-122.096963, 37.840483], [-122.097078, 37.841102], [-122.097424, 37.841858], [-122.097589, 37.842121], [-122.099715, 37.84843], [-122.094818, 37.855526], [-122.091822, 37.856587], [-122.085218, 37.854119], [-122.08443, 37.853737], [-122.08407, 37.853629], [-122.081761, 37.853013], [-122.080843, 37.852643], [-122.079047, 37.855336], [-122.078861, 37.855648], [-122.079557, 37.856157], [-122.083859, 37.862536], [-122.084034, 37.862886], [-122.085978, 37.86742], [-122.087562, 37.871037], [-122.090947, 37.873089], [-122.091363, 37.873598], [-122.093062, 37.877708], [-122.08627, 37.882626], [-122.084659, 37.881611], [-122.083368, 37.881022], [-122.082855, 37.880721], [-122.082304, 37.880572], [-122.081968, 37.880544], [-122.07612, 37.876464], [-122.073899, 37.874462], [-122.073787, 37.874394], [-122.067459, 37.875365], [-122.062255, 37.87293], [-122.058331, 37.869353], [-122.052735, 37.864006], [-122.048654, 37.857021], [-122.048079, 37.855394], [-122.047394, 37.854627], [-122.043291, 37.847407], [-122.040514, 37.841215], [-122.039989, 37.840917], [-122.038931, 37.840676], [-122.032159, 37.836365], [-122.032052, 37.836285], [-122.025404, 37.83402], [-122.023105, 37.83258], [-122.018784, 37.827272], [-122.012282, 37.826394], [-122.007605, 37.822227], [-122.005957, 37.820121], [-122.00582, 37.820013], [-122.002161, 37.818499], [-121.998775, 37.811144], [-121.998762, 37.810708], [-121.998762, 37.810708], [-121.998488, 37.810293], [-121.99819, 37.810061], [-121.99695, 37.809122], [-121.991825, 37.803937], [-121.990224, 37.800278], [-121.989924, 37.799667], [-121.989348, 37.798644], [-121.989009, 37.798132], [-121.988647, 37.797619], [-121.984788, 37.791521], [-121.983891, 37.789602], [-121.982715, 37.787063], [-121.982435, 37.786515], [-121.98104, 37.784023], [-121.977898, 37.785781], [-121.980623, 37.791113], [-121.981527, 37.793046], [-121.982428, 37.794972], [-121.982706, 37.795504], [-121.983017, 37.79603], [-121.983366, 37.796568], [-121.983722, 37.797066], [-121.985773, 37.799787], [-121.986063, 37.800202], [-121.986985, 37.801849], [-121.987743, 37.809516], [-121.98774, 37.813116], [-121.982606, 37.820348], [-121.98246, 37.820563], [-121.982446, 37.822897], [-121.985496, 37.830954], [-121.989471, 37.835819], [-121.996115, 37.836425], [-121.996262, 37.836481], [-121.997812, 37.837057], [-121.999069, 37.837061], [-122.004329, 37.840291], [-121.99952, 37.84644], [-121.998091, 37.849744], [-121.999802, 37.850911], [-121.999989, 37.851002], [-122.005679, 37.855154], [-122.007453, 37.85561], [-122.01193, 37.862398], [-122.01154, 37.863682], [-122.011291, 37.864405], [-122.005717, 37.868861], [-122.005119, 37.869264], [-122.004147, 37.870456], [-122.004127, 37.87059], [-122.004035, 37.872697], [-122.004332, 37.872791], [-122.005163, 37.872896], [-122.006267, 37.873031], [-122.009007, 37.873609], [-122.010043, 37.873694], [-122.014893, 37.875598], [-122.019301, 37.879918], [-122.017909, 37.88791], [-122.017048, 37.889172], [-122.017014, 37.889366], [-122.017706, 37.890664], [-122.018028, 37.890825], [-122.022138, 37.891442], [-122.027619, 37.893159], [-122.027946, 37.893268], [-122.028583, 37.893338], [-122.032961, 37.901146], [-122.031473, 37.907346], [-122.026173, 37.910643], [-122.021573, 37.911042], [-122.01996, 37.911277], [-122.017375, 37.911261], [-122.017128, 37.911379], [-122.012057, 37.912457], [-122.011063, 37.912471], [-122.010362, 37.913966], [-122.010358, 37.914231], [-122.01105, 37.916071], [-122.011799, 37.916074], [-122.012259, 37.916051], [-122.018702, 37.917575], [-122.017294, 37.923675], [-122.016011, 37.924703], [-122.015445, 37.925101], [-122.015312, 37.927009], [-122.01602, 37.92846], [-122.017328, 37.932861], [-122.016875, 37.941267], [-122.0158, 37.942571], [-122.016431, 37.943836], [-122.016526, 37.943945], [-122.01782, 37.945551], [-122.020735, 37.947624], [-122.022466, 37.953095], [-122.01502, 37.957196], [-122.012007, 37.95754], [-122.006065, 37.955548], [-122.002634, 37.953875], [-122.001366, 37.953415], [-122.000497, 37.953722], [-122.000478, 37.953735], [-122.000101, 37.954217], [-122.000209, 37.956536], [-121.994657, 37.963001], [-121.993353, 37.963054], [-121.991217, 37.963804], [-121.991185, 37.963859], [-121.9889, 37.967373], [-121.981831, 37.969905], [-121.976258, 37.968661], [-121.976162, 37.968617], [-121.974696, 37.968052], [-121.97411, 37.968767], [-121.972558, 37.970949], [-121.973797, 37.971863], [-121.975246, 37.973666], [-121.975302, 37.973708], [-121.976858, 37.975199], [-121.977529, 37.97565], [-121.981529, 37.977199], [-121.980373, 37.984221], [-121.975818, 37.985346], [-121.97296, 37.983941], [-121.972687, 37.983751], [-121.970631, 37.986706], [-121.974697, 37.992216], [-121.976608, 37.997803], [-121.979927, 38.002373], [-121.979991, 38.002633], [-121.98036, 38.003337], [-121.980601, 38.007482], [-121.974758, 38.01129], [-121.972204, 38.011116], [-121.971832, 38.011047], [-121.971022, 38.010971], [-121.96618, 38.009229], [-121.962356, 38.007251], [-121.961312, 38.006429], [-121.959985, 38.005524], [-121.953407, 38.004281], [-121.952278, 37.998274], [-121.950837, 37.991734], [-121.952254, 37.988754], [-121.952999, 37.987905], [-121.953232, 37.987539], [-121.953432, 37.987054], [-121.953555, 37.98648], [-121.95395, 37.985235], [-121.950937, 37.983264], [-121.950678, 37.983606], [-121.950476, 37.983895], [-121.950264, 37.98431], [-121.947766, 37.988318], [-121.94737, 37.989376], [-121.947256, 37.99001], [-121.946717, 37.992803], [-121.946592, 37.993458], [-121.945343, 37.99773], [-121.940373, 38.004621], [-121.940071, 38.004899], [-121.939639, 38.005433], [-121.931002, 38.00764], [-121.924995, 38.009947], [-121.918646, 38.011321], [-121.915521, 38.011164], [-121.914917, 38.011124], [-121.914268, 38.011167], [-121.914122, 38.011192], [-121.910513, 38.013102], [-121.904044, 38.007137], [-121.904058, 38.006068], [-121.906077, 37.998653], [-121.906037, 37.998297], [-121.903626, 37.995258], [-121.8995, 37.987684], [-121.900031, 37.985791], [-121.900559, 37.98391], [-121.900672, 37.983516], [-121.897212, 37.982522], [-121.897099, 37.982916], [-121.894888, 37.988428], [-121.894633, 37.988905], [-121.894395, 37.989514], [-121.888703, 37.996187], [-121.887073, 37.998068], [-121.880119, 38.002722], [-121.871754, 38.004538], [-121.870273, 38.004967], [-121.868782, 38.005929], [-121.860954, 38.008325], [-121.858338, 38.007602], [-121.855424, 38.006797], [-121.852234, 38.005914], [-121.849045, 38.005031], [-121.845855, 38.004148], [-121.841255, 38.002758], [-121.839644, 38.002431], [-121.838686, 38.005901], [-121.841706, 38.006735], [-121.844895, 38.007618], [-121.848084, 38.008501], [-121.851274, 38.009384], [-121.854464, 38.010267], [-121.862234, 38.014078], [-121.86363, 38.014807], [-121.868415, 38.015196], [-121.868496, 38.015216], [-121.872494, 38.015305], [-121.876999, 38.020525], [-121.877418, 38.02389], [-121.878062, 38.02495], [-121.878859, 38.025999], [-121.884385, 38.029578], [-121.884921, 38.029747], [-121.885616, 38.029931], [-121.886697, 38.028955], [-121.894227, 38.026596], [-121.901286, 38.021735], [-121.902679, 38.02186], [-121.907152, 38.024446], [-121.911224, 38.031298], [-121.91249, 38.03132], [-121.914432, 38.031317], [-121.91634, 38.031313], [-121.917001, 38.031217], [-121.917479, 38.031069], [-121.917948, 38.030843], [-121.918366, 38.030557], [-121.920018, 38.029276], [-121.927755, 38.031052], [-121.928037, 38.031038], [-121.928737, 38.03087], [-121.936858, 38.031723], [-121.93999, 38.034142], [-121.940066, 38.034211], [-121.940404, 38.034423], [-121.940782, 38.034602], [-121.940941, 38.034645], [-121.944417, 38.035008], [-121.944476, 38.035008], [-121.945762, 38.034386], [-121.945907, 38.0342], [-121.953026, 38.033881], [-121.953578, 38.038946], [-121.960286, 38.044457], [-121.960435, 38.044498], [-121.963554, 38.044583], [-121.970425, 38.04213], [-121.973247, 38.042844], [-121.973704, 38.042942], [-121.974281, 38.043013], [-121.978827, 38.043035], [-121.986108, 38.047449], [-121.986375, 38.048174], [-121.98752, 38.048172], [-121.99008, 38.046237], [-121.990081, 38.045999], [-121.989852, 38.041269], [-121.99227, 38.034908], [-121.999381, 38.031696], [-122.00227, 38.031497], [-122.004846, 38.028488], [-122.010745, 38.027435], [-122.011245, 38.027507], [-122.014367, 38.02837], [-122.014736, 38.028478], [-122.01517, 38.028547], [-122.018343, 38.029264], [-122.019359, 38.028985], [-122.026699, 38.032924], [-122.027148, 38.033959], [-122.027698, 38.034428], [-122.028267, 38.034648], [-122.028828, 38.034702], [-122.02916, 38.034664], [-122.029642, 38.034555], [-122.030095, 38.034218], [-122.032639, 38.031118], [-122.032676, 38.031063], [-122.034248, 38.028085], [-122.034887, 38.025312], [-122.035401, 38.022913], [-122.03608, 38.021451], [-122.036574, 38.019165], [-122.037101, 38.016647], [-122.045441, 38.017508], [-122.045975, 38.019776], [-122.046678, 38.020566], [-122.047558, 38.022063], [-122.055129, 38.021749], [-122.062468, 38.019073], [-122.069926, 38.023818], [-122.070594, 38.024867], [-122.072207, 38.025305], [-122.077218, 38.027253], [-122.081751, 38.031296], [-122.085108, 38.032212], [-122.08769, 38.031477], [-122.090867, 38.030579], [-122.094072, 38.030215], [-122.101822, 38.032982], [-122.103057, 38.032832], [-122.10382, 38.032712], [-122.112767, 38.033108], [-122.115446, 38.036838], [-122.115729, 38.037538], [-122.116063, 38.038213], [-122.11649, 38.03892], [-122.116953, 38.039567], [-122.118644, 38.041759], [-122.120336, 38.043952], [-122.122545, 38.046815], [-122.124539, 38.049322], [-122.124833, 38.049857], [-122.125349, 38.050342], [-122.126486, 38.05161], [-122.127934, 38.056323], [-122.122586, 38.06153], [-122.122288, 38.061904], [-122.122187, 38.062026], [-122.122079, 38.062158], [-122.121984, 38.062273], [-122.121878, 38.062402], [-122.121777, 38.062525], [-122.121679, 38.062643], [-122.121575, 38.062769], [-122.121473, 38.062894], [-122.121358, 38.063033], [-122.12125, 38.063164], [-122.121144, 38.063293], [-122.121044, 38.063414], [-122.120938, 38.063543], [-122.120839, 38.063663], [-122.120743, 38.06378], [-122.120645, 38.063899], [-122.120534, 38.064034], [-122.120473, 38.064119], [-122.120477, 38.064196], [-122.117677, 38.072728], [-122.115965, 38.077006], [-122.11057, 38.080191], [-122.106044, 38.082417], [-122.106202, 38.085853], [-122.102861, 38.09297], [-122.10257, 38.093371], [-122.102348, 38.09383], [-122.102198, 38.094344], [-122.096486, 38.101258], [-122.095947, 38.101666], [-122.093411, 38.104221], [-122.095592, 38.107668], [-122.096194, 38.108588], [-122.0972, 38.109651], [-122.098148, 38.110041], [-122.1029, 38.116669], [-122.101451, 38.123816], [-122.099492, 38.12569], [-122.099524, 38.127039], [-122.09987, 38.128096], [-122.100543, 38.128694], [-122.101376, 38.128911], [-122.106295, 38.132349], [-122.107718, 38.140894], [-122.107605, 38.141726], [-122.107564, 38.142544], [-122.107572, 38.143292], [-122.107641, 38.143997], [-122.107763, 38.149774], [-122.108011, 38.150245], [-122.111465, 38.15687], [-122.112087, 38.157454], [-122.112521, 38.157815], [-122.112833, 38.158026], [-122.113478, 38.158295], [-122.114776, 38.158262], [-122.115649, 38.155433], [-122.115508, 38.155125], [-122.11458, 38.152877], [-122.113651, 38.14749], [-122.112166, 38.138802], [-122.112293, 38.138092], [-122.112356, 38.137354], [-122.112355, 38.136784], [-122.112273, 38.135881], [-122.11216, 38.13525], [-122.112009, 38.134678], [-122.111736, 38.133896], [-122.111461, 38.133264], [-122.111178, 38.132731], [-122.109275, 38.128319], [-122.108684, 38.124018], [-122.109186, 38.116714], [-122.107999, 38.112263], [-122.107716, 38.11132], [-122.107013, 38.105888], [-122.107325, 38.102519], [-122.107709, 38.097384], [-122.108444, 38.095151], [-122.115144, 38.089381], [-122.120103, 38.090986], [-122.120465, 38.091223], [-122.121065, 38.091542], [-122.121485, 38.091719], [-122.121919, 38.091861], [-122.122728, 38.092047], [-122.125803, 38.092448], [-122.126345, 38.092532], [-122.126683, 38.092588], [-122.127389, 38.089058], [-122.131985, 38.081361], [-122.132963, 38.081691], [-122.133177, 38.081763], [-122.133628, 38.0819], [-122.135793, 38.082883], [-122.138923, 38.087124], [-122.139301, 38.08862], [-122.14199, 38.095082], [-122.143591, 38.09672], [-122.14603, 38.098086], [-122.146472, 38.098283], [-122.14761, 38.098709], [-122.148263, 38.098931], [-122.14916, 38.099118], [-122.151752, 38.099938], [-122.152104, 38.100073], [-122.152504, 38.100169], [-122.154635, 38.100283], [-122.160466, 38.104038], [-122.161278, 38.108595], [-122.161264, 38.109367], [-122.161214, 38.110001], [-122.161155, 38.110713], [-122.161119, 38.111312], [-122.161181, 38.11172], [-122.161262, 38.112807], [-122.154784, 38.118324], [-122.153475, 38.118707], [-122.151967, 38.118944], [-122.151401, 38.119016], [-122.150641, 38.119352], [-122.150424, 38.119527], [-122.149413, 38.122759], [-122.14946, 38.122792], [-122.150192, 38.123098], [-122.150843, 38.123141], [-122.157102, 38.123761], [-122.157702, 38.123827], [-122.16358, 38.126187], [-122.167124, 38.125551], [-122.166966, 38.124671], [-122.166653, 38.12235], [-122.166538, 38.121214], [-122.173556, 38.115822], [-122.176154, 38.117634], [-122.177551, 38.118118], [-122.178798, 38.118537], [-122.184652, 38.123707], [-122.190436, 38.128751], [-122.191147, 38.12961], [-122.192769, 38.131517], [-122.193415, 38.132312], [-122.193958, 38.132879], [-122.194545, 38.133359], [-122.195161, 38.133751], [-122.195852, 38.134099], [-122.197219, 38.134652], [-122.198074, 38.135044], [-122.202474, 38.135902], [-122.203247, 38.136124], [-122.204141, 38.136413], [-122.207699, 38.137918], [-122.208377, 38.138339], [-122.21494, 38.143362], [-122.214939, 38.145034], [-122.214762, 38.146314], [-122.214754, 38.146799], [-122.214779, 38.147583], [-122.212564, 38.154802], [-122.212159, 38.155393], [-122.210792, 38.157277], [-122.209413, 38.159228], [-122.207638, 38.161385], [-122.198806, 38.161939], [-122.198544, 38.161743], [-122.198158, 38.161506], [-122.19494, 38.159225], [-122.194615, 38.158944], [-122.194057, 38.158578], [-122.193442, 38.158292], [-122.193084, 38.158175], [-122.192669, 38.158077], [-122.19226, 38.158017], [-122.190311, 38.157872], [-122.188099, 38.157707], [-122.1823, 38.152122], [-122.181197, 38.147892], [-122.181184, 38.147803], [-122.18073, 38.14579], [-122.180426, 38.145456], [-122.180076, 38.145123], [-122.17928, 38.144476], [-122.178692, 38.144083], [-122.178103, 38.143766], [-122.174733, 38.141072], [-122.174242, 38.140558], [-122.17195, 38.137714], [-122.169404, 38.137395], [-122.168672, 38.13883], [-122.168544, 38.139082], [-122.168422, 38.139454], [-122.168325, 38.140118], [-122.168372, 38.140817], [-122.168761, 38.143866], [-122.16893, 38.144745], [-122.169323, 38.14552], [-122.172073, 38.149969], [-122.172292, 38.150395], [-122.174655, 38.158771], [-122.17884, 38.164349], [-122.182145, 38.164014], [-122.185042, 38.163797], [-122.185506, 38.163854], [-122.185895, 38.163868], [-122.186248, 38.163854], [-122.187207, 38.163005], [-122.193779, 38.163517], [-122.193246, 38.171537], [-122.192622, 38.172041], [-122.192141, 38.172473], [-122.191584, 38.173023], [-122.190986, 38.173685], [-122.189127, 38.175875], [-122.188618, 38.176401], [-122.188147, 38.176821], [-122.18758, 38.177267], [-122.187196, 38.17754], [-122.186614, 38.177909], [-122.185263, 38.178697], [-122.18464, 38.179086], [-122.183689, 38.17975], [-122.183033, 38.180277], [-122.182671, 38.180601], [-122.181132, 38.182056], [-122.179297, 38.183242], [-122.174384, 38.185098], [-122.173423, 38.185418], [-122.17253, 38.185778], [-122.171769, 38.186137], [-122.171133, 38.18648], [-122.170353, 38.186935], [-122.169503, 38.187505], [-122.169088, 38.187811], [-122.168661, 38.188161], [-122.167711, 38.18904], [-122.167239, 38.189556], [-122.165592, 38.191465], [-122.163979, 38.193336], [-122.163441, 38.193931], [-122.163072, 38.194287], [-122.161357, 38.195783], [-122.153097, 38.197271], [-122.148557, 38.192328], [-122.148325, 38.191759], [-122.143466, 38.185956], [-122.141806, 38.179885], [-122.14179, 38.179813], [-122.141405, 38.179276], [-122.139751, 38.176076], [-122.139584, 38.168374], [-122.138385, 38.166318], [-122.135629, 38.165093], [-122.133097, 38.164185], [-122.1255, 38.165805], [-122.124246, 38.166478], [-122.125232, 38.169868], [-122.125311, 38.170346], [-122.125479, 38.171509], [-122.127192, 38.173495], [-122.128634, 38.175393], [-122.12946, 38.176872], [-122.130568, 38.184513], [-122.130914, 38.184995], [-122.131212, 38.185294], [-122.131576, 38.185586], [-122.131969, 38.18583], [-122.135919, 38.191155], [-122.135966, 38.19448], [-122.136014, 38.197805], [-122.136061, 38.20113], [-122.136108, 38.204386], [-122.132188, 38.210223], [-122.126447, 38.210875], [-122.117746, 38.212433], [-122.117362, 38.212383], [-122.117013, 38.21238], [-122.116642, 38.212418], [-122.116174, 38.212535], [-122.115719, 38.212727], [-122.115415, 38.212894], [-122.112739, 38.214404], [-122.112346, 38.214665], [-122.111919, 38.215051], [-122.111604, 38.215495], [-122.11141, 38.215935], [-122.105111, 38.221873], [-122.097834, 38.225586], [-122.09155, 38.226043], [-122.085448, 38.224217], [-122.081848, 38.224251], [-122.076314, 38.227034], [-122.070024, 38.227611], [-122.068428, 38.228077], [-122.062745, 38.229558], [-122.061661, 38.230022], [-122.061578, 38.232143], [-122.055648, 38.238839], [-122.0541, 38.238962], [-122.052206, 38.239327], [-122.050266, 38.239402], [-122.049357, 38.239523], [-122.048834, 38.239618], [-122.044418, 38.239818], [-122.043864, 38.239785], [-122.043181, 38.239898], [-122.042778, 38.240059], [-122.042235, 38.240459], [-122.042117, 38.240581], [-122.041924, 38.240802], [-122.041651, 38.241277], [-122.041509, 38.241792], [-122.041496, 38.241902], [-122.043902, 38.244737], [-122.043985, 38.244713], [-122.044873, 38.244468], [-122.04986, 38.245508], [-122.049931, 38.245508], [-122.051702, 38.244086], [-122.05447, 38.242694], [-122.060063, 38.24932], [-122.055581, 38.253837], [-122.054978, 38.254094], [-122.054941, 38.25411], [-122.054631, 38.25425], [-122.050863, 38.255289], [-122.050065, 38.255122], [-122.048175, 38.25578], [-122.046792, 38.257976], [-122.046787, 38.258064], [-122.04805, 38.258935], [-122.049153, 38.259872], [-122.04977, 38.260488], [-122.052552, 38.267026], [-122.050346, 38.269629], [-122.047392, 38.271217], [-122.044004, 38.277149], [-122.041357, 38.280273], [-122.040575, 38.281207], [-122.039253, 38.282727], [-122.041969, 38.28509], [-122.043291, 38.28357], [-122.044118, 38.282583], [-122.04675, 38.279477], [-122.048556, 38.277348], [-122.050764, 38.274737], [-122.05297, 38.272128], [-122.055296, 38.269357], [-122.055885, 38.26869], [-122.058428, 38.265688], [-122.065886, 38.260735], [-122.066591, 38.260175], [-122.068319, 38.258514], [-122.071015, 38.253397], [-122.074292, 38.250992], [-122.080086, 38.249861], [-122.08179, 38.249217], [-122.082988, 38.248962], [-122.08998, 38.252738], [-122.090013, 38.256337], [-122.090537, 38.258123], [-122.094136, 38.258063], [-122.095025, 38.255345], [-122.095132, 38.255078], [-122.095072, 38.253599], [-122.098073, 38.246458], [-122.099829, 38.245671], [-122.104383, 38.23954], [-122.110821, 38.244186], [-122.110883, 38.244462], [-122.112558, 38.246122], [-122.117177, 38.252879], [-122.116155, 38.256619], [-122.119181, 38.258569], [-122.121032, 38.255698], [-122.121464, 38.254989], [-122.121737, 38.254224], [-122.121885, 38.25265], [-122.122162, 38.249255], [-122.129804, 38.248257], [-122.130808, 38.249636], [-122.132954, 38.250405], [-122.132981, 38.250395], [-122.134045, 38.24806], [-122.133976, 38.247918], [-122.132651, 38.245201], [-122.131959, 38.243825], [-122.13179, 38.236368], [-122.133685, 38.233186], [-122.135351, 38.230797], [-122.143028, 38.229559], [-122.14815, 38.233074], [-122.148599, 38.233775], [-122.149546, 38.234989], [-122.151142, 38.237121], [-122.153078, 38.241049], [-122.154719, 38.244253], [-122.155925, 38.245364], [-122.158835, 38.249527], [-122.16056, 38.250068], [-122.161337, 38.250017], [-122.162381, 38.248903], [-122.162215, 38.24796], [-122.161785, 38.245791], [-122.161562, 38.245192], [-122.160136, 38.239599], [-122.160127, 38.236122], [-122.160152, 38.235744], [-122.159209, 38.234213], [-122.156247, 38.226687], [-122.156174, 38.218685], [-122.156174, 38.218374], [-122.156373, 38.215975], [-122.160089, 38.20948], [-122.162868, 38.20948], [-122.165628, 38.209479], [-122.168662, 38.209506], [-122.169485, 38.209466], [-122.170027, 38.209416], [-122.170711, 38.209321], [-122.171467, 38.209177], [-122.172888, 38.208821], [-122.180751, 38.209068], [-122.183693, 38.209898], [-122.184581, 38.210096], [-122.185005, 38.210169], [-122.185772, 38.210267], [-122.186544, 38.210323], [-122.194119, 38.212125], [-122.19456, 38.212134], [-122.195101, 38.21202], [-122.203306, 38.211452], [-122.204749, 38.211973], [-122.206898, 38.213025], [-122.207592, 38.213293], [-122.208479, 38.213574], [-122.212442, 38.214742], [-122.215081, 38.215514], [-122.217627, 38.216256], [-122.218835, 38.216605], [-122.219474, 38.21681], [-122.221822, 38.21765], [-122.225937, 38.223311], [-122.226662, 38.223316], [-122.230216, 38.223336], [-122.237461, 38.226084], [-122.237989, 38.226089], [-122.241513, 38.225748], [-122.242711, 38.225462], [-122.246833, 38.223603], [-122.251317, 38.228437], [-122.251359, 38.228835], [-122.251347, 38.229841], [-122.250168, 38.235094], [-122.253251, 38.236357], [-122.253735, 38.236536], [-122.25477, 38.236943], [-122.255556, 38.237039], [-122.25627, 38.236845], [-122.262212, 38.238169], [-122.263861, 38.239581], [-122.262733, 38.247944], [-122.262415, 38.248177], [-122.264257, 38.251119], [-122.26705, 38.258381], [-122.266296, 38.261901], [-122.267743, 38.264685], [-122.268424, 38.266039], [-122.269453, 38.267656], [-122.272995, 38.267013], [-122.272839, 38.266154], [-122.272833, 38.264407], [-122.278989, 38.259283], [-122.280335, 38.259146], [-122.281018, 38.259037], [-122.281142, 38.258996], [-122.281958, 38.257101], [-122.281945, 38.256938], [-122.280008, 38.249371], [-122.286866, 38.246032], [-122.288291, 38.246354], [-122.289225, 38.246599], [-122.290204, 38.246874], [-122.291835, 38.247374], [-122.294318, 38.248181], [-122.296743, 38.248968], [-122.297514, 38.249243], [-122.300294, 38.257763], [-122.299131, 38.259162], [-122.298806, 38.259607], [-122.301711, 38.261733], [-122.303761, 38.259778], [-122.305039, 38.257081], [-122.305223, 38.256427], [-122.30533, 38.255902], [-122.305123, 38.253639], [-122.30502, 38.252939], [-122.304876, 38.252311], [-122.30458, 38.251405], [-122.304298, 38.250762], [-122.303995, 38.250189], [-122.303623, 38.249601], [-122.303205, 38.249047], [-122.302765, 38.248539], [-122.302277, 38.248049], [-122.302004, 38.247799], [-122.301451, 38.247359], [-122.300881, 38.24696], [-122.300281, 38.24659], [-122.299923, 38.246394], [-122.29962, 38.24624], [-122.298966, 38.245949], [-122.29797, 38.245583], [-122.29543, 38.244757], [-122.292947, 38.24395], [-122.29126, 38.243432], [-122.290201, 38.243133], [-122.289203, 38.242871], [-122.287662, 38.242521], [-122.286616, 38.242316], [-122.285578, 38.242135], [-122.278289, 38.238929], [-122.277399, 38.238784], [-122.275596, 38.238733], [-122.274087, 38.238661], [-122.273341, 38.238628], [-122.270589, 38.238114], [-122.270034, 38.238009], [-122.266417, 38.236076], [-122.26486, 38.228092], [-122.267815, 38.226707], [-122.269045, 38.226736], [-122.26925, 38.226738], [-122.269608, 38.226672], [-122.269946, 38.226579], [-122.27032, 38.226292], [-122.270975, 38.225803], [-122.273953, 38.223142], [-122.27293, 38.219649], [-122.270656, 38.217894], [-122.270528, 38.217783], [-122.26837, 38.216578], [-122.265207, 38.212217], [-122.268241, 38.207222], [-122.269976, 38.206192], [-122.275566, 38.204535], [-122.279346, 38.203727], [-122.280223, 38.203535], [-122.281059, 38.20283], [-122.281269, 38.202493], [-122.282103, 38.200881], [-122.290436, 38.201115], [-122.293622, 38.199439], [-122.292097, 38.196538], [-122.291852, 38.196177], [-122.291549, 38.195864], [-122.291045, 38.195533], [-122.284763, 38.192143], [-122.28393, 38.191791], [-122.283533, 38.191748], [-122.280164, 38.19171], [-122.274244, 38.188556], [-122.2739, 38.184045], [-122.274268, 38.182879], [-122.274283, 38.182062], [-122.274184, 38.181394], [-122.27405, 38.18087], [-122.272426, 38.173843], [-122.270696, 38.167698], [-122.270629, 38.167021], [-122.270501, 38.166331], [-122.270398, 38.165927], [-122.270182, 38.16532], [-122.270146, 38.165229], [-122.269173, 38.162684], [-122.270715, 38.156108], [-122.276507, 38.154051], [-122.278992, 38.154609], [-122.280158, 38.154944], [-122.280506, 38.155019], [-122.280739, 38.155025], [-122.280902, 38.154154], [-122.279161, 38.151668], [-122.2788, 38.151267], [-122.278291, 38.150924], [-122.27668, 38.150326], [-122.270314, 38.148748], [-122.269289, 38.148306], [-122.265525, 38.145483], [-122.262575, 38.141308], [-122.262991, 38.134006], [-122.264766, 38.132415], [-122.266541, 38.130824], [-122.271531, 38.12786], [-122.272093, 38.12766], [-122.272563, 38.127431], [-122.273002, 38.127145], [-122.273436, 38.126801], [-122.273772, 38.126445], [-122.27849, 38.123072], [-122.280775, 38.122219], [-122.28306, 38.121366], [-122.288366, 38.11999], [-122.288774, 38.119911], [-122.293038, 38.119309], [-122.294965, 38.11926], [-122.296212, 38.119248], [-122.299065, 38.119257], [-122.307374, 38.121297], [-122.309228, 38.122212], [-122.311131, 38.123149], [-122.312751, 38.123889], [-122.315922, 38.12528], [-122.319115, 38.126681], [-122.322573, 38.128141], [-122.326087, 38.129624], [-122.328959, 38.130723], [-122.331773, 38.131799], [-122.334784, 38.133071], [-122.337882, 38.134378], [-122.338852, 38.134728], [-122.342475, 38.135933], [-122.344059, 38.136441], [-122.34607, 38.137143], [-122.352814, 38.139825], [-122.353699, 38.140215], [-122.354185, 38.140407], [-122.355145, 38.140755], [-122.357425, 38.141523], [-122.359667, 38.142277], [-122.361908, 38.143032], [-122.367163, 38.145112], [-122.368034, 38.145463], [-122.368501, 38.145634], [-122.369401, 38.145931], [-122.3771, 38.148863], [-122.379884, 38.150368], [-122.382813, 38.151868], [-122.383413, 38.152157], [-122.384042, 38.152431], [-122.384636, 38.152667], [-122.385287, 38.152898], [-122.385945, 38.153107], [-122.386658, 38.15331], [-122.388713, 38.153838], [-122.390806, 38.154374], [-122.391422, 38.154518], [-122.392078, 38.154653], [-122.395021, 38.155212], [-122.400795, 38.156694], [-122.401966, 38.156996], [-122.402632, 38.157145], [-122.403855, 38.157438], [-122.406936, 38.157454], [-122.410171, 38.157641], [-122.411482, 38.157645], [-122.412519, 38.157557], [-122.414019, 38.157386], [-122.41814, 38.156988], [-122.422295, 38.156587], [-122.425791, 38.156248], [-122.429286, 38.155909], [-122.432782, 38.15557], [-122.436277, 38.155231], [-122.439882, 38.154883], [-122.443487, 38.154534], [-122.44846, 38.158803], [-122.448904, 38.159654], [-122.449299, 38.160355], [-122.449673, 38.160954], [-122.450263, 38.161804], [-122.45089, 38.162618], [-122.452713, 38.164873], [-122.452414, 38.173813], [-122.448853, 38.174653], [-122.448156, 38.17478], [-122.447655, 38.174924], [-122.447113, 38.175139], [-122.446477, 38.175478], [-122.446179, 38.17568], [-122.445709, 38.176069], [-122.445268, 38.176542], [-122.445015, 38.176883], [-122.443096, 38.179736], [-122.441139, 38.182632], [-122.440779, 38.183283], [-122.440545, 38.183847], [-122.44026, 38.184703], [-122.440144, 38.18515], [-122.440038, 38.185797], [-122.439993, 38.186485], [-122.440034, 38.187343], [-122.440139, 38.187979], [-122.4403, 38.1886], [-122.440519, 38.189214], [-122.441048, 38.190419], [-122.44199, 38.19271], [-122.444059, 38.197703], [-122.444881, 38.199922], [-122.445138, 38.20043], [-122.445402, 38.200826], [-122.446535, 38.202288], [-122.448554, 38.204884], [-122.450525, 38.207415], [-122.452845, 38.215884], [-122.452857, 38.217536], [-122.453195, 38.218796], [-122.453632, 38.220068], [-122.453669, 38.220174], [-122.457068, 38.218988], [-122.460097, 38.214727], [-122.46012, 38.214446], [-122.460112, 38.213855], [-122.459401, 38.212394], [-122.455884, 38.208447], [-122.45551, 38.20802], [-122.45369, 38.205657], [-122.453462, 38.205333], [-122.451395, 38.202673], [-122.449376, 38.200078], [-122.447439, 38.196463], [-122.446677, 38.194388], [-122.444934, 38.189022], [-122.446076, 38.181754], [-122.451889, 38.177906], [-122.452225, 38.177842], [-122.452721, 38.177707], [-122.453404, 38.177439], [-122.454032, 38.177098], [-122.454467, 38.176793], [-122.454789, 38.176518], [-122.456849, 38.174365], [-122.457781, 38.173229], [-122.458034, 38.172866], [-122.458351, 38.172351], [-122.458748, 38.17159], [-122.459053, 38.170825], [-122.458766, 38.167247], [-122.458477, 38.166629], [-122.458153, 38.166044], [-122.45779, 38.165475], [-122.457377, 38.164916], [-122.455512, 38.162609], [-122.453689, 38.160354], [-122.453115, 38.159609], [-122.452636, 38.158909], [-122.45236, 38.15846], [-122.454026, 38.149935], [-122.455705, 38.148669], [-122.456551, 38.148049], [-122.458824, 38.146671], [-122.46113, 38.145274], [-122.463435, 38.143876], [-122.465741, 38.142479], [-122.468314, 38.140919], [-122.470848, 38.139385], [-122.478208, 38.139479], [-122.479729, 38.141561], [-122.481263, 38.143661], [-122.478409, 38.151483], [-122.478049, 38.15173], [-122.477737, 38.151999], [-122.477573, 38.152178], [-122.476487, 38.153126], [-122.476109, 38.154066], [-122.476092, 38.15454], [-122.475929, 38.156324], [-122.475848, 38.156801], [-122.475737, 38.15742], [-122.473764, 38.162069], [-122.474645, 38.165559], [-122.481685, 38.169974], [-122.48281, 38.16949], [-122.484037, 38.169137], [-122.48551, 38.168684], [-122.492536, 38.172177], [-122.491564, 38.175644], [-122.492163, 38.175812], [-122.494284, 38.176261], [-122.495056, 38.176366], [-122.495441, 38.176347], [-122.495884, 38.176252], [-122.496292, 38.176083], [-122.49677, 38.175742], [-122.497315, 38.174922], [-122.498341, 38.172634], [-122.498562, 38.172088], [-122.505781, 38.168257], [-122.508677, 38.1706], [-122.514204, 38.174635], [-122.515792, 38.176325], [-122.517337, 38.177571], [-122.517827, 38.177862], [-122.518523, 38.178062], [-122.519139, 38.178082], [-122.519633, 38.178006], [-122.52021, 38.177793], [-122.525417, 38.177409], [-122.528367, 38.18246], [-122.531082, 38.182524], [-122.536181, 38.18789], [-122.536688, 38.188454], [-122.537396, 38.197179], [-122.53713, 38.197611], [-122.537091, 38.199443], [-122.537471, 38.200779], [-122.539784, 38.201833], [-122.544976, 38.209113], [-122.542169, 38.215026], [-122.53775, 38.220573], [-122.535612, 38.221717], [-122.537311, 38.224892], [-122.542615, 38.222367], [-122.542963, 38.22223], [-122.543457, 38.221951], [-122.544026, 38.221476], [-122.54441, 38.220981], [-122.547403, 38.217863], [-122.547778, 38.217637], [-122.556511, 38.218413], [-122.558561, 38.219655], [-122.560427, 38.216577], [-122.558377, 38.215335], [-122.553834, 38.211333], [-122.551215, 38.208863], [-122.549563, 38.202879], [-122.549553, 38.202496], [-122.549489, 38.202049], [-122.549362, 38.20153], [-122.548794, 38.199418], [-122.548614, 38.198682], [-122.548394, 38.198066], [-122.547503, 38.196501], [-122.54614, 38.194242], [-122.544957, 38.191984], [-122.544482, 38.190993], [-122.543556, 38.188667], [-122.543482, 38.188433], [-122.543192, 38.187748], [-122.542928, 38.187268], [-122.542405, 38.186612], [-122.540089, 38.184268], [-122.538964, 38.183143], [-122.537697, 38.181941], [-122.534493, 38.178281], [-122.534192, 38.177907], [-122.531837, 38.176884], [-122.527674, 38.174604], [-122.52526, 38.172662], [-122.520593, 38.169597], [-122.517059, 38.167378], [-122.512635, 38.162679], [-122.515996, 38.154887], [-122.516264, 38.15416], [-122.516117, 38.153058], [-122.517743, 38.144603], [-122.518338, 38.143018], [-122.517485, 38.14212], [-122.517011, 38.141668], [-122.515818, 38.14156], [-122.51528, 38.141901], [-122.513633, 38.142957], [-122.512088, 38.143949], [-122.510473, 38.144973], [-122.50885, 38.146002], [-122.508623, 38.146166], [-122.508088, 38.146802], [-122.508037, 38.148536], [-122.505183, 38.154476], [-122.496993, 38.154116], [-122.495084, 38.152599], [-122.494595, 38.152271], [-122.494109, 38.151998], [-122.488571, 38.147403], [-122.487095, 38.145435], [-122.485619, 38.143468], [-122.484143, 38.1415], [-122.482635, 38.139437], [-122.483295, 38.131861], [-122.486458, 38.12995], [-122.489621, 38.128039], [-122.493383, 38.126023], [-122.49694, 38.123868], [-122.500548, 38.121681], [-122.501134, 38.121298], [-122.50167, 38.120917], [-122.503014, 38.119895], [-122.504924, 38.11842], [-122.508113, 38.116386], [-122.508448, 38.116263], [-122.510894, 38.115743], [-122.513311, 38.115368], [-122.515341, 38.115652], [-122.520352, 38.12144], [-122.521119, 38.123335], [-122.522992, 38.123817], [-122.526159, 38.124986], [-122.526816, 38.125336], [-122.530087, 38.127312], [-122.530512, 38.12718], [-122.530897, 38.127012], [-122.537597, 38.124987], [-122.53802, 38.124934], [-122.542626, 38.124843], [-122.545045, 38.124593], [-122.54696, 38.123718], [-122.547653, 38.123513], [-122.548326, 38.123169], [-122.549142, 38.122477], [-122.550508, 38.121538], [-122.555886, 38.11983], [-122.557009, 38.119824], [-122.562498, 38.125306], [-122.56174, 38.127758], [-122.560586, 38.130095], [-122.560442, 38.130596], [-122.560342, 38.131326], [-122.560359, 38.13193], [-122.557172, 38.138889], [-122.556627, 38.141164], [-122.55719, 38.141963], [-122.56293, 38.145886], [-122.564259, 38.149792], [-122.56317, 38.15726], [-122.562905, 38.158414], [-122.562711, 38.159268], [-122.563391, 38.161548], [-122.565695, 38.165307], [-122.565935, 38.165665], [-122.566443, 38.166099], [-122.567202, 38.166366], [-122.567819, 38.166361], [-122.568362, 38.166242], [-122.568801, 38.166073], [-122.577115, 38.166992], [-122.577963, 38.167671], [-122.578668, 38.168151], [-122.581521, 38.169956], [-122.584296, 38.17171], [-122.586228, 38.173073], [-122.587269, 38.173871], [-122.589066, 38.175215], [-122.590889, 38.176578], [-122.593079, 38.178155], [-122.595373, 38.179741], [-122.596282, 38.180432], [-122.59696, 38.180973], [-122.597704, 38.181692], [-122.595169, 38.189812], [-122.594394, 38.190375], [-122.594197, 38.19086], [-122.595637, 38.193381], [-122.59655, 38.200362], [-122.596324, 38.202872], [-122.596238, 38.204022], [-122.596243, 38.20453], [-122.596339, 38.20523], [-122.596448, 38.205678], [-122.597133, 38.207564], [-122.597545, 38.208558], [-122.599382, 38.212609], [-122.600853, 38.220556], [-122.602956, 38.222188], [-122.600341, 38.23021], [-122.598537, 38.230142], [-122.598255, 38.230312], [-122.594188, 38.232747], [-122.594517, 38.236332], [-122.599286, 38.24056], [-122.599461, 38.240656], [-122.600293, 38.241106], [-122.605899, 38.240032], [-122.611173, 38.244795], [-122.610521, 38.251626], [-122.609925, 38.253318], [-122.615998, 38.25958], [-122.61809, 38.2607], [-122.622232, 38.260491], [-122.630582, 38.25943], [-122.631543, 38.258981], [-122.6319, 38.258598], [-122.640282, 38.255478], [-122.643089, 38.25697], [-122.644863, 38.257965], [-122.646632, 38.258957], [-122.64916, 38.260386], [-122.651688, 38.261814], [-122.654216, 38.263243], [-122.656772, 38.264687], [-122.658322, 38.265526], [-122.662921, 38.268661], [-122.666916, 38.272842], [-122.673905, 38.277486], [-122.676086, 38.274622]]], "type": "Polygon"}}, {"type": "Feature", "properties": {"group_index": 0, "value": 3600.0, "center": [-122.3847996, 37.9102096], "area": 4980210583.93, "minutes": 60}, "geometry": {"coordinates": [[[-122.731842, 38.471968], [-122.73064, 38.469168], [-122.729522, 38.46661], [-122.729747, 38.459981], [-122.729741, 38.459879], [-122.728063, 38.456919], [-122.72777, 38.453375], [-122.731399, 38.448421], [-122.731936, 38.447563], [-122.732232, 38.446077], [-122.732295, 38.444906], [-122.731753, 38.443967], [-122.730513, 38.438199], [-122.737505, 38.433375], [-122.73902, 38.433164], [-122.742395, 38.433573], [-122.742864, 38.433474], [-122.74894, 38.431415], [-122.752645, 38.431157], [-122.756349, 38.430899], [-122.756099, 38.427308], [-122.752395, 38.427566], [-122.74869, 38.427824], [-122.74605, 38.428007], [-122.745011, 38.428113], [-122.744421, 38.428202], [-122.743626, 38.428352], [-122.742843, 38.428534], [-122.741992, 38.428765], [-122.740426, 38.429204], [-122.739574, 38.429403], [-122.738876, 38.42954], [-122.738432, 38.429613], [-122.73701, 38.42981], [-122.733571, 38.430293], [-122.7302, 38.429307], [-122.728252, 38.428088], [-122.727047, 38.42032], [-122.731085, 38.417294], [-122.732136, 38.416443], [-122.733264, 38.415712], [-122.7339, 38.414587], [-122.733907, 38.414182], [-122.732335, 38.412234], [-122.732607, 38.404141], [-122.73516, 38.403605], [-122.737678, 38.403984], [-122.739147, 38.40364], [-122.742212, 38.402888], [-122.743263, 38.401467], [-122.743263, 38.401413], [-122.743249, 38.399209], [-122.744153, 38.394937], [-122.750203, 38.389386], [-122.752091, 38.388842], [-122.755668, 38.388644], [-122.755955, 38.388604], [-122.759199, 38.388451], [-122.760964, 38.388334], [-122.76088, 38.386593], [-122.76087, 38.386316], [-122.760727, 38.384742], [-122.758962, 38.384858], [-122.755644, 38.384183], [-122.751524, 38.376429], [-122.755909, 38.371916], [-122.763684, 38.368787], [-122.764891, 38.370056], [-122.765115, 38.370401], [-122.766875, 38.372843], [-122.767543, 38.373726], [-122.768686, 38.373706], [-122.770474, 38.372762], [-122.778427, 38.369846], [-122.78322, 38.371431], [-122.78846, 38.374501], [-122.789201, 38.37503], [-122.790983, 38.374561], [-122.791293, 38.3721], [-122.79023, 38.37104], [-122.786826, 38.366696], [-122.784616, 38.363414], [-122.783964, 38.362851], [-122.783359, 38.362338], [-122.780047, 38.358921], [-122.778734, 38.357359], [-122.773473, 38.35006], [-122.770843, 38.346295], [-122.776271, 38.341441], [-122.779863, 38.341194], [-122.781702, 38.340879], [-122.785972, 38.339953], [-122.785982, 38.336353], [-122.785813, 38.335753], [-122.784844, 38.33534], [-122.784558, 38.335183], [-122.782214, 38.335647], [-122.776011, 38.333059], [-122.779387, 38.326832], [-122.782238, 38.325669], [-122.785838, 38.325721], [-122.789052, 38.325539], [-122.795251, 38.327188], [-122.797391, 38.33065], [-122.798066, 38.331994], [-122.798392, 38.332643], [-122.799739, 38.332924], [-122.799803, 38.332941], [-122.800133, 38.332989], [-122.801609, 38.331027], [-122.803347, 38.323843], [-122.805572, 38.322552], [-122.806959, 38.321078], [-122.808293, 38.319698], [-122.810062, 38.318143], [-122.815618, 38.315476], [-122.818974, 38.315496], [-122.821304, 38.315485], [-122.821855, 38.315452], [-122.825454, 38.315394], [-122.825426, 38.313645], [-122.83222, 38.308025], [-122.835278, 38.308872], [-122.838821, 38.30951], [-122.843601, 38.309153], [-122.845122, 38.305889], [-122.84336, 38.305068], [-122.840449, 38.303717], [-122.84011, 38.30356], [-122.837721, 38.30249], [-122.835313, 38.301412], [-122.835232, 38.301376], [-122.829888, 38.304579], [-122.826279, 38.304594], [-122.82267, 38.304609], [-122.81906, 38.304624], [-122.818706, 38.304636], [-122.818244, 38.304681], [-122.817578, 38.304873], [-122.815022, 38.30601], [-122.814646, 38.306151], [-122.814136, 38.306456], [-122.813019, 38.307467], [-122.811292, 38.30934], [-122.810892, 38.309822], [-122.803627, 38.314885], [-122.803117, 38.315066], [-122.802555, 38.315472], [-122.796532, 38.321508], [-122.793535, 38.320745], [-122.791557, 38.320117], [-122.790951, 38.319961], [-122.790008, 38.319783], [-122.789543, 38.319708], [-122.788684, 38.319695], [-122.784354, 38.319679], [-122.782444, 38.319536], [-122.780534, 38.319394], [-122.776074, 38.319285], [-122.773419, 38.319296], [-122.770909, 38.319327], [-122.768413, 38.319358], [-122.761353, 38.319429], [-122.759066, 38.319445], [-122.754938, 38.31858], [-122.751451, 38.316126], [-122.748646, 38.313427], [-122.748008, 38.312921], [-122.747396, 38.312595], [-122.746862, 38.312422], [-122.745938, 38.312304], [-122.745094, 38.312306], [-122.742728, 38.312274], [-122.743257, 38.303472], [-122.748244, 38.301461], [-122.756499, 38.298397], [-122.758129, 38.300767], [-122.758959, 38.30127], [-122.759822, 38.301578], [-122.761065, 38.299882], [-122.761904, 38.298641], [-122.760654, 38.297117], [-122.759971, 38.296352], [-122.761935, 38.288069], [-122.765302, 38.287906], [-122.766375, 38.287881], [-122.764802, 38.280444], [-122.768901, 38.27877], [-122.771933, 38.278809], [-122.774263, 38.279901], [-122.777723, 38.278906], [-122.777272, 38.27734], [-122.777182, 38.277068], [-122.776963, 38.27662], [-122.77643, 38.268338], [-122.774199, 38.263544], [-122.781734, 38.260921], [-122.782442, 38.261456], [-122.784188, 38.262619], [-122.785921, 38.263772], [-122.788124, 38.265267], [-122.790326, 38.266762], [-122.792348, 38.263783], [-122.791334, 38.255646], [-122.787866, 38.25569], [-122.784925, 38.255751], [-122.777922, 38.251567], [-122.777361, 38.250773], [-122.77442, 38.252849], [-122.771432, 38.255949], [-122.763118, 38.253427], [-122.762869, 38.252866], [-122.760313, 38.253193], [-122.759827, 38.253151], [-122.757976, 38.255715], [-122.752048, 38.256881], [-122.748826, 38.25521], [-122.74553, 38.255122], [-122.743612, 38.258169], [-122.737102, 38.263579], [-122.735794, 38.263417], [-122.734158, 38.263169], [-122.73381, 38.263132], [-122.732747, 38.263072], [-122.72869, 38.262365], [-122.72821, 38.262214], [-122.723838, 38.261798], [-122.719545, 38.254471], [-122.719396, 38.251726], [-122.718646, 38.251716], [-122.717453, 38.251794], [-122.716849, 38.25182], [-122.715802, 38.251921], [-122.715303, 38.251917], [-122.715052, 38.251923], [-122.711825, 38.243846], [-122.712929, 38.243101], [-122.712815, 38.24241], [-122.712058, 38.24112], [-122.71152, 38.240971], [-122.705447, 38.239943], [-122.700011, 38.23358], [-122.699337, 38.232929], [-122.698868, 38.232732], [-122.698266, 38.232635], [-122.696365, 38.231992], [-122.695808, 38.231705], [-122.696934, 38.222859], [-122.698892, 38.223225], [-122.69939, 38.223213], [-122.700066, 38.223125], [-122.701219, 38.223065], [-122.70197, 38.222853], [-122.707129, 38.223398], [-122.71039, 38.224329], [-122.712435, 38.225014], [-122.715592, 38.226105], [-122.718763, 38.227201], [-122.720007, 38.227618], [-122.720459, 38.227735], [-122.720932, 38.227814], [-122.722479, 38.227999], [-122.725885, 38.228378], [-122.728335, 38.22931], [-122.729923, 38.230228], [-122.732807, 38.233133], [-122.733457, 38.233621], [-122.734098, 38.233924], [-122.735794, 38.234727], [-122.737875, 38.235765], [-122.740334, 38.236846], [-122.743239, 38.238209], [-122.743629, 38.238408], [-122.7461, 38.240214], [-122.749002, 38.242335], [-122.751544, 38.24419], [-122.752042, 38.244512], [-122.752834, 38.244899], [-122.754242, 38.245144], [-122.754981, 38.24162], [-122.751747, 38.239181], [-122.74899, 38.237712], [-122.749416, 38.230357], [-122.750646, 38.229131], [-122.748106, 38.22658], [-122.744535, 38.229055], [-122.742283, 38.230208], [-122.734092, 38.228713], [-122.733472, 38.228133], [-122.731724, 38.227111], [-122.730137, 38.226194], [-122.727405, 38.225039], [-122.726541, 38.224838], [-122.722882, 38.224422], [-122.719912, 38.22379], [-122.716768, 38.222703], [-122.713611, 38.221611], [-122.711533, 38.220915], [-122.708118, 38.219937], [-122.70478, 38.218982], [-122.704121, 38.218813], [-122.703666, 38.218748], [-122.702994, 38.218748], [-122.701999, 38.218828], [-122.701473, 38.21895], [-122.697661, 38.219334], [-122.695706, 38.219018], [-122.695325, 38.21034], [-122.695735, 38.210062], [-122.696302, 38.209589], [-122.697645, 38.208353], [-122.69857, 38.207095], [-122.69899, 38.206582], [-122.700048, 38.205519], [-122.701394, 38.204264], [-122.702798, 38.202953], [-122.70322, 38.202519], [-122.704388, 38.201221], [-122.713127, 38.202541], [-122.714032, 38.20443], [-122.714239, 38.204755], [-122.7144, 38.204965], [-122.721622, 38.202887], [-122.725088, 38.202924], [-122.725445, 38.202977], [-122.727871, 38.203512], [-122.728162, 38.203575], [-122.729649, 38.2029], [-122.729709, 38.202817], [-122.728933, 38.200059], [-122.728643, 38.199995], [-122.72622, 38.199461], [-122.72573, 38.199372], [-122.725366, 38.199335], [-122.721664, 38.199287], [-122.717788, 38.191459], [-122.71902, 38.190631], [-122.720448, 38.190149], [-122.721064, 38.189869], [-122.721672, 38.18954], [-122.722134, 38.189187], [-122.722443, 38.188811], [-122.722701, 38.188266], [-122.724957, 38.185128], [-122.725317, 38.184807], [-122.725644, 38.184349], [-122.725832, 38.18393], [-122.727902, 38.180114], [-122.72828, 38.179516], [-122.728454, 38.178831], [-122.731438, 38.172043], [-122.731866, 38.17151], [-122.740015, 38.168352], [-122.740738, 38.16838], [-122.741278, 38.168289], [-122.741814, 38.168074], [-122.749731, 38.169919], [-122.750595, 38.17132], [-122.751207, 38.173011], [-122.754749, 38.172366], [-122.760362, 38.166331], [-122.761609, 38.16622], [-122.762327, 38.166222], [-122.762924, 38.166164], [-122.768958, 38.166298], [-122.769507, 38.166352], [-122.769887, 38.166333], [-122.772091, 38.166097], [-122.773754, 38.165941], [-122.777429, 38.165643], [-122.777982, 38.165619], [-122.786541, 38.167582], [-122.787739, 38.168215], [-122.789575, 38.165119], [-122.788884, 38.164709], [-122.787185, 38.163766], [-122.785531, 38.162874], [-122.784986, 38.162669], [-122.781512, 38.161412], [-122.780999, 38.161259], [-122.78049, 38.16119], [-122.779844, 38.161196], [-122.779362, 38.161266], [-122.775725, 38.161618], [-122.775135, 38.161678], [-122.766309, 38.161864], [-122.764888, 38.161815], [-122.764516, 38.161825], [-122.763914, 38.161904], [-122.763372, 38.162038], [-122.757931, 38.162416], [-122.751975, 38.158885], [-122.751363, 38.158185], [-122.750748, 38.15785], [-122.750272, 38.15774], [-122.749903, 38.157723], [-122.749445, 38.157781], [-122.747954, 38.158257], [-122.746522, 38.158738], [-122.746064, 38.158914], [-122.744706, 38.159529], [-122.744352, 38.159722], [-122.744016, 38.159954], [-122.743534, 38.160409], [-122.742494, 38.161299], [-122.734789, 38.1635], [-122.734301, 38.16347], [-122.733896, 38.163477], [-122.733474, 38.163523], [-122.733075, 38.163602], [-122.732655, 38.163724], [-122.732288, 38.16387], [-122.731829, 38.164138], [-122.726801, 38.16609], [-122.726161, 38.166255], [-122.725798, 38.166392], [-122.720257, 38.167258], [-122.719339, 38.166871], [-122.719038, 38.166753], [-122.71701, 38.158158], [-122.71733, 38.157696], [-122.717567, 38.157293], [-122.717798, 38.156717], [-122.717937, 38.155914], [-122.717948, 38.155386], [-122.717876, 38.154865], [-122.717749, 38.154457], [-122.71752, 38.153944], [-122.71728, 38.15349], [-122.716987, 38.15308], [-122.716479, 38.152627], [-122.715896, 38.152296], [-122.714715, 38.151824], [-122.711843, 38.150708], [-122.707306, 38.143343], [-122.708189, 38.141454], [-122.710085, 38.138464], [-122.710413, 38.138096], [-122.711166, 38.137025], [-122.712531, 38.134983], [-122.714098, 38.132691], [-122.714572, 38.131812], [-122.714745, 38.131228], [-122.716392, 38.126717], [-122.71697, 38.125442], [-122.717562, 38.124214], [-122.717809, 38.123737], [-122.717961, 38.123121], [-122.717949, 38.122474], [-122.717797, 38.121782], [-122.720034, 38.114282], [-122.721275, 38.113253], [-122.721639, 38.112882], [-122.726783, 38.108397], [-122.727422, 38.108031], [-122.727824, 38.1077], [-122.72811, 38.107405], [-122.728428, 38.106996], [-122.731149, 38.103611], [-122.731425, 38.103319], [-122.731728, 38.102934], [-122.732558, 38.101733], [-122.73287, 38.101185], [-122.735118, 38.0983], [-122.735358, 38.098066], [-122.735649, 38.097746], [-122.742547, 38.094053], [-122.746097, 38.094179], [-122.749804, 38.094303], [-122.754927, 38.095604], [-122.755628, 38.095825], [-122.756114, 38.095868], [-122.760444, 38.096352], [-122.761383, 38.0964], [-122.761677, 38.096399], [-122.762352, 38.096286], [-122.762504, 38.096219], [-122.762963, 38.092758], [-122.762221, 38.092634], [-122.760411, 38.092417], [-122.755354, 38.088091], [-122.755218, 38.083464], [-122.755718, 38.081679], [-122.758109, 38.076767], [-122.762057, 38.072836], [-122.769679, 38.075732], [-122.770116, 38.076242], [-122.77047, 38.076556], [-122.770806, 38.076814], [-122.77181, 38.077496], [-122.772601, 38.078156], [-122.77304, 38.078486], [-122.773481, 38.078745], [-122.774583, 38.07952], [-122.775152, 38.079799], [-122.775774, 38.080003], [-122.776668, 38.080185], [-122.777388, 38.076658], [-122.771981, 38.070339], [-122.771727, 38.066748], [-122.771118, 38.066791], [-122.770555, 38.06687], [-122.769714, 38.06705], [-122.765659, 38.06711], [-122.765063, 38.066981], [-122.764307, 38.066958], [-122.763889, 38.06701], [-122.763412, 38.067136], [-122.762714, 38.067462], [-122.762265, 38.067767], [-122.761952, 38.068052], [-122.758672, 38.069972], [-122.758094, 38.070213], [-122.757337, 38.070674], [-122.756834, 38.07109], [-122.756377, 38.071595], [-122.75595, 38.072285], [-122.755633, 38.072943], [-122.753684, 38.076352], [-122.753227, 38.077058], [-122.752964, 38.077644], [-122.752709, 38.078594], [-122.752201, 38.080909], [-122.751753, 38.082488], [-122.751187, 38.084297], [-122.751051, 38.084876], [-122.750994, 38.085299], [-122.746224, 38.090581], [-122.742675, 38.090455], [-122.739382, 38.090343], [-122.738629, 38.090377], [-122.738012, 38.090466], [-122.737317, 38.090638], [-122.736524, 38.090938], [-122.736033, 38.091188], [-122.73542, 38.091596], [-122.734783, 38.092179], [-122.734535, 38.092458], [-122.734154, 38.093002], [-122.731384, 38.096446], [-122.73103, 38.096726], [-122.730744, 38.097018], [-122.730499, 38.097333], [-122.730158, 38.097942], [-122.727859, 38.101464], [-122.727405, 38.101912], [-122.727017, 38.102467], [-122.723115, 38.105924], [-122.722498, 38.106323], [-122.720917, 38.107582], [-122.720646, 38.107822], [-122.720403, 38.108078], [-122.714538, 38.112142], [-122.714212, 38.112343], [-122.713753, 38.112736], [-122.713491, 38.113018], [-122.713124, 38.113619], [-122.712903, 38.114445], [-122.712175, 38.118488], [-122.712085, 38.118939], [-122.712081, 38.119607], [-122.712202, 38.120211], [-122.711962, 38.126937], [-122.711634, 38.128674], [-122.709561, 38.132948], [-122.708173, 38.135024], [-122.706733, 38.136709], [-122.697958, 38.137801], [-122.695872, 38.136627], [-122.694114, 38.135647], [-122.692363, 38.134672], [-122.691723, 38.134393], [-122.691236, 38.13424], [-122.690873, 38.134161], [-122.686611, 38.133144], [-122.684906, 38.134372], [-122.685273, 38.136486], [-122.685888, 38.136732], [-122.687309, 38.137251], [-122.687697, 38.13736], [-122.688132, 38.137443], [-122.692362, 38.138792], [-122.694106, 38.139764], [-122.696191, 38.140938], [-122.698369, 38.142161], [-122.700977, 38.148279], [-122.698937, 38.151274], [-122.697245, 38.152635], [-122.692312, 38.154182], [-122.691575, 38.158333], [-122.692233, 38.159326], [-122.696225, 38.158104], [-122.697825, 38.156788], [-122.699501, 38.15544], [-122.701193, 38.15408], [-122.707677, 38.152952], [-122.711005, 38.159488], [-122.710927, 38.159884], [-122.710899, 38.16051], [-122.711081, 38.162497], [-122.711228, 38.163152], [-122.711709, 38.164752], [-122.711873, 38.165191], [-122.712318, 38.1661], [-122.712743, 38.166837], [-122.71388, 38.168433], [-122.714312, 38.168845], [-122.714629, 38.169073], [-122.715415, 38.169557], [-122.715865, 38.169756], [-122.716261, 38.16987], [-122.716572, 38.169932], [-122.718539, 38.17046], [-122.719201, 38.1707], [-122.724023, 38.177237], [-122.723346, 38.180041], [-122.720518, 38.18329], [-122.719852, 38.183895], [-122.719659, 38.184189], [-122.713183, 38.189346], [-122.712745, 38.189508], [-122.712274, 38.189753], [-122.711959, 38.189979], [-122.71162, 38.190293], [-122.710863, 38.190979], [-122.705234, 38.195476], [-122.704374, 38.196236], [-122.70345, 38.196977], [-122.701733, 38.198789], [-122.700544, 38.200112], [-122.700226, 38.200433], [-122.698939, 38.201631], [-122.697593, 38.202887], [-122.69644, 38.204041], [-122.688165, 38.204079], [-122.687618, 38.203822], [-122.687114, 38.20367], [-122.686523, 38.203582], [-122.683495, 38.203597], [-122.679656, 38.203923], [-122.67933, 38.203978], [-122.678862, 38.204098], [-122.675842, 38.20523], [-122.675332, 38.205438], [-122.674201, 38.206101], [-122.671044, 38.207572], [-122.669843, 38.207948], [-122.668744, 38.208398], [-122.668271, 38.208558], [-122.667057, 38.208848], [-122.666731, 38.208949], [-122.666337, 38.209122], [-122.665792, 38.209506], [-122.665135, 38.210153], [-122.663676, 38.211712], [-122.66337, 38.21239], [-122.663267, 38.213116], [-122.663314, 38.213699], [-122.663675, 38.214585], [-122.663981, 38.215023], [-122.659672, 38.22281], [-122.65833, 38.222643], [-122.657657, 38.222422], [-122.65629, 38.221819], [-122.65327, 38.219805], [-122.650166, 38.218058], [-122.649951, 38.217854], [-122.649465, 38.217561], [-122.648966, 38.217372], [-122.644655, 38.212632], [-122.646601, 38.206316], [-122.650698, 38.199367], [-122.65337, 38.199148], [-122.654596, 38.199037], [-122.65494, 38.198986], [-122.655351, 38.198893], [-122.655763, 38.198762], [-122.656042, 38.198654], [-122.6564, 38.198479], [-122.658447, 38.197227], [-122.658965, 38.196849], [-122.659463, 38.196404], [-122.659937, 38.195872], [-122.660197, 38.195511], [-122.663478, 38.192073], [-122.663565, 38.192014], [-122.66406, 38.191647], [-122.664414, 38.191314], [-122.664857, 38.190801], [-122.665151, 38.190356], [-122.668689, 38.185686], [-122.668958, 38.185427], [-122.669197, 38.185145], [-122.6695, 38.184716], [-122.670634, 38.183161], [-122.670841, 38.18283], [-122.671042, 38.182379], [-122.67119, 38.18181], [-122.671259, 38.181299], [-122.671281, 38.180947], [-122.676226, 38.173554], [-122.676161, 38.173499], [-122.674992, 38.173167], [-122.669923, 38.172198], [-122.669007, 38.175155], [-122.66835, 38.177245], [-122.668054, 38.178417], [-122.66777, 38.179414], [-122.665029, 38.183869], [-122.664613, 38.184218], [-122.664221, 38.18462], [-122.663921, 38.184973], [-122.655178, 38.18501], [-122.653616, 38.184292], [-122.653333, 38.184172], [-122.652931, 38.184049], [-122.64887, 38.182494], [-122.640186, 38.181485], [-122.639641, 38.181273], [-122.639209, 38.18113], [-122.638761, 38.181028], [-122.637836, 38.180961], [-122.637242, 38.180957], [-122.636898, 38.180975], [-122.636229, 38.181092], [-122.630754, 38.181475], [-122.626789, 38.18094], [-122.626392, 38.180897], [-122.626009, 38.180885], [-122.625367, 38.180897], [-122.623684, 38.180938], [-122.623136, 38.180991], [-122.619255, 38.181146], [-122.6173, 38.181082], [-122.611639, 38.18039], [-122.60687, 38.17921], [-122.606105, 38.179022], [-122.600905, 38.177385], [-122.597833, 38.175966], [-122.593288, 38.173416], [-122.591579, 38.172158], [-122.589549, 38.170648], [-122.587512, 38.169133], [-122.586715, 38.168563], [-122.584251, 38.167004], [-122.577825, 38.161332], [-122.577264, 38.160872], [-122.572932, 38.153262], [-122.5717, 38.151495], [-122.567204, 38.145597], [-122.566709, 38.143081], [-122.566466, 38.139651], [-122.566267, 38.13716], [-122.56619, 38.135936], [-122.565967, 38.133201], [-122.57266, 38.129407], [-122.574602, 38.129957], [-122.581988, 38.126524], [-122.588351, 38.126157], [-122.59474, 38.127354], [-122.601204, 38.129422], [-122.60181, 38.129576], [-122.604637, 38.127936], [-122.609898, 38.122602], [-122.613434, 38.12218], [-122.618654, 38.122683], [-122.619482, 38.122973], [-122.621656, 38.123791], [-122.62349, 38.12452], [-122.624196, 38.124767], [-122.624657, 38.124888], [-122.625081, 38.124941], [-122.625739, 38.12494], [-122.626229, 38.124877], [-122.626679, 38.124779], [-122.627276, 38.124577], [-122.635573, 38.122426], [-122.636625, 38.122375], [-122.637076, 38.122315], [-122.637498, 38.122204], [-122.637883, 38.122046], [-122.646386, 38.120171], [-122.646783, 38.1201], [-122.647105, 38.119998], [-122.647558, 38.119797], [-122.655357, 38.118188], [-122.657555, 38.118858], [-122.658584, 38.119133], [-122.659147, 38.119212], [-122.667534, 38.122337], [-122.669094, 38.124093], [-122.670532, 38.126228], [-122.670905, 38.126606], [-122.6713, 38.126907], [-122.672777, 38.127872], [-122.674746, 38.124858], [-122.670904, 38.120526], [-122.670503, 38.120081], [-122.667836, 38.117501], [-122.667061, 38.116682], [-122.666272, 38.116151], [-122.665637, 38.115886], [-122.65894, 38.112339], [-122.654624, 38.111684], [-122.653946, 38.111654], [-122.652616, 38.112242], [-122.650141, 38.114229], [-122.64919, 38.114758], [-122.643138, 38.115789], [-122.640517, 38.110034], [-122.64224, 38.106489], [-122.643524, 38.104563], [-122.641962, 38.102899], [-122.633571, 38.100696], [-122.633123, 38.100458], [-122.631553, 38.10009], [-122.631138, 38.099995], [-122.630774, 38.099935], [-122.630198, 38.099926], [-122.624004, 38.093971], [-122.623975, 38.093302], [-122.623496, 38.092381], [-122.622926, 38.091931], [-122.622423, 38.091743], [-122.621688, 38.091708], [-122.621163, 38.091832], [-122.620536, 38.092207], [-122.612065, 38.09069], [-122.611502, 38.090869], [-122.610399, 38.091382], [-122.609105, 38.091956], [-122.60119, 38.089992], [-122.592898, 38.089103], [-122.590538, 38.086521], [-122.59007, 38.085741], [-122.588135, 38.084176], [-122.587671, 38.084051], [-122.582964, 38.076741], [-122.582941, 38.076647], [-122.581859, 38.076169], [-122.580024, 38.07566], [-122.579865, 38.075664], [-122.578223, 38.075649], [-122.575369, 38.074569], [-122.57331, 38.074479], [-122.573369, 38.065579], [-122.573947, 38.065494], [-122.574473, 38.065319], [-122.575068, 38.064957], [-122.575606, 38.064348], [-122.580478, 38.061551], [-122.580101, 38.061215], [-122.579801, 38.061064], [-122.577477, 38.059641], [-122.575892, 38.05913], [-122.574919, 38.059284], [-122.568055, 38.058328], [-122.562205, 38.059229], [-122.561635, 38.059318], [-122.560056, 38.059478], [-122.559419, 38.05946], [-122.559217, 38.059471], [-122.558204, 38.060177], [-122.549321, 38.061175], [-122.549177, 38.060808], [-122.546761, 38.060463], [-122.543115, 38.058797], [-122.54459, 38.051651], [-122.547876, 38.049937], [-122.551187, 38.050237], [-122.551821, 38.050441], [-122.549461, 38.046704], [-122.550967, 38.040208], [-122.553142, 38.033687], [-122.553673, 38.032898], [-122.556435, 38.030291], [-122.560706, 38.028318], [-122.567522, 38.030634], [-122.568137, 38.031261], [-122.568547, 38.031484], [-122.569392, 38.031802], [-122.574104, 38.033956], [-122.574526, 38.034234], [-122.574816, 38.034376], [-122.581602, 38.035572], [-122.583911, 38.038124], [-122.591402, 38.038122], [-122.591928, 38.038226], [-122.592207, 38.038254], [-122.597919, 38.039672], [-122.60374, 38.041793], [-122.604117, 38.041966], [-122.608159, 38.043817], [-122.608635, 38.044064], [-122.60995, 38.044714], [-122.610479, 38.044949], [-122.611884, 38.04543], [-122.612308, 38.045542], [-122.620313, 38.049006], [-122.622092, 38.049818], [-122.622799, 38.049963], [-122.623241, 38.049999], [-122.623753, 38.049983], [-122.626808, 38.049671], [-122.628095, 38.049556], [-122.628618, 38.049422], [-122.62894, 38.049281], [-122.629426, 38.048985], [-122.630128, 38.048278], [-122.634622, 38.045913], [-122.641773, 38.049186], [-122.642254, 38.05072], [-122.642439, 38.051129], [-122.642678, 38.051474], [-122.643026, 38.051845], [-122.643572, 38.052293], [-122.646491, 38.0544], [-122.646937, 38.054699], [-122.6476, 38.055091], [-122.648006, 38.055285], [-122.650421, 38.056511], [-122.650761, 38.056677], [-122.651121, 38.056815], [-122.652059, 38.057119], [-122.652816, 38.05739], [-122.6535, 38.057645], [-122.653893, 38.057768], [-122.654565, 38.057937], [-122.654963, 38.058013], [-122.655672, 38.058109], [-122.656974, 38.05822], [-122.66106, 38.058302], [-122.661445, 38.05834], [-122.661819, 38.058331], [-122.662236, 38.058273], [-122.66264, 38.058172], [-122.66392, 38.057866], [-122.666841, 38.056184], [-122.669569, 38.054795], [-122.670173, 38.054491], [-122.670685, 38.05417], [-122.67203, 38.053309], [-122.673538, 38.05237], [-122.674189, 38.051991], [-122.675409, 38.051218], [-122.673481, 38.048177], [-122.671111, 38.04944], [-122.670591, 38.049765], [-122.667137, 38.051804], [-122.666687, 38.051978], [-122.666186, 38.052245], [-122.659699, 38.054461], [-122.651209, 38.052507], [-122.645307, 38.045957], [-122.644868, 38.0449], [-122.644687, 38.04452], [-122.643906, 38.043288], [-122.643733, 38.043034], [-122.643275, 38.04258], [-122.642757, 38.042257], [-122.642324, 38.042087], [-122.641759, 38.041972], [-122.641229, 38.041914], [-122.638867, 38.041489], [-122.63758, 38.041196], [-122.636895, 38.041128], [-122.635766, 38.04113], [-122.635203, 38.041206], [-122.634636, 38.041435], [-122.632655, 38.042256], [-122.630875, 38.042849], [-122.63033, 38.043003], [-122.629775, 38.043249], [-122.629435, 38.043455], [-122.620717, 38.043128], [-122.619902, 38.042819], [-122.617249, 38.042445], [-122.615461, 38.04204], [-122.608829, 38.039316], [-122.608395, 38.039035], [-122.607874, 38.038861], [-122.60451, 38.037241], [-122.603834, 38.036871], [-122.603276, 38.036737], [-122.600249, 38.035789], [-122.599279, 38.035312], [-122.596672, 38.034847], [-122.596463, 38.034781], [-122.595762, 38.034581], [-122.595386, 38.034502], [-122.595036, 38.03446], [-122.594526, 38.034461], [-122.591179, 38.033636], [-122.589678, 38.032726], [-122.589325, 38.032542], [-122.588595, 38.032244], [-122.588031, 38.032032], [-122.587634, 38.031904], [-122.584358, 38.03005], [-122.584018, 38.029697], [-122.583539, 38.0293], [-122.583071, 38.028992], [-122.582148, 38.020578], [-122.588889, 38.019623], [-122.588984, 38.019652], [-122.589338, 38.019677], [-122.589696, 38.019714], [-122.590218, 38.019798], [-122.590452, 38.019789], [-122.590632, 38.019737], [-122.591687, 38.019445], [-122.591861, 38.019385], [-122.591929, 38.01934], [-122.592032, 38.019222], [-122.592345, 38.018767], [-122.595596, 38.014763], [-122.596511, 38.013018], [-122.596561, 38.012693], [-122.596645, 38.012149], [-122.597363, 38.006891], [-122.604483, 38.003527], [-122.60563, 38.003693], [-122.61334, 38.00706], [-122.614639, 38.008534], [-122.615179, 38.009073], [-122.615699, 38.009394], [-122.619924, 38.013203], [-122.621772, 38.013426], [-122.62223, 38.013513], [-122.622878, 38.013552], [-122.623269, 38.013526], [-122.631753, 38.015796], [-122.632591, 38.016293], [-122.633055, 38.016546], [-122.633583, 38.016802], [-122.634337, 38.017101], [-122.635296, 38.017404], [-122.635893, 38.017549], [-122.636568, 38.017673], [-122.637207, 38.017756], [-122.637896, 38.017812], [-122.638508, 38.017823], [-122.639511, 38.017788], [-122.640338, 38.0177], [-122.642223, 38.017443], [-122.644099, 38.017186], [-122.64622, 38.016906], [-122.647822, 38.01679], [-122.652307, 38.016648], [-122.658431, 38.022737], [-122.658657, 38.023397], [-122.658932, 38.023811], [-122.659314, 38.024184], [-122.659681, 38.024425], [-122.660163, 38.024623], [-122.663587, 38.026748], [-122.665242, 38.02845], [-122.665607, 38.028881], [-122.66739, 38.030582], [-122.669272, 38.03241], [-122.678976, 38.03854], [-122.681655, 38.041427], [-122.682139, 38.042277], [-122.682415, 38.042646], [-122.682952, 38.043123], [-122.683433, 38.043396], [-122.683735, 38.043523], [-122.684226, 38.043696], [-122.688579, 38.046921], [-122.689936, 38.049688], [-122.690045, 38.049948], [-122.690726, 38.051586], [-122.692041, 38.055997], [-122.692474, 38.056558], [-122.693537, 38.057847], [-122.694495, 38.059171], [-122.694747, 38.059564], [-122.696176, 38.062102], [-122.696592, 38.062485], [-122.701475, 38.06851], [-122.702141, 38.069903], [-122.703075, 38.071681], [-122.704996, 38.075375], [-122.705899, 38.077096], [-122.706101, 38.077434], [-122.70647, 38.077947], [-122.706957, 38.078497], [-122.707409, 38.078916], [-122.707889, 38.079291], [-122.708436, 38.079656], [-122.709062, 38.080001], [-122.709588, 38.080241], [-122.711843, 38.081135], [-122.714098, 38.082029], [-122.716354, 38.082924], [-122.71906, 38.084074], [-122.721639, 38.081539], [-122.721246, 38.081214], [-122.720686, 38.080847], [-122.720067, 38.080529], [-122.71768, 38.079577], [-122.715425, 38.078683], [-122.71317, 38.077789], [-122.708184, 38.073704], [-122.706273, 38.070026], [-122.705327, 38.068228], [-122.704523, 38.066397], [-122.702389, 38.06297], [-122.701585, 38.061932], [-122.700257, 38.060115], [-122.699977, 38.059769], [-122.696207, 38.052923], [-122.694713, 38.049433], [-122.691814, 38.045341], [-122.691464, 38.044582], [-122.691304, 38.044267], [-122.690499, 38.043075], [-122.689804, 38.04206], [-122.68924, 38.041487], [-122.688573, 38.041054], [-122.688217, 38.040886], [-122.683895, 38.03754], [-122.683389, 38.03705], [-122.682222, 38.036187], [-122.681705, 38.035865], [-122.680528, 38.035292], [-122.672002, 38.030064], [-122.671781, 38.029807], [-122.669875, 38.027977], [-122.667795, 38.025666], [-122.667634, 38.02541], [-122.671921, 38.017508], [-122.673491, 38.018047], [-122.677107, 38.019694], [-122.680323, 38.019345], [-122.685234, 38.018644], [-122.693147, 38.022349], [-122.695139, 38.022582], [-122.699963, 38.02451], [-122.702603, 38.024022], [-122.7029, 38.02324], [-122.703143, 38.022167], [-122.703197, 38.02179], [-122.706073, 38.016165], [-122.714816, 38.015089], [-122.715905, 38.015748], [-122.716285, 38.015894], [-122.717242, 38.016324], [-122.717805, 38.016573], [-122.719265, 38.017268], [-122.722779, 38.020095], [-122.723011, 38.02037], [-122.723529, 38.020819], [-122.723882, 38.021024], [-122.724233, 38.021179], [-122.724936, 38.021423], [-122.726514, 38.021892], [-122.72708, 38.021984], [-122.727562, 38.022004], [-122.733974, 38.028148], [-122.734104, 38.028882], [-122.734342, 38.02963], [-122.734589, 38.030109], [-122.734858, 38.030494], [-122.73541, 38.03106], [-122.735757, 38.031299], [-122.736158, 38.031525], [-122.737165, 38.03202], [-122.740782, 38.034921], [-122.743003, 38.042017], [-122.743052, 38.042841], [-122.743191, 38.043362], [-122.743424, 38.043805], [-122.743879, 38.044315], [-122.744372, 38.044694], [-122.744753, 38.044946], [-122.745082, 38.045139], [-122.745774, 38.045511], [-122.746329, 38.045767], [-122.751562, 38.049283], [-122.751974, 38.049632], [-122.752412, 38.049882], [-122.752751, 38.050023], [-122.754401, 38.05061], [-122.754774, 38.050691], [-122.755644, 38.050819], [-122.758027, 38.051541], [-122.758396, 38.051628], [-122.762348, 38.051095], [-122.764297, 38.050298], [-122.767589, 38.049452], [-122.767487, 38.045853], [-122.766139, 38.045892], [-122.765753, 38.045928], [-122.765383, 38.046001], [-122.764962, 38.046139], [-122.762935, 38.046966], [-122.756835, 38.047396], [-122.752548, 38.044736], [-122.751814, 38.043998], [-122.747738, 38.037236], [-122.7476, 38.036576], [-122.74733, 38.036042], [-122.745128, 38.029205], [-122.744883, 38.028437], [-122.74431, 38.027777], [-122.743641, 38.027442], [-122.73715, 38.022978], [-122.735143, 38.019518], [-122.734903, 38.018932], [-122.734435, 38.01824], [-122.734092, 38.017871], [-122.733573, 38.017508], [-122.732919, 38.017273], [-122.732308, 38.017206], [-122.723961, 38.014452], [-122.723332, 38.014257], [-122.719534, 38.01336], [-122.716017, 38.010977], [-122.713314, 38.005327], [-122.713151, 38.004818], [-122.712873, 38.004356], [-122.712501, 38.003947], [-122.712119, 38.003652], [-122.711594, 38.003381], [-122.710403, 38.003055], [-122.709616, 38.00282], [-122.709101, 38.002741], [-122.706278, 38.00322], [-122.705732, 38.003366], [-122.705291, 38.003577], [-122.699643, 38.005706], [-122.69734, 38.00728], [-122.690883, 38.010559], [-122.6884, 38.00873], [-122.685998, 38.007352], [-122.685815, 38.007231], [-122.683101, 38.009319], [-122.677294, 38.01062], [-122.671821, 38.008261], [-122.670979, 38.007791], [-122.667168, 38.006837], [-122.665857, 38.007143], [-122.662443, 38.010204], [-122.654471, 38.008328], [-122.646904, 38.005392], [-122.646413, 38.005074], [-122.639854, 38.001104], [-122.636917, 37.997595], [-122.63614, 37.997702], [-122.635837, 37.997825], [-122.629765, 38.002124], [-122.628295, 38.003398], [-122.627934, 38.004204], [-122.627893, 38.004602], [-122.62644, 38.007884], [-122.618559, 38.006936], [-122.617409, 37.999275], [-122.617543, 37.998156], [-122.617419, 37.99766], [-122.616766, 37.996473], [-122.616255, 37.996103], [-122.614978, 37.995258], [-122.613483, 37.994097], [-122.61313, 37.993978], [-122.608688, 37.992198], [-122.607175, 37.991072], [-122.603634, 37.988984], [-122.603617, 37.981186], [-122.605943, 37.979211], [-122.60734, 37.978169], [-122.614799, 37.976324], [-122.6153, 37.976348], [-122.61637, 37.976456], [-122.616814, 37.976468], [-122.618367, 37.976601], [-122.619115, 37.976591], [-122.61996, 37.976241], [-122.626563, 37.97488], [-122.626991, 37.974799], [-122.627597, 37.974506], [-122.628178, 37.973868], [-122.632697, 37.968843], [-122.633328, 37.967497], [-122.633676, 37.964114], [-122.633718, 37.962985], [-122.633465, 37.96238], [-122.633113, 37.961924], [-122.632165, 37.96085], [-122.626165, 37.960854], [-122.625511, 37.960851], [-122.624923, 37.961011], [-122.62437, 37.961282], [-122.624096, 37.961452], [-122.623644, 37.961871], [-122.623241, 37.962615], [-122.623144, 37.963388], [-122.623114, 37.965011], [-122.623035, 37.965584], [-122.620441, 37.97021], [-122.620062, 37.970537], [-122.614526, 37.972013], [-122.613648, 37.971904], [-122.611339, 37.971464], [-122.610665, 37.971193], [-122.607056, 37.965415], [-122.609046, 37.962094], [-122.610036, 37.961361], [-122.610419, 37.96111], [-122.610592, 37.959024], [-122.608232, 37.958246], [-122.601593, 37.95302], [-122.60118, 37.952514], [-122.6008, 37.952202], [-122.598207, 37.949608], [-122.597708, 37.949354], [-122.595728, 37.949494], [-122.594987, 37.950196], [-122.59438, 37.95101], [-122.59423, 37.95178], [-122.595403, 37.953575], [-122.59733, 37.956994], [-122.597836, 37.958584], [-122.59788, 37.958693], [-122.598097, 37.959269], [-122.598867, 37.961342], [-122.599276, 37.962314], [-122.599854, 37.962817], [-122.599377, 37.971683], [-122.598913, 37.971934], [-122.598154, 37.97253], [-122.597231, 37.973515], [-122.588824, 37.975857], [-122.588073, 37.97575], [-122.587074, 37.975636], [-122.580094, 37.972999], [-122.578978, 37.97219], [-122.574745, 37.964985], [-122.574046, 37.958819], [-122.574044, 37.958321], [-122.570715, 37.950982], [-122.571075, 37.945356], [-122.57073, 37.945025], [-122.569651, 37.94395], [-122.568888, 37.943493], [-122.563013, 37.939766], [-122.561208, 37.939088], [-122.555621, 37.93844], [-122.553017, 37.933026], [-122.558296, 37.926126], [-122.563656, 37.921927], [-122.564252, 37.921695], [-122.564964, 37.920987], [-122.565205, 37.9203], [-122.570482, 37.914373], [-122.571264, 37.914069], [-122.578125, 37.913847], [-122.581257, 37.916599], [-122.582008, 37.91744], [-122.581452, 37.925616], [-122.581149, 37.929204], [-122.583423, 37.930842], [-122.584113, 37.93133], [-122.584573, 37.931498], [-122.591882, 37.92906], [-122.592846, 37.929022], [-122.593247, 37.928944], [-122.593889, 37.928674], [-122.594242, 37.928423], [-122.595089, 37.927883], [-122.595466, 37.927653], [-122.596034, 37.927294], [-122.596579, 37.926902], [-122.601111, 37.92462], [-122.601633, 37.924466], [-122.603233, 37.923628], [-122.604014, 37.923031], [-122.604371, 37.922728], [-122.606303, 37.921242], [-122.607305, 37.920573], [-122.607962, 37.919946], [-122.608469, 37.919247], [-122.611578, 37.915673], [-122.611995, 37.915334], [-122.61296, 37.914238], [-122.620307, 37.912345], [-122.623274, 37.914028], [-122.62366, 37.914394], [-122.625614, 37.916721], [-122.625938, 37.917227], [-122.627106, 37.919584], [-122.62746, 37.920278], [-122.627685, 37.920562], [-122.628137, 37.921054], [-122.628885, 37.921784], [-122.629346, 37.922082], [-122.629774, 37.922264], [-122.634135, 37.924221], [-122.634617, 37.924446], [-122.637731, 37.926026], [-122.639795, 37.923077], [-122.639372, 37.922686], [-122.63905, 37.922443], [-122.638423, 37.922065], [-122.638075, 37.921886], [-122.637503, 37.921662], [-122.63504, 37.920467], [-122.634643, 37.920252], [-122.633882, 37.919778], [-122.630564, 37.916238], [-122.630258, 37.915559], [-122.629901, 37.915161], [-122.627453, 37.911348], [-122.627244, 37.91071], [-122.626702, 37.910056], [-122.626319, 37.909783], [-122.625961, 37.909602], [-122.625369, 37.909421], [-122.624364, 37.909194], [-122.623631, 37.909093], [-122.621008, 37.908168], [-122.62048, 37.907815], [-122.620029, 37.907597], [-122.619545, 37.907455], [-122.616364, 37.904865], [-122.618884, 37.897711], [-122.619668, 37.897425], [-122.623669, 37.895934], [-122.624348, 37.895928], [-122.631013, 37.899356], [-122.631438, 37.899851], [-122.631957, 37.900272], [-122.632345, 37.900534], [-122.632741, 37.900753], [-122.635314, 37.901325], [-122.637132, 37.902497], [-122.637389, 37.902729], [-122.638185, 37.903265], [-122.640553, 37.90587], [-122.640877, 37.905889], [-122.641489, 37.905813], [-122.649377, 37.907632], [-122.649957, 37.90815], [-122.650485, 37.908539], [-122.650921, 37.908733], [-122.653815, 37.91047], [-122.654261, 37.910701], [-122.655763, 37.91138], [-122.656175, 37.911588], [-122.657119, 37.911977], [-122.660466, 37.913972], [-122.660799, 37.914204], [-122.66506, 37.917546], [-122.6654, 37.91787], [-122.666662, 37.918981], [-122.667037, 37.919257], [-122.669836, 37.921933], [-122.670208, 37.92237], [-122.67071, 37.922756], [-122.673749, 37.925539], [-122.659652, 37.938016], [-122.659241, 37.937756], [-122.65849, 37.937569], [-122.657116, 37.940034], [-122.65734, 37.940775], [-122.657616, 37.94111], [-122.658153, 37.941528], [-122.65865, 37.941746], [-122.659979, 37.941705], [-122.660032, 37.941682], [-122.660649, 37.93934], [-122.660271, 37.938539], [-122.674253, 37.926109], [-122.674802, 37.926515], [-122.675237, 37.926738], [-122.67563, 37.926883], [-122.681011, 37.930858], [-122.681324, 37.931167], [-122.681718, 37.931453], [-122.68212, 37.931672], [-122.683122, 37.932115], [-122.683564, 37.932246], [-122.688229, 37.934019], [-122.689068, 37.934318], [-122.691475, 37.935137], [-122.691693, 37.935214], [-122.692902, 37.931823], [-122.692168, 37.931215], [-122.688943, 37.928973], [-122.681559, 37.924557], [-122.680379, 37.923845], [-122.679603, 37.923495], [-122.674972, 37.921031], [-122.671374, 37.917343], [-122.67077, 37.916847], [-122.665976, 37.912742], [-122.664807, 37.911725], [-122.664407, 37.911448], [-122.664013, 37.911244], [-122.661084, 37.909695], [-122.660568, 37.90942], [-122.65409, 37.903394], [-122.653788, 37.902886], [-122.652718, 37.902138], [-122.64991, 37.900701], [-122.64799, 37.899747], [-122.645417, 37.898644], [-122.64351, 37.897661], [-122.636581, 37.892337], [-122.634856, 37.889837], [-122.634035, 37.889071], [-122.630751, 37.88608], [-122.630286, 37.88575], [-122.629684, 37.885548], [-122.622159, 37.880912], [-122.621322, 37.880158], [-122.620864, 37.879844], [-122.617583, 37.877827], [-122.616995, 37.877561], [-122.616393, 37.877475], [-122.60902, 37.876754], [-122.605965, 37.875647], [-122.599507, 37.873243], [-122.599033, 37.873092], [-122.598176, 37.872957], [-122.591066, 37.868488], [-122.588326, 37.863857], [-122.587797, 37.863234], [-122.582558, 37.859763], [-122.58178, 37.859891], [-122.577687, 37.86053], [-122.572371, 37.861247], [-122.571986, 37.861328], [-122.567796, 37.862999], [-122.56713, 37.863217], [-122.566583, 37.863518], [-122.564761, 37.864671], [-122.564228, 37.864966], [-122.561519, 37.866282], [-122.561145, 37.867421], [-122.561043, 37.867923], [-122.556967, 37.874155], [-122.556484, 37.874476], [-122.547914, 37.873691], [-122.547316, 37.873058], [-122.546478, 37.872635], [-122.542993, 37.871444], [-122.542182, 37.871429], [-122.541667, 37.871518], [-122.536005, 37.86994], [-122.536281, 37.863154], [-122.536614, 37.862678], [-122.536628, 37.862622], [-122.536165, 37.860549], [-122.534786, 37.859744], [-122.534242, 37.859657], [-122.533058, 37.859685], [-122.528197, 37.866765], [-122.527565, 37.867293], [-122.526039, 37.868647], [-122.525691, 37.868992], [-122.525328, 37.869534], [-122.524841, 37.870646], [-122.524558, 37.871254], [-122.516302, 37.872704], [-122.514771, 37.869525], [-122.508565, 37.863503], [-122.508332, 37.862994], [-122.508057, 37.862503], [-122.507741, 37.862035], [-122.50739, 37.861594], [-122.507, 37.861175], [-122.506314, 37.86052], [-122.505205, 37.859419], [-122.504904, 37.859088], [-122.504643, 37.858874], [-122.500616, 37.856592], [-122.500145, 37.856197], [-122.499799, 37.855959], [-122.499428, 37.855738], [-122.499038, 37.855541], [-122.498645, 37.855374], [-122.498203, 37.85522], [-122.494445, 37.852332], [-122.494073, 37.851817], [-122.495463, 37.843466], [-122.496248, 37.842957], [-122.496841, 37.842637], [-122.498017, 37.842084], [-122.49839, 37.841852], [-122.498724, 37.841592], [-122.499814, 37.84056], [-122.5035, 37.83806], [-122.504053, 37.837779], [-122.504447, 37.837496], [-122.509344, 37.83471], [-122.518014, 37.834719], [-122.518509, 37.834828], [-122.518833, 37.834877], [-122.520394, 37.835036], [-122.52103, 37.835066], [-122.521978, 37.835029], [-122.522399, 37.83494], [-122.52811, 37.834213], [-122.531361, 37.834656], [-122.532978, 37.834612], [-122.535098, 37.834309], [-122.537495, 37.833818], [-122.538953, 37.832781], [-122.53918, 37.832198], [-122.537946, 37.830247], [-122.531639, 37.825616], [-122.529531, 37.821869], [-122.526793, 37.822192], [-122.526503, 37.822394], [-122.526096, 37.82283], [-122.525854, 37.823255], [-122.5257, 37.823798], [-122.525181, 37.825266], [-122.524822, 37.825978], [-122.522206, 37.82955], [-122.516828, 37.830552], [-122.509824, 37.824986], [-122.508895, 37.824559], [-122.508397, 37.82435], [-122.507588, 37.824297], [-122.506024, 37.824425], [-122.505505, 37.824485], [-122.500217, 37.824504], [-122.499714, 37.82446], [-122.499177, 37.824527], [-122.498642, 37.824744], [-122.498061, 37.825192], [-122.497782, 37.825517], [-122.496752, 37.826782], [-122.496234, 37.827417], [-122.488644, 37.830149], [-122.485083, 37.8273], [-122.480435, 37.819843], [-122.480024, 37.816334], [-122.479612, 37.812825], [-122.479168, 37.809127], [-122.479067, 37.808727], [-122.478901, 37.808293], [-122.478604, 37.807737], [-122.477441, 37.804566], [-122.480702, 37.798582], [-122.482161, 37.795861], [-122.482307, 37.795203], [-122.485787, 37.789537], [-122.491267, 37.788869], [-122.491316, 37.788856], [-122.498019, 37.788145], [-122.498613, 37.788196], [-122.499332, 37.788168], [-122.499915, 37.78804], [-122.500459, 37.787792], [-122.500817, 37.787553], [-122.501028, 37.787382], [-122.506697, 37.783388], [-122.510432, 37.78295], [-122.511293, 37.78274], [-122.514184, 37.780594], [-122.514857, 37.780096], [-122.515252, 37.779497], [-122.515436, 37.778781], [-122.515345, 37.77804], [-122.514995, 37.77727], [-122.513068, 37.772065], [-122.512136, 37.76438], [-122.512123, 37.764031], [-122.510864, 37.75985], [-122.509362, 37.752748], [-122.509497, 37.747017], [-122.508998, 37.743298], [-122.508754, 37.74149], [-122.508251, 37.737742], [-122.507184, 37.735423], [-122.507146, 37.73538], [-122.502651, 37.730218], [-122.504866, 37.7242], [-122.504744, 37.723621], [-122.504602, 37.723207], [-122.504343, 37.722633], [-122.50186, 37.717166], [-122.500034, 37.7091], [-122.50007, 37.706688], [-122.500052, 37.70611], [-122.499974, 37.705527], [-122.499899, 37.705178], [-122.499741, 37.70466], [-122.49952, 37.704119], [-122.49824, 37.700889], [-122.496506, 37.693524], [-122.49641, 37.692942], [-122.496276, 37.692443], [-122.496057, 37.691844], [-122.494684, 37.688085], [-122.493595, 37.680775], [-122.493446, 37.678937], [-122.492836, 37.677256], [-122.491465, 37.674936], [-122.49433, 37.666783], [-122.496192, 37.665063], [-122.495979, 37.664481], [-122.495574, 37.663764], [-122.494518, 37.655572], [-122.494568, 37.65476], [-122.494602, 37.649946], [-122.493927, 37.643485], [-122.494246, 37.636505], [-122.494246, 37.635887], [-122.494249, 37.635262], [-122.494249, 37.634011], [-122.494249, 37.633379], [-122.494206, 37.632747], [-122.494172, 37.632278], [-122.493855, 37.6303], [-122.492555, 37.624096], [-122.491512, 37.62065], [-122.492852, 37.612442], [-122.495938, 37.611057], [-122.496283, 37.610838], [-122.498045, 37.609175], [-122.498474, 37.608828], [-122.498798, 37.608522], [-122.499195, 37.608077], [-122.499532, 37.607618], [-122.499757, 37.607241], [-122.500003, 37.606736], [-122.500155, 37.606331], [-122.500311, 37.60575], [-122.500397, 37.605179], [-122.500416, 37.604753], [-122.500389, 37.604186], [-122.500332, 37.603793], [-122.500358, 37.601846], [-122.50407, 37.596704], [-122.509767, 37.596822], [-122.511492, 37.596689], [-122.512848, 37.596541], [-122.514609, 37.595124], [-122.514689, 37.594889], [-122.514693, 37.594473], [-122.514568, 37.593876], [-122.514015, 37.593058], [-122.511817, 37.590226], [-122.511551, 37.583285], [-122.51299, 37.580647], [-122.514428, 37.578008], [-122.515867, 37.57537], [-122.517049, 37.572666], [-122.516217, 37.567777], [-122.516352, 37.559117], [-122.516429, 37.558555], [-122.516418, 37.558275], [-122.516349, 37.557853], [-122.516192, 37.557394], [-122.515939, 37.55692], [-122.515728, 37.556643], [-122.514273, 37.55358], [-122.515856, 37.54607], [-122.516365, 37.545295], [-122.514089, 37.54361], [-122.513128, 37.543193], [-122.511718, 37.544247], [-122.510402, 37.548139], [-122.510192, 37.548979], [-122.5101, 37.549843], [-122.510138, 37.550723], [-122.510364, 37.55217], [-122.51073, 37.554214], [-122.51109, 37.556229], [-122.511289, 37.560319], [-122.511033, 37.562856], [-122.510772, 37.564193], [-122.510813, 37.564759], [-122.510902, 37.565163], [-122.511309, 37.566225], [-122.512168, 37.568235], [-122.510951, 37.576304], [-122.50948, 37.578987], [-122.50466, 37.583706], [-122.498819, 37.581469], [-122.494777, 37.576595], [-122.494717, 37.576514], [-122.492769, 37.575944], [-122.492662, 37.575987], [-122.490993, 37.57687], [-122.482678, 37.578813], [-122.475534, 37.578403], [-122.472626, 37.579621], [-122.465858, 37.583046], [-122.465383, 37.583365], [-122.460568, 37.586405], [-122.458972, 37.587779], [-122.458693, 37.59393], [-122.46165, 37.595971], [-122.462062, 37.596232], [-122.463384, 37.595618], [-122.470557, 37.595445], [-122.471309, 37.595432], [-122.478823, 37.599014], [-122.478888, 37.599027], [-122.484664, 37.603068], [-122.478924, 37.609013], [-122.478063, 37.608875], [-122.47315, 37.609541], [-122.472508, 37.611245], [-122.471174, 37.613594], [-122.472841, 37.613734], [-122.475969, 37.613761], [-122.477409, 37.622008], [-122.474503, 37.624475], [-122.474436, 37.624562], [-122.468182, 37.628136], [-122.468092, 37.628143], [-122.467266, 37.628173], [-122.464137, 37.628796], [-122.457403, 37.624992], [-122.453951, 37.620885], [-122.452554, 37.619249], [-122.452149, 37.618733], [-122.449304, 37.618001], [-122.442465, 37.616269], [-122.439949, 37.613677], [-122.437439, 37.611091], [-122.434835, 37.608037], [-122.434473, 37.607577], [-122.432835, 37.605845], [-122.431344, 37.604642], [-122.428332, 37.601355], [-122.427793, 37.60071], [-122.427427, 37.600333], [-122.425968, 37.599098], [-122.423421, 37.596927], [-122.423285, 37.59679], [-122.420784, 37.594437], [-122.417314, 37.591336], [-122.415666, 37.589666], [-122.41382, 37.587795], [-122.412421, 37.586381], [-122.411904, 37.585905], [-122.411265, 37.585384], [-122.409951, 37.584402], [-122.404621, 37.577902], [-122.403568, 37.576076], [-122.401858, 37.573121], [-122.401475, 37.57255], [-122.401121, 37.572101], [-122.400583, 37.571513], [-122.398384, 37.569301], [-122.396072, 37.566984], [-122.395513, 37.566518], [-122.39492, 37.566092], [-122.394294, 37.565707], [-122.393651, 37.565369], [-122.393133, 37.565134], [-122.386094, 37.560506], [-122.381134, 37.554654], [-122.379683, 37.552467], [-122.379044, 37.551566], [-122.374758, 37.545497], [-122.372931, 37.54333], [-122.368494, 37.535585], [-122.367462, 37.531437], [-122.367079, 37.530698], [-122.366721, 37.530309], [-122.361982, 37.524499], [-122.361732, 37.524121], [-122.361288, 37.523689], [-122.358146, 37.519738], [-122.357731, 37.518839], [-122.35747, 37.518453], [-122.356653, 37.517105], [-122.358573, 37.508589], [-122.358879, 37.508303], [-122.359154, 37.507982], [-122.359449, 37.507504], [-122.359707, 37.506866], [-122.359957, 37.505899], [-122.360035, 37.505351], [-122.360132, 37.504151], [-122.366403, 37.498017], [-122.368511, 37.497984], [-122.369435, 37.497363], [-122.369496, 37.497316], [-122.369437, 37.494505], [-122.369136, 37.494425], [-122.365726, 37.493898], [-122.365209, 37.493866], [-122.363679, 37.493962], [-122.363086, 37.49408], [-122.362558, 37.494306], [-122.360092, 37.495625], [-122.359283, 37.496068], [-122.358981, 37.49627], [-122.355865, 37.498637], [-122.35541, 37.499066], [-122.355118, 37.499554], [-122.354956, 37.500128], [-122.354961, 37.500745], [-122.351989, 37.506775], [-122.343827, 37.507884], [-122.342188, 37.506884], [-122.341166, 37.505915], [-122.339091, 37.503372], [-122.336939, 37.500554], [-122.336569, 37.500007], [-122.336258, 37.499658], [-122.33591, 37.49934], [-122.335512, 37.499046], [-122.335077, 37.498794], [-122.334463, 37.498521], [-122.333997, 37.498375], [-122.329191, 37.496882], [-122.325711, 37.497807], [-122.317262, 37.495221], [-122.316995, 37.495025], [-122.316627, 37.494818], [-122.314505, 37.493622], [-122.314006, 37.49336], [-122.313292, 37.493188], [-122.312407, 37.492939], [-122.307903, 37.493179], [-122.306169, 37.492759], [-122.305622, 37.492606], [-122.300402, 37.485861], [-122.300855, 37.483073], [-122.301322, 37.480174], [-122.30145, 37.478785], [-122.301433, 37.478082], [-122.301316, 37.477122], [-122.30116, 37.476441], [-122.300849, 37.475493], [-122.300433, 37.474576], [-122.299938, 37.473731], [-122.299521, 37.47315], [-122.298876, 37.472396], [-122.296307, 37.469151], [-122.293536, 37.466711], [-122.290399, 37.468477], [-122.290717, 37.469043], [-122.291691, 37.47041], [-122.292352, 37.471161], [-122.292832, 37.471647], [-122.294801, 37.473487], [-122.294944, 37.473638], [-122.29774, 37.479818], [-122.297302, 37.482496], [-122.296849, 37.485284], [-122.296744, 37.486186], [-122.296741, 37.487226], [-122.296827, 37.487985], [-122.296971, 37.488675], [-122.297077, 37.489056], [-122.297274, 37.489652], [-122.297431, 37.490038], [-122.298664, 37.492126], [-122.299129, 37.492679], [-122.299635, 37.493202], [-122.300177, 37.493692], [-122.300762, 37.494152], [-122.301373, 37.494573], [-122.302014, 37.494959], [-122.302675, 37.495305], [-122.303372, 37.495618], [-122.303751, 37.495769], [-122.304453, 37.496012], [-122.305184, 37.496222], [-122.307054, 37.496677], [-122.308856, 37.497114], [-122.30947, 37.497277], [-122.310373, 37.497554], [-122.311224, 37.497864], [-122.312048, 37.498214], [-122.315119, 37.500626], [-122.317484, 37.508479], [-122.315559, 37.510119], [-122.316042, 37.513686], [-122.316201, 37.513665], [-122.321688, 37.514217], [-122.324252, 37.521582], [-122.324546, 37.524348], [-122.322583, 37.530887], [-122.314729, 37.529663], [-122.313171, 37.528077], [-122.313062, 37.52807], [-122.30803, 37.528116], [-122.306076, 37.52799], [-122.305965, 37.528034], [-122.299744, 37.530285], [-122.293065, 37.526994], [-122.291252, 37.52708], [-122.287039, 37.526773], [-122.281717, 37.522501], [-122.279662, 37.518505], [-122.278973, 37.51746], [-122.278218, 37.516862], [-122.273661, 37.51377], [-122.272366, 37.513449], [-122.269301, 37.512123], [-122.264461, 37.506905], [-122.264301, 37.506771], [-122.263953, 37.506484], [-122.263555, 37.506147], [-122.261926, 37.505636], [-122.259177, 37.504964], [-122.257332, 37.50525], [-122.250219, 37.501865], [-122.250212, 37.501859], [-122.249154, 37.501835], [-122.248018, 37.501757], [-122.240499, 37.497418], [-122.237077, 37.493822], [-122.236916, 37.493677], [-122.234934, 37.493613], [-122.226371, 37.492418], [-122.225021, 37.491926], [-122.224193, 37.49159], [-122.22217, 37.490695], [-122.220148, 37.4898], [-122.218691, 37.493092], [-122.220713, 37.493987], [-122.222736, 37.494882], [-122.223664, 37.495261], [-122.225136, 37.495799], [-122.231414, 37.497638], [-122.234189, 37.498424], [-122.238529, 37.500629], [-122.241782, 37.503505], [-122.243759, 37.505249], [-122.245143, 37.506471], [-122.246527, 37.507693], [-122.247369, 37.508214], [-122.249797, 37.516256], [-122.250492, 37.518879], [-122.251809, 37.520658], [-122.251974, 37.520711], [-122.253977, 37.519783], [-122.26106, 37.524962], [-122.259604, 37.527085], [-122.256713, 37.528512], [-122.256605, 37.528653], [-122.256932, 37.530825], [-122.257189, 37.531134], [-122.260979, 37.536338], [-122.261601, 37.540205], [-122.262175, 37.542527], [-122.257278, 37.548187], [-122.254615, 37.548514], [-122.253926, 37.54884], [-122.253694, 37.548953], [-122.253429, 37.549112], [-122.253197, 37.549285], [-122.25303, 37.549438], [-122.252872, 37.549602], [-122.252713, 37.549802], [-122.251358, 37.551374], [-122.250652, 37.552371], [-122.246053, 37.557235], [-122.245991, 37.557713], [-122.245985, 37.55983], [-122.246032, 37.560363], [-122.246136, 37.560831], [-122.246239, 37.561131], [-122.246522, 37.561696], [-122.249281, 37.566289], [-122.249782, 37.56706], [-122.250344, 37.567913], [-122.250659, 37.568299], [-122.25119, 37.568787], [-122.251528, 37.56904], [-122.251883, 37.569257], [-122.253602, 37.570215], [-122.255872, 37.577078], [-122.252851, 37.579832], [-122.249829, 37.582586], [-122.246808, 37.585339], [-122.241427, 37.589323], [-122.238451, 37.590209], [-122.235465, 37.591099], [-122.23214, 37.592108], [-122.227864, 37.593379], [-122.223589, 37.59465], [-122.219313, 37.595921], [-122.215038, 37.597192], [-122.210763, 37.598462], [-122.206487, 37.599733], [-122.202212, 37.601004], [-122.197936, 37.602275], [-122.193661, 37.603546], [-122.189386, 37.604817], [-122.18511, 37.606087], [-122.180835, 37.607358], [-122.17656, 37.608629], [-122.172284, 37.6099], [-122.16811, 37.611141], [-122.163936, 37.612381], [-122.159525, 37.613875], [-122.155257, 37.615143], [-122.150784, 37.618458], [-122.146023, 37.618017], [-122.143565, 37.61884], [-122.141107, 37.619664], [-122.138649, 37.620487], [-122.135571, 37.62152], [-122.127189, 37.622517], [-122.12285, 37.62178], [-122.114109, 37.620285], [-122.112801, 37.61986], [-122.104639, 37.617744], [-122.104372, 37.617664], [-122.103252, 37.617541], [-122.097177, 37.610983], [-122.097163, 37.609841], [-122.096324, 37.607609], [-122.094611, 37.605831], [-122.089037, 37.60012], [-122.090366, 37.595471], [-122.090088, 37.593227], [-122.089193, 37.586174], [-122.088302, 37.584518], [-122.083792, 37.580044], [-122.08302, 37.575354], [-122.081466, 37.572811], [-122.077578, 37.568984], [-122.076325, 37.567591], [-122.075623, 37.567203], [-122.075599, 37.567189], [-122.074874, 37.566793], [-122.074713, 37.566715], [-122.074577, 37.566668], [-122.074321, 37.566631], [-122.07122, 37.565138], [-122.072572, 37.556777], [-122.074775, 37.555961], [-122.07764, 37.554891], [-122.079627, 37.554087], [-122.084098, 37.553535], [-122.088119, 37.555091], [-122.088795, 37.555332], [-122.089417, 37.555451], [-122.089581, 37.555484], [-122.090304, 37.551958], [-122.08905, 37.551158], [-122.087899, 37.550536], [-122.086721, 37.550166], [-122.083031, 37.542724], [-122.083768, 37.539805], [-122.089733, 37.533904], [-122.090463, 37.533644], [-122.091138, 37.533367], [-122.091793, 37.533072], [-122.092477, 37.532731], [-122.093137, 37.532367], [-122.093808, 37.531953], [-122.09442, 37.531541], [-122.095, 37.531117], [-122.095518, 37.530698], [-122.097311, 37.529148], [-122.099104, 37.527599], [-122.100897, 37.52605], [-122.102724, 37.52447], [-122.10325, 37.523991], [-122.103736, 37.523509], [-122.104151, 37.523059], [-122.104566, 37.522567], [-122.104948, 37.522075], [-122.106932, 37.519289], [-122.108903, 37.51652], [-122.115237, 37.510351], [-122.11822, 37.508344], [-122.120914, 37.50653], [-122.123608, 37.504717], [-122.126302, 37.502904], [-122.129022, 37.501072], [-122.129576, 37.500684], [-122.130137, 37.500264], [-122.131296, 37.499356], [-122.132431, 37.498351], [-122.134615, 37.496435], [-122.137996, 37.493586], [-122.138234, 37.493354], [-122.140057, 37.491319], [-122.144109, 37.487646], [-122.146788, 37.485265], [-122.152767, 37.483904], [-122.155581, 37.48388], [-122.15759, 37.483863], [-122.159646, 37.484003], [-122.160533, 37.484115], [-122.160982, 37.480543], [-122.160095, 37.480432], [-122.15256, 37.476114], [-122.152543, 37.476108], [-122.150419, 37.47693], [-122.143414, 37.474729], [-122.14017, 37.473682], [-122.140034, 37.473689], [-122.138661, 37.474104], [-122.13781, 37.47443], [-122.137159, 37.475734], [-122.136501, 37.479314], [-122.136579, 37.480504], [-122.137032, 37.488923], [-122.135, 37.490754], [-122.13295, 37.492602], [-122.131216, 37.494255], [-122.130746, 37.49471], [-122.129986, 37.495493], [-122.12789, 37.497307], [-122.126897, 37.498022], [-122.124333, 37.499747], [-122.12177, 37.501473], [-122.118903, 37.503544], [-122.116209, 37.505357], [-122.113227, 37.507364], [-122.112626, 37.507784], [-122.111458, 37.508672], [-122.110238, 37.509688], [-122.109118, 37.510726], [-122.108087, 37.511764], [-122.107561, 37.512347], [-122.107029, 37.513018], [-122.104955, 37.515357], [-122.103467, 37.517452], [-122.098312, 37.523128], [-122.096568, 37.524636], [-122.094823, 37.526144], [-122.093079, 37.527652], [-122.085478, 37.530949], [-122.081598, 37.531543], [-122.07537, 37.531634], [-122.067091, 37.528325], [-122.066356, 37.528014], [-122.066019, 37.527896], [-122.065418, 37.527775], [-122.063102, 37.527093], [-122.05878, 37.520754], [-122.058422, 37.519801], [-122.058014, 37.519053], [-122.052209, 37.515382], [-122.051291, 37.515288], [-122.050386, 37.515285], [-122.047496, 37.515384], [-122.044607, 37.516861], [-122.043095, 37.517609], [-122.035077, 37.517571], [-122.034988, 37.51764], [-122.033749, 37.518888], [-122.033543, 37.519144], [-122.03329, 37.519458], [-122.029402, 37.522287], [-122.024942, 37.523489], [-122.019471, 37.519681], [-122.014828, 37.513931], [-122.016184, 37.508562], [-122.016596, 37.502015], [-122.016641, 37.501257], [-122.016589, 37.500895], [-122.013047, 37.501081], [-122.012985, 37.501091], [-122.011236, 37.501995], [-122.010672, 37.502424], [-122.010105, 37.50332], [-122.007058, 37.507479], [-122.001032, 37.507267], [-121.997551, 37.505543], [-121.9913, 37.504022], [-121.989816, 37.497016], [-121.98901, 37.495587], [-121.987049, 37.494713], [-121.978862, 37.495201], [-121.976769, 37.494352], [-121.969024, 37.492257], [-121.967789, 37.491357], [-121.966886, 37.49084], [-121.963835, 37.48901], [-121.963442, 37.4888], [-121.963002, 37.488593], [-121.962251, 37.488303], [-121.961591, 37.488104], [-121.96114, 37.48799], [-121.959824, 37.487625], [-121.95903, 37.487488], [-121.958193, 37.487447], [-121.957772, 37.487596], [-121.955687, 37.488035], [-121.952591, 37.48821], [-121.947808, 37.484622], [-121.948171, 37.479286], [-121.944957, 37.474498], [-121.943451, 37.472867], [-121.943031, 37.472489], [-121.940448, 37.470416], [-121.94006, 37.470004], [-121.936839, 37.461653], [-121.936479, 37.456592], [-121.936272, 37.453767], [-121.935087, 37.452506], [-121.933631, 37.452233], [-121.931444, 37.451489], [-121.931064, 37.451442], [-121.930893, 37.451417], [-121.930516, 37.451362], [-121.929988, 37.45133], [-121.923629, 37.445079], [-121.924179, 37.44164], [-121.923354, 37.439498], [-121.921074, 37.434169], [-121.921017, 37.432596], [-121.920991, 37.431554], [-121.925959, 37.424994], [-121.92618, 37.4249], [-121.930912, 37.424158], [-121.931567, 37.424062], [-121.932838, 37.423832], [-121.935465, 37.423302], [-121.937803, 37.423219], [-121.941269, 37.421902], [-121.945741, 37.421254], [-121.945738, 37.417654], [-121.944654, 37.417655], [-121.944234, 37.417664], [-121.943711, 37.417703], [-121.943141, 37.417783], [-121.940461, 37.418394], [-121.938845, 37.418757], [-121.936578, 37.419281], [-121.93435, 37.419797], [-121.932046, 37.420321], [-121.930933, 37.420518], [-121.930391, 37.420596], [-121.926667, 37.420959], [-121.924772, 37.421587], [-121.922121, 37.421996], [-121.916058, 37.417407], [-121.915789, 37.416702], [-121.915284, 37.414941], [-121.915192, 37.414674], [-121.913639, 37.411328], [-121.912726, 37.408757], [-121.912446, 37.407848], [-121.912204, 37.406929], [-121.911801, 37.404877], [-121.911115, 37.402291], [-121.907612, 37.403121], [-121.908172, 37.405482], [-121.90869, 37.407711], [-121.908963, 37.40876], [-121.909285, 37.409814], [-121.910245, 37.41253], [-121.911067, 37.414932], [-121.911896, 37.417352], [-121.911995, 37.424967], [-121.911157, 37.42791], [-121.911301, 37.428039], [-121.917492, 37.434529], [-121.917687, 37.436193], [-121.91515, 37.443257], [-121.915109, 37.443303], [-121.912633, 37.44631], [-121.911562, 37.44732], [-121.91156, 37.447321], [-121.910982, 37.448505], [-121.910977, 37.449256], [-121.909489, 37.456405], [-121.905213, 37.462736], [-121.902398, 37.464979], [-121.902962, 37.465687], [-121.90597, 37.469438], [-121.909568, 37.475338], [-121.910893, 37.479644], [-121.912072, 37.48344], [-121.912245, 37.48392], [-121.91262, 37.484794], [-121.913337, 37.486002], [-121.913914, 37.493795], [-121.912442, 37.494964], [-121.912349, 37.495064], [-121.91145, 37.497296], [-121.910919, 37.499765], [-121.911207, 37.500074], [-121.912227, 37.500811], [-121.916395, 37.508067], [-121.917714, 37.512073], [-121.921264, 37.51267], [-121.928393, 37.517744], [-121.930123, 37.517442], [-121.930624, 37.517315], [-121.933623, 37.517353], [-121.937977, 37.51839], [-121.939444, 37.519854], [-121.936905, 37.527871], [-121.934932, 37.529663], [-121.933893, 37.531971], [-121.930487, 37.53499], [-121.925113, 37.534337], [-121.922925, 37.532909], [-121.921441, 37.531424], [-121.919724, 37.530493], [-121.919482, 37.530421], [-121.919332, 37.530446], [-121.917957, 37.532332], [-121.917454, 37.534889], [-121.916622, 37.539342], [-121.918011, 37.546144], [-121.916409, 37.550797], [-121.915327, 37.552818], [-121.914389, 37.554231], [-121.912273, 37.556792], [-121.910107, 37.558211], [-121.902571, 37.557102], [-121.902054, 37.556794], [-121.901578, 37.556658], [-121.901226, 37.556563], [-121.89463, 37.554902], [-121.894002, 37.554725], [-121.892725, 37.554516], [-121.892349, 37.554481], [-121.892077, 37.554473], [-121.890861, 37.554607], [-121.885361, 37.552279], [-121.883676, 37.547633], [-121.883725, 37.546494], [-121.881672, 37.544058], [-121.881309, 37.543568], [-121.880992, 37.543175], [-121.880236, 37.54301], [-121.8802, 37.543004], [-121.878059, 37.545262], [-121.878287, 37.545582], [-121.879303, 37.547335], [-121.879662, 37.548178], [-121.880235, 37.553544], [-121.878232, 37.557689], [-121.877938, 37.557996], [-121.869112, 37.556642], [-121.86901, 37.555959], [-121.868925, 37.555543], [-121.867941, 37.554938], [-121.860417, 37.552666], [-121.859542, 37.549056], [-121.859458, 37.547312], [-121.859336, 37.546097], [-121.859255, 37.544945], [-121.85909, 37.543393], [-121.858813, 37.54277], [-121.858115, 37.541759], [-121.856397, 37.539841], [-121.854051, 37.536604], [-121.850766, 37.538077], [-121.850994, 37.538586], [-121.851468, 37.539337], [-121.853037, 37.541601], [-121.855644, 37.5498], [-121.855478, 37.550721], [-121.85566, 37.551618], [-121.856869, 37.559013], [-121.856947, 37.559591], [-121.857257, 37.560301], [-121.86038, 37.566046], [-121.861284, 37.569717], [-121.861662, 37.570809], [-121.862521, 37.573654], [-121.863033, 37.576155], [-121.863523, 37.578062], [-121.863642, 37.578519], [-121.863841, 37.579143], [-121.8642, 37.5801], [-121.864978, 37.582023], [-121.865741, 37.583904], [-121.866413, 37.585603], [-121.86378, 37.594109], [-121.861743, 37.59478], [-121.860457, 37.59495], [-121.858591, 37.595443], [-121.856736, 37.59575], [-121.854485, 37.595803], [-121.854085, 37.595844], [-121.853691, 37.595914], [-121.853008, 37.596082], [-121.848805, 37.596835], [-121.848731, 37.596838], [-121.841842, 37.60165], [-121.839296, 37.602643], [-121.837123, 37.603286], [-121.833084, 37.604463], [-121.828896, 37.605691], [-121.828195, 37.605972], [-121.827606, 37.606275], [-121.82112, 37.609262], [-121.820423, 37.609651], [-121.818619, 37.610794], [-121.816758, 37.612009], [-121.814734, 37.613297], [-121.81382, 37.613905], [-121.812765, 37.614661], [-121.810487, 37.616496], [-121.809568, 37.617254], [-121.809104, 37.617739], [-121.808934, 37.617936], [-121.808348, 37.619045], [-121.808143, 37.619407], [-121.802582, 37.625969], [-121.802167, 37.626326], [-121.801744, 37.626749], [-121.797988, 37.630526], [-121.79744, 37.633092], [-121.795036, 37.638066], [-121.788213, 37.639244], [-121.784613, 37.639224], [-121.777749, 37.643397], [-121.774412, 37.648455], [-121.773058, 37.651073], [-121.769247, 37.657328], [-121.767565, 37.65824], [-121.765213, 37.659246], [-121.764571, 37.661154], [-121.764573, 37.661323], [-121.7652, 37.662845], [-121.76295, 37.670589], [-121.755764, 37.671767], [-121.753547, 37.672332], [-121.753463, 37.672445], [-121.751458, 37.678127], [-121.743458, 37.679351], [-121.741609, 37.676577], [-121.739915, 37.675163], [-121.736068, 37.672512], [-121.735237, 37.672212], [-121.734915, 37.672215], [-121.733448, 37.673589], [-121.726216, 37.676176], [-121.726092, 37.676178], [-121.725667, 37.676236], [-121.725378, 37.676312], [-121.723578, 37.678039], [-121.71689, 37.682285], [-121.716703, 37.684137], [-121.716699, 37.685636], [-121.716881, 37.687352], [-121.716689, 37.689549], [-121.709854, 37.693997], [-121.708815, 37.693995], [-121.704533, 37.699227], [-121.700968, 37.699031], [-121.700857, 37.699052], [-121.700686, 37.699088], [-121.700069, 37.699231], [-121.694856, 37.702505], [-121.694401, 37.705626], [-121.690631, 37.711509], [-121.689494, 37.714096], [-121.682567, 37.719743], [-121.679889, 37.719914], [-121.677023, 37.719602], [-121.673289, 37.718011], [-121.672643, 37.717602], [-121.671981, 37.717246], [-121.671264, 37.716922], [-121.670564, 37.716666], [-121.669791, 37.716436], [-121.669038, 37.716265], [-121.668256, 37.71614], [-121.667516, 37.716068], [-121.66673, 37.716042], [-121.665886, 37.71607], [-121.665066, 37.716151], [-121.664319, 37.71628], [-121.663552, 37.716454], [-121.661396, 37.716984], [-121.653979, 37.713845], [-121.653546, 37.713288], [-121.652164, 37.711986], [-121.651702, 37.711598], [-121.651076, 37.711196], [-121.650734, 37.711026], [-121.65032, 37.710867], [-121.649859, 37.710734], [-121.648626, 37.710362], [-121.646645, 37.713368], [-121.646143, 37.72182], [-121.642333, 37.72306], [-121.639453, 37.724004], [-121.636368, 37.725029], [-121.634285, 37.726072], [-121.632758, 37.727403], [-121.629459, 37.730766], [-121.631473, 37.73375], [-121.632176, 37.733276], [-121.633194, 37.732477], [-121.640574, 37.727425], [-121.643455, 37.726481], [-121.647257, 37.725243], [-121.651063, 37.724004], [-121.653995, 37.72307], [-121.656089, 37.722397], [-121.663539, 37.721442], [-121.672187, 37.721877], [-121.672825, 37.722272], [-121.673372, 37.722555], [-121.674994, 37.722894], [-121.675777, 37.72306], [-121.684369, 37.725149], [-121.691818, 37.72693], [-121.693473, 37.726782], [-121.69405, 37.726745], [-121.694539, 37.726669], [-121.695146, 37.726501], [-121.695688, 37.726265], [-121.696088, 37.726033], [-121.696494, 37.725723], [-121.696758, 37.725479], [-121.697042, 37.725167], [-121.697365, 37.72468], [-121.706093, 37.726733], [-121.710227, 37.732107], [-121.710418, 37.732552], [-121.711346, 37.734221], [-121.712055, 37.735467], [-121.712168, 37.735621], [-121.71305, 37.735257], [-121.713646, 37.734994], [-121.722273, 37.737022], [-121.725873, 37.737062], [-121.725897, 37.734879], [-121.733733, 37.732364], [-121.740586, 37.737902], [-121.740696, 37.739751], [-121.745198, 37.745415], [-121.748798, 37.745426], [-121.753596, 37.739672], [-121.756874, 37.739643], [-121.763332, 37.743261], [-121.768087, 37.749042], [-121.769297, 37.753987], [-121.770134, 37.757545], [-121.777683, 37.760552], [-121.77969, 37.764241], [-121.783247, 37.763686], [-121.790426, 37.761806], [-121.793956, 37.761099], [-121.79903, 37.759938], [-121.798876, 37.756341], [-121.796058, 37.756386], [-121.792775, 37.755809], [-121.79031, 37.755184], [-121.785178, 37.751801], [-121.784696, 37.751299], [-121.784356, 37.751015], [-121.783705, 37.750708], [-121.777837, 37.746535], [-121.774133, 37.739492], [-121.775498, 37.736426], [-121.77175, 37.731857], [-121.77176, 37.728384], [-121.777567, 37.724046], [-121.780245, 37.723716], [-121.781227, 37.723451], [-121.781356, 37.722509], [-121.781355, 37.72225], [-121.77757, 37.720446], [-121.77184, 37.715205], [-121.77216, 37.712817], [-121.775777, 37.70681], [-121.780114, 37.702074], [-121.78542, 37.703231], [-121.785808, 37.703496], [-121.787737, 37.704617], [-121.793662, 37.710641], [-121.793891, 37.711099], [-121.794202, 37.711528], [-121.796121, 37.71543], [-121.796191, 37.715573], [-121.796748, 37.715185], [-121.796915, 37.715057], [-121.797046, 37.714929], [-121.805462, 37.715658], [-121.80615, 37.717443], [-121.806742, 37.720685], [-121.806782, 37.721285], [-121.806663, 37.724479], [-121.806632, 37.724882], [-121.80666, 37.725483], [-121.80688, 37.72694], [-121.80689, 37.73066], [-121.806779, 37.731521], [-121.806764, 37.73209], [-121.806589, 37.73454], [-121.80649, 37.735289], [-121.806163, 37.73835], [-121.80763, 37.741802], [-121.807825, 37.742402], [-121.808084, 37.74284], [-121.808333, 37.743136], [-121.810144, 37.751394], [-121.810097, 37.752123], [-121.810179, 37.752716], [-121.810265, 37.753017], [-121.811142, 37.755496], [-121.811399, 37.756074], [-121.811643, 37.756449], [-121.812289, 37.757254], [-121.812596, 37.757537], [-121.812855, 37.75773], [-121.815344, 37.760341], [-121.815614, 37.760656], [-121.817258, 37.760885], [-121.817463, 37.760819], [-121.818347, 37.758314], [-121.818077, 37.757999], [-121.816058, 37.755669], [-121.821032, 37.74944], [-121.821187, 37.749418], [-121.822856, 37.746076], [-121.822664, 37.745495], [-121.822129, 37.744687], [-121.820949, 37.744149], [-121.82045, 37.744117], [-121.818497, 37.743787], [-121.818101, 37.743683], [-121.811087, 37.738302], [-121.81097, 37.737664], [-121.810425, 37.73379], [-121.811021, 37.729347], [-121.811095, 37.728881], [-121.811071, 37.728275], [-121.810946, 37.727676], [-121.810785, 37.727186], [-121.810614, 37.723793], [-121.810715, 37.723382], [-121.810762, 37.722982], [-121.810754, 37.722495], [-121.810673, 37.721954], [-121.810465, 37.71982], [-121.809517, 37.716167], [-121.812613, 37.708839], [-121.816479, 37.707033], [-121.821598, 37.713087], [-121.821544, 37.713501], [-121.821495, 37.714574], [-121.821528, 37.715304], [-121.821605, 37.715708], [-121.821716, 37.716087], [-121.821895, 37.720482], [-121.822637, 37.722258], [-121.826086, 37.723288], [-121.826238, 37.72278], [-121.826321, 37.722247], [-121.826236, 37.720903], [-121.826183, 37.720542], [-121.825989, 37.719958], [-121.82545, 37.71643], [-121.8254, 37.715765], [-121.825434, 37.712977], [-121.83413, 37.711761], [-121.835111, 37.712823], [-121.835354, 37.719051], [-121.835374, 37.719377], [-121.83565, 37.719616], [-121.835919, 37.719786], [-121.836336, 37.719988], [-121.836869, 37.720224], [-121.837976, 37.720552], [-121.842504, 37.722672], [-121.848342, 37.727225], [-121.854515, 37.729899], [-121.854934, 37.730088], [-121.856451, 37.730792], [-121.854908, 37.739602], [-121.853196, 37.739634], [-121.852761, 37.739779], [-121.852184, 37.741154], [-121.851967, 37.741678], [-121.852127, 37.742061], [-121.853567, 37.74536], [-121.857056, 37.744271], [-121.857495, 37.744225], [-121.858043, 37.744113], [-121.858515, 37.74397], [-121.859287, 37.743627], [-121.860622, 37.743009], [-121.864382, 37.742207], [-121.864559, 37.742183], [-121.869962, 37.74456], [-121.869664, 37.751315], [-121.867667, 37.753931], [-121.867139, 37.75437], [-121.862247, 37.756594], [-121.857749, 37.762058], [-121.857015, 37.765582], [-121.856334, 37.77368], [-121.85246, 37.774252], [-121.851971, 37.774147], [-121.851665, 37.774098], [-121.850344, 37.775484], [-121.850312, 37.775632], [-121.851092, 37.777652], [-121.851684, 37.777767], [-121.852308, 37.777931], [-121.855527, 37.786326], [-121.855549, 37.786791], [-121.857774, 37.792385], [-121.859121, 37.798429], [-121.857489, 37.803766], [-121.858624, 37.806215], [-121.862188, 37.80571], [-121.864268, 37.803184], [-121.872634, 37.800313], [-121.873938, 37.80053], [-121.877323, 37.801009], [-121.878252, 37.801148], [-121.882063, 37.801122], [-121.883046, 37.801057], [-121.883527, 37.800996], [-121.88797, 37.801384], [-121.888194, 37.801432], [-121.892284, 37.80293], [-121.894815, 37.808333], [-121.896979, 37.80942], [-121.898218, 37.808392], [-121.898414, 37.808248], [-121.899066, 37.806487], [-121.904174, 37.8013], [-121.906236, 37.80097], [-121.906778, 37.800908], [-121.907677, 37.80085], [-121.914582, 37.802341], [-121.915181, 37.802576], [-121.921598, 37.807758], [-121.921629, 37.809537], [-121.92046, 37.813078], [-121.919623, 37.814466], [-121.919392, 37.815056], [-121.91926, 37.815881], [-121.921634, 37.824093], [-121.923225, 37.824559], [-121.925646, 37.82557], [-121.927331, 37.826496], [-121.929138, 37.827181], [-121.935062, 37.828967], [-121.93561, 37.829068], [-121.937396, 37.829533], [-121.941226, 37.830598], [-121.939215, 37.839334], [-121.938762, 37.83926], [-121.93821, 37.839245], [-121.937718, 37.839322], [-121.93718, 37.839509], [-121.932608, 37.839738], [-121.931886, 37.839599], [-121.931182, 37.839688], [-121.928666, 37.839961], [-121.928142, 37.840051], [-121.926517, 37.840372], [-121.925941, 37.840838], [-121.925343, 37.841332], [-121.924087, 37.842755], [-121.924323, 37.843376], [-121.925177, 37.844179], [-121.925789, 37.844435], [-121.926287, 37.844535], [-121.932639, 37.845653], [-121.933678, 37.845826], [-121.936276, 37.84611], [-121.936985, 37.846188], [-121.937834, 37.845918], [-121.941585, 37.845269], [-121.945567, 37.845203], [-121.950045, 37.849973], [-121.95189, 37.852467], [-121.952445, 37.852657], [-121.953757, 37.852686], [-121.954196, 37.852423], [-121.954723, 37.851838], [-121.95495, 37.851301], [-121.954991, 37.850755], [-121.954997, 37.850452], [-121.954642, 37.849175], [-121.959435, 37.843596], [-121.963693, 37.846099], [-121.964131, 37.846802], [-121.965323, 37.849632], [-121.964311, 37.856838], [-121.963908, 37.85719], [-121.963269, 37.857702], [-121.962967, 37.858098], [-121.960078, 37.860366], [-121.958359, 37.863128], [-121.958242, 37.863393], [-121.958347, 37.863475], [-121.958951, 37.863853], [-121.959638, 37.864235], [-121.959976, 37.864373], [-121.962672, 37.865633], [-121.963378, 37.865916], [-121.963828, 37.86607], [-121.968656, 37.869172], [-121.968897, 37.869572], [-121.963518, 37.8767], [-121.963137, 37.876562], [-121.962721, 37.876407], [-121.959561, 37.877634], [-121.959744, 37.878215], [-121.960129, 37.878891], [-121.960491, 37.879233], [-121.962672, 37.880773], [-121.965286, 37.882738], [-121.966074, 37.882999], [-121.9732, 37.888494], [-121.973742, 37.889187], [-121.974334, 37.889783], [-121.976052, 37.890269], [-121.982035, 37.892412], [-121.986484, 37.898713], [-121.986785, 37.899316], [-121.987172, 37.89973], [-121.987573, 37.899995], [-121.988382, 37.900384], [-121.989191, 37.900873], [-121.991741, 37.909151], [-121.988451, 37.914523], [-121.986742, 37.917], [-121.977795, 37.91613], [-121.9757, 37.915667], [-121.975023, 37.915469], [-121.974548, 37.91539], [-121.973726, 37.918179], [-121.972981, 37.920126], [-121.965991, 37.925047], [-121.96484, 37.925155], [-121.96402, 37.925181], [-121.962934, 37.925604], [-121.962734, 37.925748], [-121.962185, 37.926202], [-121.959955, 37.928088], [-121.958869, 37.928732], [-121.958075, 37.92956], [-121.957116, 37.930456], [-121.95656, 37.930992], [-121.956011, 37.931985], [-121.955709, 37.933291], [-121.948051, 37.93641], [-121.946711, 37.935345], [-121.943659, 37.930344], [-121.94361, 37.929577], [-121.943503, 37.928468], [-121.9436, 37.926967], [-121.94372, 37.926299], [-121.943726, 37.923483], [-121.940126, 37.923476], [-121.931664, 37.9236], [-121.929561, 37.922556], [-121.924907, 37.922489], [-121.921984, 37.922282], [-121.913574, 37.920743], [-121.908583, 37.918365], [-121.904985, 37.918493], [-121.896372, 37.916328], [-121.892962, 37.91152], [-121.892691, 37.911078], [-121.891941, 37.909938], [-121.891374, 37.909397], [-121.890955, 37.909079], [-121.887698, 37.909389], [-121.887257, 37.909425], [-121.879895, 37.908198], [-121.875854, 37.902356], [-121.875473, 37.90035], [-121.875403, 37.899865], [-121.86814, 37.899677], [-121.866247, 37.902739], [-121.867527, 37.903578], [-121.873289, 37.907813], [-121.874773, 37.909403], [-121.875202, 37.90989], [-121.875625, 37.910172], [-121.880369, 37.913883], [-121.886745, 37.919678], [-121.888426, 37.920562], [-121.890287, 37.920737], [-121.891264, 37.920639], [-121.891893, 37.920595], [-121.89288, 37.920256], [-121.896269, 37.919723], [-121.899188, 37.920195], [-121.903397, 37.92734], [-121.903914, 37.929238], [-121.904451, 37.929645], [-121.905693, 37.93024], [-121.906689, 37.930631], [-121.911955, 37.934006], [-121.913711, 37.936839], [-121.914162, 37.93748], [-121.9146, 37.946283], [-121.913994, 37.946933], [-121.913913, 37.947117], [-121.913795, 37.947723], [-121.913986, 37.948693], [-121.916578, 37.954889], [-121.920027, 37.956585], [-121.925073, 37.962267], [-121.922036, 37.968367], [-121.919475, 37.969709], [-121.91819, 37.970486], [-121.917122, 37.971237], [-121.911678, 37.973006], [-121.911053, 37.973028], [-121.910537, 37.973078], [-121.910164, 37.973142], [-121.908829, 37.973518], [-121.908255, 37.973751], [-121.907816, 37.97398], [-121.901449, 37.976915], [-121.900898, 37.977146], [-121.900404, 37.977405], [-121.899968, 37.97768], [-121.899536, 37.977998], [-121.898952, 37.978532], [-121.89677, 37.980522], [-121.896269, 37.980861], [-121.891387, 37.983031], [-121.88462, 37.978466], [-121.88427, 37.977873], [-121.883209, 37.974829], [-121.883139, 37.974379], [-121.879596, 37.973744], [-121.879539, 37.974062], [-121.879658, 37.975418], [-121.879699, 37.977862], [-121.878035, 37.982385], [-121.872865, 37.984834], [-121.86876, 37.982929], [-121.863594, 37.975984], [-121.863604, 37.975051], [-121.864562, 37.971539], [-121.864966, 37.970456], [-121.865081, 37.96979], [-121.865396, 37.968679], [-121.865362, 37.967714], [-121.865325, 37.9653], [-121.86496, 37.961616], [-121.864983, 37.960055], [-121.864758, 37.959294], [-121.863818, 37.9576], [-121.861155, 37.959639], [-121.860943, 37.961964], [-121.86139, 37.96477], [-121.86029, 37.971901], [-121.860028, 37.973214], [-121.85732, 37.97736], [-121.849887, 37.978748], [-121.845181, 37.977216], [-121.83905, 37.976711], [-121.836878, 37.97639], [-121.836462, 37.976341], [-121.835118, 37.976516], [-121.831389, 37.97924], [-121.828596, 37.979744], [-121.822583, 37.978833], [-121.816776, 37.978575], [-121.811786, 37.973311], [-121.815816, 37.967229], [-121.818638, 37.967203], [-121.821459, 37.967177], [-121.821569, 37.964017], [-121.821426, 37.963577], [-121.818353, 37.958503], [-121.815852, 37.955221], [-121.815146, 37.954449], [-121.814775, 37.954227], [-121.814335, 37.953992], [-121.805637, 37.95193], [-121.804964, 37.951741], [-121.804706, 37.951709], [-121.798303, 37.954642], [-121.796022, 37.954979], [-121.789785, 37.949893], [-121.789359, 37.948181], [-121.788919, 37.948026], [-121.787757, 37.947717], [-121.787147, 37.947801], [-121.785767, 37.94795], [-121.784456, 37.948018], [-121.782435, 37.947799], [-121.780299, 37.947714], [-121.780862, 37.938887], [-121.781334, 37.938709], [-121.781721, 37.938542], [-121.780539, 37.930199], [-121.780791, 37.926608], [-121.780231, 37.922091], [-121.776695, 37.921416], [-121.771202, 37.922016], [-121.770246, 37.922043], [-121.769823, 37.922083], [-121.767159, 37.922167], [-121.764679, 37.923469], [-121.758696, 37.918077], [-121.758675, 37.917954], [-121.751247, 37.917227], [-121.74766, 37.916014], [-121.741363, 37.909981], [-121.740947, 37.90988], [-121.740092, 37.909817], [-121.739466, 37.909867], [-121.738753, 37.91005], [-121.738297, 37.91022], [-121.73744, 37.910694], [-121.73027, 37.907675], [-121.729969, 37.905143], [-121.730451, 37.902723], [-121.730422, 37.902673], [-121.72863, 37.901801], [-121.727061, 37.893107], [-121.725375, 37.884323], [-121.725372, 37.88091], [-121.721772, 37.880914], [-121.719889, 37.887403], [-121.712194, 37.890863], [-121.706731, 37.888446], [-121.706212, 37.888038], [-121.705795, 37.887751], [-121.705103, 37.887327], [-121.704711, 37.88711], [-121.704238, 37.886877], [-121.698329, 37.882078], [-121.694729, 37.882056], [-121.69085, 37.882707], [-121.688408, 37.885352], [-121.688573, 37.885503], [-121.689486, 37.88621], [-121.686431, 37.894651], [-121.685454, 37.894631], [-121.68538, 37.89823], [-121.686356, 37.898251], [-121.688789, 37.898247], [-121.69452, 37.903807], [-121.696208, 37.905512], [-121.696318, 37.905512], [-121.696318, 37.905512], [-121.696429, 37.905512], [-121.69812, 37.903826], [-121.706096, 37.89991], [-121.708814, 37.900917], [-121.712496, 37.901979], [-121.718169, 37.905496], [-121.720104, 37.911202], [-121.715499, 37.91828], [-121.707272, 37.919768], [-121.705423, 37.918675], [-121.704934, 37.918676], [-121.702924, 37.919381], [-121.701135, 37.920095], [-121.696216, 37.921857], [-121.694056, 37.923672], [-121.693171, 37.925103], [-121.693169, 37.925165], [-121.694048, 37.927272], [-121.696016, 37.928327], [-121.696022, 37.928327], [-121.699382, 37.928772], [-121.705031, 37.934681], [-121.700222, 37.941331], [-121.698753, 37.944811], [-121.698481, 37.946925], [-121.698739, 37.948411], [-121.695934, 37.956165], [-121.694392, 37.957358], [-121.690895, 37.959869], [-121.691044, 37.963466], [-121.692001, 37.965705], [-121.692115, 37.973931], [-121.687394, 37.981491], [-121.685398, 37.984251], [-121.685436, 37.984301], [-121.687277, 37.985544], [-121.692205, 37.989095], [-121.695792, 37.992359], [-121.696084, 37.992646], [-121.696146, 37.992707], [-121.698375, 37.994681], [-121.704165, 37.998223], [-121.711674, 38.002403], [-121.715259, 38.006323], [-121.715937, 38.006722], [-121.717182, 38.006778], [-121.72221, 38.007129], [-121.727908, 38.008899], [-121.731251, 38.013119], [-121.733319, 38.012483], [-121.734315, 38.012173], [-121.734453, 38.012136], [-121.73725, 38.01092], [-121.743732, 38.012672], [-121.747426, 38.016743], [-121.747971, 38.017658], [-121.749724, 38.0254], [-121.749738, 38.02973], [-121.749753, 38.03406], [-121.749767, 38.038391], [-121.749782, 38.042669], [-121.749769, 38.043294], [-121.749653, 38.045048], [-121.749543, 38.045631], [-121.749314, 38.046384], [-121.749095, 38.046952], [-121.748798, 38.047596], [-121.748355, 38.04835], [-121.748142, 38.048677], [-121.747902, 38.049015], [-121.747376, 38.049667], [-121.746778, 38.050312], [-121.746105, 38.050919], [-121.737936, 38.047925], [-121.737963, 38.043832], [-121.73799, 38.03974], [-121.738016, 38.035706], [-121.735034, 38.032287], [-121.734653, 38.032427], [-121.734491, 38.032506], [-121.734418, 38.035566], [-121.73439, 38.039716], [-121.734363, 38.043809], [-121.734337, 38.047901], [-121.73431, 38.051993], [-121.734402, 38.052618], [-121.734543, 38.05303], [-121.734882, 38.053609], [-121.736077, 38.059841], [-121.735456, 38.062115], [-121.728883, 38.067225], [-121.72785, 38.067693], [-121.727344, 38.068391], [-121.727197, 38.069234], [-121.727226, 38.069989], [-121.727349, 38.076814], [-121.723549, 38.078897], [-121.721295, 38.079292], [-121.72083, 38.079344], [-121.71894, 38.07944], [-121.718297, 38.079531], [-121.717848, 38.079634], [-121.715685, 38.080252], [-121.715241, 38.080357], [-121.710838, 38.080793], [-121.709781, 38.081073], [-121.709099, 38.081763], [-121.70586, 38.085246], [-121.704902, 38.088134], [-121.708252, 38.089452], [-121.712929, 38.084513], [-121.715979, 38.083881], [-121.716511, 38.083756], [-121.721, 38.08294], [-121.721673, 38.082872], [-121.724164, 38.082445], [-121.7315, 38.082496], [-121.735364, 38.084044], [-121.73721, 38.080953], [-121.735835, 38.074401], [-121.736967, 38.070249], [-121.737686, 38.067612], [-121.738307, 38.065338], [-121.738928, 38.063063], [-121.742976, 38.057152], [-121.746017, 38.055393], [-121.746845, 38.054875], [-121.747929, 38.054075], [-121.74838, 38.053709], [-121.749184, 38.052989], [-121.749997, 38.052135], [-121.750691, 38.051291], [-121.751061, 38.050785], [-121.751364, 38.050325], [-121.751897, 38.049428], [-121.752348, 38.048493], [-121.752664, 38.047704], [-121.752981, 38.046701], [-121.753172, 38.045806], [-121.753181, 38.045767], [-121.753336, 38.045033], [-121.7534, 38.044419], [-121.753442, 38.043607], [-121.753444, 38.042709], [-121.753429, 38.038378], [-121.753415, 38.034048], [-121.7534, 38.029718], [-121.753386, 38.025388], [-121.759611, 38.019291], [-121.760838, 38.019474], [-121.762471, 38.019226], [-121.764194, 38.018411], [-121.770538, 38.012307], [-121.772639, 38.01233], [-121.773875, 38.012341], [-121.778851, 38.014102], [-121.782039, 38.014101], [-121.785402, 38.014065], [-121.791652, 38.013339], [-121.796467, 38.015938], [-121.7987, 38.016715], [-121.806468, 38.017243], [-121.808603, 38.018181], [-121.808911, 38.018326], [-121.809536, 38.018539], [-121.810192, 38.018668], [-121.811258, 38.018704], [-121.819657, 38.01907], [-121.826404, 38.016521], [-121.828362, 38.015534], [-121.836236, 38.019247], [-121.837257, 38.021444], [-121.840601, 38.021326], [-121.844199, 38.021208], [-121.852929, 38.022934], [-121.853542, 38.023223], [-121.856696, 38.024351], [-121.857951, 38.024261], [-121.861174, 38.024157], [-121.864254, 38.024889], [-121.867258, 38.026504], [-121.870707, 38.033439], [-121.871411, 38.033776], [-121.872721, 38.034319], [-121.873202, 38.034456], [-121.874033, 38.034462], [-121.879583, 38.03447], [-121.885024, 38.038823], [-121.891684, 38.041503], [-121.892238, 38.041742], [-121.893973, 38.042185], [-121.894701, 38.042332], [-121.895701, 38.042277], [-121.896151, 38.042153], [-121.904505, 38.041313], [-121.90626, 38.041677], [-121.907573, 38.041566], [-121.913476, 38.040276], [-121.917569, 38.040878], [-121.919581, 38.041352], [-121.920406, 38.037848], [-121.920018, 38.029276], [-121.927755, 38.031052], [-121.928906, 38.031775], [-121.931079, 38.034645], [-121.932527, 38.03349], [-121.940922, 38.036206], [-121.941221, 38.036456], [-121.941768, 38.036838], [-121.94243, 38.037147], [-121.942938, 38.037259], [-121.945267, 38.037681], [-121.946021, 38.037651], [-121.953578, 38.038946], [-121.960286, 38.044457], [-121.960435, 38.044498], [-121.963554, 38.044583], [-121.970425, 38.04213], [-121.973247, 38.042844], [-121.973704, 38.042942], [-121.974281, 38.043013], [-121.978827, 38.043035], [-121.985533, 38.048952], [-121.98752, 38.048172], [-121.99008, 38.046237], [-121.996609, 38.040782], [-121.999688, 38.041439], [-122.002723, 38.042087], [-122.006232, 38.042846], [-122.006784, 38.0429], [-122.009223, 38.039486], [-122.016973, 38.041324], [-122.018105, 38.041199], [-122.024618, 38.040952], [-122.025618, 38.040749], [-122.026978, 38.03993], [-122.029354, 38.038057], [-122.030289, 38.037106], [-122.031268, 38.035975], [-122.032076, 38.034888], [-122.033017, 38.03206], [-122.034248, 38.028085], [-122.034887, 38.025312], [-122.035401, 38.022913], [-122.03608, 38.021451], [-122.036574, 38.019165], [-122.037101, 38.016647], [-122.045441, 38.017508], [-122.045975, 38.019776], [-122.046678, 38.020566], [-122.047558, 38.022063], [-122.055129, 38.021749], [-122.062468, 38.019073], [-122.069926, 38.023818], [-122.070594, 38.024867], [-122.072207, 38.025305], [-122.077218, 38.027253], [-122.081751, 38.031296], [-122.085108, 38.032212], [-122.08769, 38.031477], [-122.090867, 38.030579], [-122.094072, 38.030215], [-122.101822, 38.032982], [-122.103057, 38.032832], [-122.10382, 38.032712], [-122.112767, 38.033108], [-122.115446, 38.036838], [-122.115729, 38.037538], [-122.116063, 38.038213], [-122.11649, 38.03892], [-122.116953, 38.039567], [-122.118644, 38.041759], [-122.120336, 38.043952], [-122.122545, 38.046815], [-122.124539, 38.049322], [-122.124833, 38.049857], [-122.125349, 38.050342], [-122.126486, 38.05161], [-122.127934, 38.056323], [-122.122586, 38.06153], [-122.122288, 38.061904], [-122.122187, 38.062026], [-122.122079, 38.062158], [-122.121984, 38.062273], [-122.121878, 38.062402], [-122.121777, 38.062525], [-122.121679, 38.062643], [-122.121575, 38.062769], [-122.121473, 38.062894], [-122.121358, 38.063033], [-122.12125, 38.063164], [-122.121144, 38.063293], [-122.121044, 38.063414], [-122.120938, 38.063543], [-122.120839, 38.063663], [-122.120743, 38.06378], [-122.120645, 38.063899], [-122.120534, 38.064034], [-122.120473, 38.064119], [-122.120477, 38.064196], [-122.117677, 38.072728], [-122.115965, 38.077006], [-122.11057, 38.080191], [-122.102316, 38.082436], [-122.101886, 38.082881], [-122.101483, 38.08339], [-122.100734, 38.084409], [-122.097491, 38.08725], [-122.089641, 38.08656], [-122.08854, 38.087371], [-122.08736, 38.08832], [-122.08586, 38.089519], [-122.084763, 38.090385], [-122.083615, 38.091327], [-122.082442, 38.092296], [-122.081098, 38.093391], [-122.080832, 38.093609], [-122.080078, 38.094233], [-122.078697, 38.095438], [-122.0777, 38.096251], [-122.076533, 38.097253], [-122.075558, 38.09812], [-122.075184, 38.098529], [-122.074874, 38.099222], [-122.076603, 38.101482], [-122.078328, 38.101489], [-122.080654, 38.101468], [-122.082975, 38.101448], [-122.085296, 38.101427], [-122.087617, 38.101406], [-122.093411, 38.104221], [-122.092999, 38.112043], [-122.090148, 38.112972], [-122.089718, 38.11299], [-122.089206, 38.113124], [-122.08885, 38.113303], [-122.085394, 38.11412], [-122.084692, 38.114222], [-122.083743, 38.114759], [-122.080064, 38.115908], [-122.077833, 38.115922], [-122.076476, 38.115917], [-122.068647, 38.115794], [-122.065075, 38.115344], [-122.064975, 38.116501], [-122.064986, 38.116949], [-122.065216, 38.117716], [-122.066247, 38.118886], [-122.066432, 38.119093], [-122.06673, 38.119369], [-122.067528, 38.119782], [-122.070208, 38.120525], [-122.071956, 38.12106], [-122.07353, 38.121402], [-122.080357, 38.124818], [-122.082955, 38.122345], [-122.088618, 38.118038], [-122.094572, 38.119681], [-122.099524, 38.127039], [-122.09987, 38.128096], [-122.100543, 38.128694], [-122.101376, 38.128911], [-122.106295, 38.132349], [-122.107718, 38.140894], [-122.107605, 38.141726], [-122.107564, 38.142544], [-122.107572, 38.143292], [-122.107641, 38.143997], [-122.107763, 38.149774], [-122.100096, 38.154363], [-122.099324, 38.154055], [-122.096734, 38.152903], [-122.091265, 38.146006], [-122.088918, 38.143276], [-122.087154, 38.144793], [-122.086288, 38.145765], [-122.085122, 38.147033], [-122.084463, 38.147733], [-122.084039, 38.148231], [-122.083731, 38.148753], [-122.08344, 38.149971], [-122.083398, 38.15063], [-122.083692, 38.151665], [-122.084088, 38.152134], [-122.084968, 38.152788], [-122.085516, 38.153061], [-122.087585, 38.15355], [-122.089376, 38.153953], [-122.09256, 38.155064], [-122.093584, 38.155477], [-122.095135, 38.156192], [-122.097814, 38.157323], [-122.101383, 38.159861], [-122.102033, 38.160201], [-122.103127, 38.160332], [-122.104579, 38.159767], [-122.105008, 38.15946], [-122.113478, 38.158295], [-122.114776, 38.158262], [-122.115649, 38.155433], [-122.115508, 38.155125], [-122.11458, 38.152877], [-122.113651, 38.14749], [-122.112166, 38.138802], [-122.112293, 38.138092], [-122.112356, 38.137354], [-122.112355, 38.136784], [-122.112273, 38.135881], [-122.11216, 38.13525], [-122.112009, 38.134678], [-122.111736, 38.133896], [-122.111461, 38.133264], [-122.111178, 38.132731], [-122.109275, 38.128319], [-122.108684, 38.124018], [-122.109186, 38.116714], [-122.107999, 38.112263], [-122.107716, 38.11132], [-122.107013, 38.105888], [-122.107325, 38.102519], [-122.107709, 38.097384], [-122.108444, 38.095151], [-122.115144, 38.089381], [-122.120103, 38.090986], [-122.120465, 38.091223], [-122.121065, 38.091542], [-122.121485, 38.091719], [-122.121919, 38.091861], [-122.122728, 38.092047], [-122.125803, 38.092448], [-122.126345, 38.092532], [-122.126683, 38.092588], [-122.127389, 38.089058], [-122.131985, 38.081361], [-122.132963, 38.081691], [-122.133177, 38.081763], [-122.133628, 38.0819], [-122.135793, 38.082883], [-122.138923, 38.087124], [-122.139301, 38.08862], [-122.14199, 38.095082], [-122.143591, 38.09672], [-122.14603, 38.098086], [-122.146472, 38.098283], [-122.14761, 38.098709], [-122.148263, 38.098931], [-122.14916, 38.099118], [-122.151752, 38.099938], [-122.152104, 38.100073], [-122.152504, 38.100169], [-122.154635, 38.100283], [-122.160466, 38.104038], [-122.161278, 38.108595], [-122.161264, 38.109367], [-122.161214, 38.110001], [-122.161155, 38.110713], [-122.161119, 38.111312], [-122.161181, 38.11172], [-122.161262, 38.112807], [-122.154784, 38.118324], [-122.153475, 38.118707], [-122.151967, 38.118944], [-122.151401, 38.119016], [-122.150641, 38.119352], [-122.150424, 38.119527], [-122.149413, 38.122759], [-122.14946, 38.122792], [-122.150192, 38.123098], [-122.150843, 38.123141], [-122.157102, 38.123761], [-122.157702, 38.123827], [-122.16358, 38.126187], [-122.167124, 38.125551], [-122.166966, 38.124671], [-122.166653, 38.12235], [-122.166538, 38.121214], [-122.173556, 38.115822], [-122.176154, 38.117634], [-122.177551, 38.118118], [-122.178798, 38.118537], [-122.184652, 38.123707], [-122.190436, 38.128751], [-122.191147, 38.12961], [-122.192769, 38.131517], [-122.193415, 38.132312], [-122.193958, 38.132879], [-122.194545, 38.133359], [-122.195161, 38.133751], [-122.195852, 38.134099], [-122.197219, 38.134652], [-122.198074, 38.135044], [-122.202474, 38.135902], [-122.203247, 38.136124], [-122.204141, 38.136413], [-122.207699, 38.137918], [-122.208377, 38.138339], [-122.21494, 38.143362], [-122.214939, 38.145034], [-122.214762, 38.146314], [-122.214754, 38.146799], [-122.214779, 38.147583], [-122.212564, 38.154802], [-122.212159, 38.155393], [-122.210792, 38.157277], [-122.209413, 38.159228], [-122.207638, 38.161385], [-122.198806, 38.161939], [-122.198544, 38.161743], [-122.198158, 38.161506], [-122.19494, 38.159225], [-122.194615, 38.158944], [-122.194057, 38.158578], [-122.193442, 38.158292], [-122.193084, 38.158175], [-122.192669, 38.158077], [-122.19226, 38.158017], [-122.190311, 38.157872], [-122.188099, 38.157707], [-122.1823, 38.152122], [-122.181197, 38.147892], [-122.181184, 38.147803], [-122.18073, 38.14579], [-122.180426, 38.145456], [-122.180076, 38.145123], [-122.17928, 38.144476], [-122.178692, 38.144083], [-122.178103, 38.143766], [-122.174733, 38.141072], [-122.174242, 38.140558], [-122.17195, 38.137714], [-122.169404, 38.137395], [-122.168672, 38.13883], [-122.168544, 38.139082], [-122.168422, 38.139454], [-122.168325, 38.140118], [-122.168372, 38.140817], [-122.168761, 38.143866], [-122.16893, 38.144745], [-122.169323, 38.14552], [-122.172073, 38.149969], [-122.172292, 38.150395], [-122.174655, 38.158771], [-122.17884, 38.164349], [-122.182145, 38.164014], [-122.185042, 38.163797], [-122.185506, 38.163854], [-122.185895, 38.163868], [-122.186248, 38.163854], [-122.187207, 38.163005], [-122.193779, 38.163517], [-122.193246, 38.171537], [-122.192622, 38.172041], [-122.192141, 38.172473], [-122.191584, 38.173023], [-122.190986, 38.173685], [-122.189127, 38.175875], [-122.188618, 38.176401], [-122.188147, 38.176821], [-122.18758, 38.177267], [-122.187196, 38.17754], [-122.186614, 38.177909], [-122.185263, 38.178697], [-122.18464, 38.179086], [-122.183689, 38.17975], [-122.183033, 38.180277], [-122.182671, 38.180601], [-122.181132, 38.182056], [-122.179297, 38.183242], [-122.174384, 38.185098], [-122.173423, 38.185418], [-122.17253, 38.185778], [-122.171769, 38.186137], [-122.171133, 38.18648], [-122.170353, 38.186935], [-122.169503, 38.187505], [-122.169088, 38.187811], [-122.168661, 38.188161], [-122.167711, 38.18904], [-122.167239, 38.189556], [-122.165592, 38.191465], [-122.163979, 38.193336], [-122.163441, 38.193931], [-122.163072, 38.194287], [-122.161357, 38.195783], [-122.153097, 38.197271], [-122.148557, 38.192328], [-122.148325, 38.191759], [-122.143466, 38.185956], [-122.141806, 38.179885], [-122.14179, 38.179813], [-122.141405, 38.179276], [-122.139751, 38.176076], [-122.142044, 38.167969], [-122.14245, 38.167515], [-122.142701, 38.167097], [-122.142913, 38.166532], [-122.143006, 38.165886], [-122.142976, 38.165334], [-122.142859, 38.164732], [-122.142601, 38.164093], [-122.138653, 38.162607], [-122.135363, 38.161623], [-122.133476, 38.162377], [-122.130733, 38.163875], [-122.125598, 38.165104], [-122.124246, 38.166478], [-122.125232, 38.169868], [-122.125311, 38.170346], [-122.125479, 38.171509], [-122.127192, 38.173495], [-122.128634, 38.175393], [-122.12946, 38.176872], [-122.130568, 38.184513], [-122.130914, 38.184995], [-122.131212, 38.185294], [-122.131576, 38.185586], [-122.131969, 38.18583], [-122.135919, 38.191155], [-122.135966, 38.19448], [-122.136014, 38.197805], [-122.136061, 38.20113], [-122.136108, 38.204386], [-122.128029, 38.208059], [-122.123727, 38.205608], [-122.123547, 38.205397], [-122.120806, 38.207731], [-122.114389, 38.20632], [-122.114059, 38.201744], [-122.114457, 38.200388], [-122.114483, 38.199584], [-122.114485, 38.196143], [-122.114406, 38.195006], [-122.114054, 38.194339], [-122.112606, 38.192669], [-122.111953, 38.191836], [-122.111053, 38.19144], [-122.110664, 38.191403], [-122.110418, 38.191406], [-122.107412, 38.191378], [-122.105965, 38.191358], [-122.105038, 38.191372], [-122.105091, 38.194971], [-122.110675, 38.200518], [-122.109452, 38.203702], [-122.109159, 38.204554], [-122.108745, 38.205587], [-122.107997, 38.207564], [-122.107177, 38.209208], [-122.106288, 38.211012], [-122.098575, 38.214515], [-122.096719, 38.214748], [-122.095241, 38.215871], [-122.091521, 38.217355], [-122.085438, 38.210905], [-122.085459, 38.208208], [-122.08491, 38.204442], [-122.084286, 38.203421], [-122.082659, 38.19674], [-122.08243, 38.193777], [-122.087852, 38.187839], [-122.088433, 38.184284], [-122.082486, 38.180116], [-122.082208, 38.179816], [-122.081604, 38.179279], [-122.081213, 38.178996], [-122.080899, 38.178833], [-122.080565, 38.178708], [-122.079735, 38.178478], [-122.079107, 38.178369], [-122.077203, 38.178094], [-122.074372, 38.178198], [-122.074142, 38.179085], [-122.074181, 38.179633], [-122.074468, 38.180323], [-122.074798, 38.180754], [-122.075281, 38.181145], [-122.078906, 38.186889], [-122.078924, 38.190624], [-122.078802, 38.193077], [-122.078836, 38.193973], [-122.079069, 38.197016], [-122.075068, 38.203034], [-122.071441, 38.204148], [-122.071226, 38.20418], [-122.071116, 38.204228], [-122.069457, 38.206287], [-122.069474, 38.207796], [-122.069481, 38.210028], [-122.069478, 38.211033], [-122.069484, 38.211513], [-122.069577, 38.212077], [-122.069743, 38.212493], [-122.070259, 38.21313], [-122.073424, 38.219003], [-122.073381, 38.219492], [-122.073421, 38.219959], [-122.073507, 38.22034], [-122.073704, 38.220818], [-122.070024, 38.227611], [-122.064613, 38.224395], [-122.061661, 38.230022], [-122.057637, 38.231742], [-122.055758, 38.232552], [-122.05363, 38.233494], [-122.050517, 38.23406], [-122.04228, 38.231084], [-122.038083, 38.232233], [-122.031956, 38.235918], [-122.031021, 38.237078], [-122.022272, 38.235367], [-122.022217, 38.23296], [-122.023325, 38.229171], [-122.023634, 38.228522], [-122.02374, 38.227862], [-122.023725, 38.227572], [-122.023662, 38.227191], [-122.023531, 38.226377], [-122.023331, 38.225307], [-122.023092, 38.2241], [-122.02526, 38.216261], [-122.025547, 38.215842], [-122.025764, 38.215329], [-122.025866, 38.214792], [-122.025908, 38.213457], [-122.025806, 38.21276], [-122.025663, 38.212323], [-122.025356, 38.211761], [-122.024966, 38.211321], [-122.024665, 38.211083], [-122.024397, 38.210914], [-122.020815, 38.208403], [-122.016907, 38.204801], [-122.010692, 38.198954], [-122.010266, 38.198613], [-122.007626, 38.19643], [-122.007047, 38.195976], [-122.006679, 38.195807], [-122.006415, 38.195719], [-122.004436, 38.19517], [-122.002408, 38.194571], [-122.000309, 38.193952], [-121.997977, 38.193365], [-121.993482, 38.192063], [-121.991197, 38.191311], [-121.988912, 38.190559], [-121.986616, 38.189804], [-121.984592, 38.189157], [-121.978525, 38.184724], [-121.977977, 38.184042], [-121.97731, 38.183673], [-121.973436, 38.182641], [-121.97312, 38.182557], [-121.971758, 38.182282], [-121.971044, 38.18581], [-121.970682, 38.189684], [-121.971928, 38.189895], [-121.973072, 38.190112], [-121.97727, 38.191306], [-121.980497, 38.191981], [-121.983487, 38.19259], [-121.985512, 38.19323], [-121.987787, 38.193979], [-121.990072, 38.19473], [-121.992357, 38.195482], [-121.994642, 38.196234], [-121.997099, 38.196857], [-121.999431, 38.197444], [-122.001388, 38.198023], [-122.003415, 38.198623], [-122.008996, 38.204757], [-122.009206, 38.205228], [-122.009536, 38.205685], [-122.010108, 38.206151], [-122.010603, 38.206439], [-122.01091, 38.206584], [-122.015374, 38.209347], [-122.019332, 38.216655], [-122.019335, 38.220677], [-122.019458, 38.22398], [-122.018616, 38.228657], [-122.018573, 38.231154], [-122.018618, 38.233047], [-122.018502, 38.236022], [-122.013063, 38.240971], [-122.006243, 38.238393], [-122.005997, 38.238111], [-122.005629, 38.237776], [-122.005246, 38.237511], [-122.004917, 38.237332], [-122.0045, 38.237154], [-122.004089, 38.237032], [-122.001488, 38.235977], [-121.999847, 38.235047], [-121.999234, 38.234816], [-121.998583, 38.234673], [-121.998148, 38.234636], [-121.997652, 38.234646], [-121.99283, 38.23684], [-121.986453, 38.235209], [-121.984624, 38.233795], [-121.983431, 38.232755], [-121.98284, 38.232342], [-121.981056, 38.230889], [-121.980407, 38.230298], [-121.979217, 38.229339], [-121.978705, 38.228978], [-121.978003, 38.228586], [-121.972252, 38.223263], [-121.968653, 38.223259], [-121.96092, 38.226698], [-121.953671, 38.221535], [-121.95364, 38.221052], [-121.953581, 38.21937], [-121.953648, 38.215847], [-121.950049, 38.215778], [-121.949981, 38.219302], [-121.949975, 38.220617], [-121.944731, 38.226659], [-121.942467, 38.226642], [-121.940846, 38.226648], [-121.937231, 38.226637], [-121.933617, 38.226627], [-121.930002, 38.226616], [-121.926387, 38.226605], [-121.922772, 38.226595], [-121.919157, 38.226584], [-121.915543, 38.226573], [-121.911928, 38.226563], [-121.908313, 38.226552], [-121.901204, 38.223521], [-121.900968, 38.223348], [-121.893408, 38.222641], [-121.89074, 38.225058], [-121.892514, 38.227016], [-121.892947, 38.227472], [-121.893236, 38.227753], [-121.893576, 38.228046], [-121.894118, 38.228452], [-121.894504, 38.228702], [-121.895125, 38.229051], [-121.895724, 38.229329], [-121.896329, 38.229561], [-121.897019, 38.229775], [-121.90475, 38.233547], [-121.907785, 38.231611], [-121.915532, 38.230173], [-121.916105, 38.23022], [-121.919147, 38.230184], [-121.92002, 38.230227], [-121.922762, 38.230195], [-121.926376, 38.230205], [-121.929991, 38.230216], [-121.933606, 38.230227], [-121.937221, 38.230237], [-121.940836, 38.230248], [-121.94248, 38.230242], [-121.948125, 38.234067], [-121.948075, 38.237666], [-121.949941, 38.238306], [-121.953541, 38.238304], [-121.95354, 38.235916], [-121.957012, 38.23029], [-121.960913, 38.230298], [-121.964812, 38.230306], [-121.971388, 38.235104], [-121.971378, 38.238236], [-121.971383, 38.240773], [-121.970848, 38.245174], [-121.972231, 38.247089], [-121.9724, 38.247311], [-121.972585, 38.247444], [-121.972981, 38.247709], [-121.973297, 38.247725], [-121.980179, 38.248461], [-121.982915, 38.253524], [-121.982574, 38.257319], [-121.982356, 38.258156], [-121.98241, 38.263905], [-121.979286, 38.267856], [-121.972369, 38.270563], [-121.969774, 38.270524], [-121.967018, 38.270513], [-121.965426, 38.270511], [-121.963666, 38.270475], [-121.963125, 38.270453], [-121.960492, 38.270409], [-121.959637, 38.270358], [-121.951766, 38.272187], [-121.952534, 38.273026], [-121.952679, 38.273124], [-121.956533, 38.273598], [-121.958458, 38.28218], [-121.958458, 38.282257], [-121.956462, 38.290271], [-121.955655, 38.290884], [-121.955047, 38.291382], [-121.954244, 38.292092], [-121.953256, 38.293057], [-121.952722, 38.293638], [-121.952138, 38.294306], [-121.951451, 38.29519], [-121.944882, 38.299663], [-121.942528, 38.299628], [-121.941371, 38.299612], [-121.941321, 38.303212], [-121.94269, 38.309508], [-121.945785, 38.311346], [-121.948218, 38.317354], [-121.948222, 38.317773], [-121.948365, 38.318906], [-121.948772, 38.324142], [-121.943407, 38.326862], [-121.94314, 38.326852], [-121.94307, 38.32685], [-121.942492, 38.326849], [-121.934211, 38.328677], [-121.933769, 38.328729], [-121.932175, 38.330115], [-121.927147, 38.335219], [-121.924082, 38.335285], [-121.92416, 38.338885], [-121.926146, 38.344006], [-121.921639, 38.347534], [-121.921335, 38.347535], [-121.915873, 38.348209], [-121.913022, 38.347553], [-121.911332, 38.350732], [-121.911852, 38.351008], [-121.912672, 38.35145], [-121.91955, 38.357147], [-121.919627, 38.360747], [-121.922518, 38.360684], [-121.929647, 38.363986], [-121.929971, 38.367571], [-121.92497, 38.373947], [-121.922948, 38.378806], [-121.919759, 38.384032], [-121.919822, 38.387632], [-121.921218, 38.389713], [-121.920477, 38.396182], [-121.918282, 38.397893], [-121.911364, 38.393551], [-121.907696, 38.391347], [-121.904096, 38.39135], [-121.904098, 38.393335], [-121.898511, 38.399184], [-121.894911, 38.399171], [-121.887415, 38.400617], [-121.885127, 38.400608], [-121.882839, 38.4006], [-121.880519, 38.400591], [-121.880506, 38.404191], [-121.882826, 38.4042], [-121.885653, 38.404366], [-121.887402, 38.404217], [-121.889253, 38.404365], [-121.890436, 38.404229], [-121.893565, 38.404241], [-121.896693, 38.404252], [-121.898738, 38.412744], [-121.895257, 38.413271], [-121.893209, 38.413563], [-121.892789, 38.413673], [-121.892313, 38.413888], [-121.886754, 38.413668], [-121.886568, 38.413703], [-121.881655, 38.415107], [-121.880393, 38.415103], [-121.880144, 38.415614], [-121.880036, 38.415833], [-121.879847, 38.416559], [-121.879855, 38.417039], [-121.880383, 38.418703], [-121.881999, 38.425575], [-121.878558, 38.428194], [-121.875116, 38.430812], [-121.871391, 38.433643], [-121.869217, 38.435298], [-121.867043, 38.436954], [-121.869224, 38.439818], [-121.871399, 38.438162], [-121.873573, 38.436506], [-121.877296, 38.433677], [-121.880738, 38.431058], [-121.884179, 38.42844], [-121.887621, 38.425821], [-121.891062, 38.423202], [-121.893627, 38.421821], [-121.901548, 38.419881], [-121.905754, 38.418828], [-121.907552, 38.418695], [-121.913784, 38.423725], [-121.915505, 38.42484], [-121.915773, 38.424812], [-121.917384, 38.423728], [-121.917384, 38.423023], [-121.919056, 38.417394], [-121.91784, 38.414005], [-121.917395, 38.412338], [-121.917388, 38.409455], [-121.917402, 38.407308], [-121.920332, 38.40113], [-121.921324, 38.400358], [-121.921868, 38.39996], [-121.924368, 38.398008], [-121.931577, 38.396956], [-121.933587, 38.40055], [-121.933651, 38.400658], [-121.933679, 38.400698], [-121.935089, 38.401301], [-121.938974, 38.404489], [-121.940216, 38.405], [-121.942762, 38.40649], [-121.943435, 38.412828], [-121.938519, 38.415234], [-121.935538, 38.414053], [-121.934177, 38.413517], [-121.933988, 38.413474], [-121.932502, 38.412988], [-121.931938, 38.414042], [-121.931382, 38.416409], [-121.931883, 38.420531], [-121.931871, 38.422922], [-121.935471, 38.422939], [-121.940571, 38.4277], [-121.940559, 38.431064], [-121.940547, 38.434428], [-121.940536, 38.437793], [-121.940524, 38.441157], [-121.940513, 38.444521], [-121.93999, 38.450772], [-121.939881, 38.451251], [-121.939663, 38.452403], [-121.94006, 38.455391], [-121.94364, 38.455013], [-121.94399, 38.449769], [-121.944048, 38.449227], [-121.944085, 38.448765], [-121.944099, 38.448195], [-121.944113, 38.444534], [-121.944124, 38.441169], [-121.944136, 38.437805], [-121.944147, 38.434441], [-121.944159, 38.431077], [-121.945053, 38.425954], [-121.950143, 38.421254], [-121.955213, 38.420686], [-121.960192, 38.419208], [-121.963587, 38.418958], [-121.96608, 38.418965], [-121.967275, 38.418958], [-121.967869, 38.41718], [-121.967873, 38.41667], [-121.967252, 38.415358], [-121.966057, 38.415365], [-121.962231, 38.414235], [-121.958632, 38.414162], [-121.956229, 38.413593], [-121.955864, 38.413592], [-121.95407, 38.413839], [-121.95247, 38.413814], [-121.948561, 38.406544], [-121.953339, 38.400785], [-121.955739, 38.400275], [-121.95968, 38.401327], [-121.959697, 38.401326], [-121.963249, 38.400568], [-121.967492, 38.398522], [-121.975338, 38.39928], [-121.978937, 38.399392], [-121.980791, 38.398989], [-121.98463, 38.395613], [-121.985021, 38.392034], [-121.985533, 38.390313], [-121.985526, 38.390166], [-121.98382, 38.386409], [-121.983738, 38.385621], [-121.983659, 38.384808], [-121.985011, 38.380115], [-121.991996, 38.377348], [-121.995471, 38.384834], [-121.995473, 38.385844], [-121.995951, 38.386696], [-121.99625, 38.391243], [-121.997391, 38.394277], [-121.997669, 38.398658], [-121.997596, 38.398924], [-122.001067, 38.39988], [-122.005759, 38.396622], [-122.005686, 38.396209], [-122.005543, 38.395658], [-122.005207, 38.39495], [-122.005378, 38.387644], [-122.005392, 38.387537], [-122.004036, 38.381023], [-122.008866, 38.376737], [-122.017652, 38.378339], [-122.017617, 38.381939], [-122.021349, 38.388882], [-122.021497, 38.389014], [-122.022457, 38.389932], [-122.026057, 38.38995], [-122.033376, 38.390356], [-122.035285, 38.392706], [-122.035512, 38.393201], [-122.037371, 38.396149], [-122.035393, 38.402599], [-122.035578, 38.403557], [-122.035831, 38.404009], [-122.035904, 38.404107], [-122.038993, 38.412537], [-122.040847, 38.417101], [-122.04101, 38.417621], [-122.041344, 38.418325], [-122.041897, 38.419393], [-122.045094, 38.417736], [-122.045122, 38.414112], [-122.045114, 38.413538], [-122.045319, 38.410078], [-122.048888, 38.404563], [-122.049697, 38.403496], [-122.049893, 38.402717], [-122.049757, 38.402394], [-122.045375, 38.395301], [-122.04495, 38.395211], [-122.040564, 38.387358], [-122.036716, 38.380534], [-122.035718, 38.373471], [-122.037329, 38.371385], [-122.037884, 38.370575], [-122.037994, 38.370254], [-122.03382, 38.364835], [-122.033447, 38.364965], [-122.026314, 38.359827], [-122.026359, 38.359391], [-122.026377, 38.356591], [-122.026392, 38.353998], [-122.026418, 38.349392], [-122.026434, 38.347065], [-122.026449, 38.344735], [-122.026465, 38.342406], [-122.02648, 38.340076], [-122.029714, 38.333977], [-122.028936, 38.327695], [-122.029853, 38.320927], [-122.032396, 38.318088], [-122.032737, 38.31768], [-122.033062, 38.317252], [-122.034112, 38.31601], [-122.034382, 38.31551], [-122.034541, 38.315163], [-122.034783, 38.314494], [-122.035254, 38.313103], [-122.035689, 38.310592], [-122.035871, 38.30827], [-122.035966, 38.30733], [-122.03603, 38.306211], [-122.04065, 38.298685], [-122.045333, 38.297099], [-122.048737, 38.295923], [-122.055673, 38.294486], [-122.058255, 38.29576], [-122.058458, 38.29575], [-122.05944, 38.295488], [-122.060571, 38.293068], [-122.060551, 38.292767], [-122.060483, 38.292398], [-122.060351, 38.291978], [-122.06017, 38.29158], [-122.059926, 38.291183], [-122.059459, 38.290633], [-122.056301, 38.286064], [-122.05928, 38.278095], [-122.059735, 38.277263], [-122.062751, 38.272275], [-122.07, 38.27096], [-122.075377, 38.276243], [-122.075564, 38.276602], [-122.075851, 38.27701], [-122.07807, 38.282194], [-122.075054, 38.287423], [-122.074681, 38.287648], [-122.073316, 38.288635], [-122.071467, 38.290673], [-122.070904, 38.291436], [-122.070673, 38.292224], [-122.073667, 38.292218], [-122.074251, 38.2921], [-122.074643, 38.291975], [-122.075062, 38.291787], [-122.080733, 38.290187], [-122.081282, 38.289987], [-122.081694, 38.289786], [-122.082051, 38.289581], [-122.082442, 38.289306], [-122.083348, 38.288525], [-122.084218, 38.28773], [-122.084626, 38.287225], [-122.08487, 38.286792], [-122.085042, 38.286308], [-122.085128, 38.285865], [-122.085146, 38.285339], [-122.085023, 38.284629], [-122.090647, 38.277732], [-122.092221, 38.278111], [-122.093309, 38.278405], [-122.096817, 38.279364], [-122.103296, 38.283139], [-122.100189, 38.287854], [-122.099475, 38.288453], [-122.099173, 38.288914], [-122.097808, 38.290549], [-122.096353, 38.292799], [-122.095316, 38.298564], [-122.093035, 38.302821], [-122.092651, 38.303312], [-122.091365, 38.306723], [-122.091118, 38.307997], [-122.09045, 38.311746], [-122.090102, 38.314379], [-122.08994, 38.315679], [-122.090911, 38.317409], [-122.091328, 38.317485], [-122.091766, 38.317514], [-122.093336, 38.317577], [-122.093748, 38.317551], [-122.098057, 38.316106], [-122.103029, 38.320904], [-122.103837, 38.322466], [-122.104512, 38.323031], [-122.109899, 38.3284], [-122.111181, 38.330756], [-122.112356, 38.337863], [-122.112372, 38.338202], [-122.112422, 38.338964], [-122.112885, 38.339892], [-122.113365, 38.34013], [-122.116967, 38.340634], [-122.124475, 38.344262], [-122.124916, 38.344917], [-122.125903, 38.346762], [-122.128008, 38.349077], [-122.128352, 38.34941], [-122.128931, 38.349846], [-122.1311, 38.346973], [-122.135831, 38.340378], [-122.139131, 38.33894], [-122.146367, 38.333847], [-122.146812, 38.334122], [-122.147306, 38.334341], [-122.147655, 38.334448], [-122.151857, 38.338021], [-122.152152, 38.338402], [-122.153768, 38.34154], [-122.154034, 38.345142], [-122.154011, 38.345746], [-122.154139, 38.346331], [-122.154909, 38.350554], [-122.156132, 38.351357], [-122.15658, 38.351636], [-122.157255, 38.35185], [-122.15802, 38.351906], [-122.165176, 38.356571], [-122.165446, 38.35688], [-122.166333, 38.357672], [-122.171463, 38.36258], [-122.173042, 38.364285], [-122.176292, 38.362737], [-122.175719, 38.359641], [-122.175542, 38.35902], [-122.174981, 38.358276], [-122.172139, 38.355869], [-122.171774, 38.355559], [-122.167343, 38.352163], [-122.167041, 38.351941], [-122.165628, 38.350874], [-122.162322, 38.348346], [-122.161995, 38.34805], [-122.157823, 38.342015], [-122.157461, 38.338894], [-122.15743, 38.338486], [-122.157321, 38.338012], [-122.157094, 38.337499], [-122.156752, 38.337031], [-122.156455, 38.336741], [-122.153829, 38.334102], [-122.15349, 38.333759], [-122.153166, 38.333486], [-122.150233, 38.331553], [-122.147393, 38.329716], [-122.147053, 38.329462], [-122.146338, 38.329095], [-122.14534, 38.328666], [-122.143787, 38.327913], [-122.138276, 38.321545], [-122.137892, 38.320704], [-122.136336, 38.317006], [-122.13576, 38.315628], [-122.135593, 38.315193], [-122.135471, 38.314912], [-122.135184, 38.314452], [-122.139071, 38.306392], [-122.145457, 38.301536], [-122.146293, 38.298035], [-122.145664, 38.297884], [-122.145237, 38.297765], [-122.143231, 38.296956], [-122.142342, 38.29683], [-122.137508, 38.29567], [-122.136683, 38.295345], [-122.136147, 38.295317], [-122.135778, 38.295372], [-122.132748, 38.295098], [-122.133819, 38.286346], [-122.13432, 38.286151], [-122.135016, 38.285828], [-122.13556, 38.285342], [-122.1359, 38.284716], [-122.135962, 38.283723], [-122.13578, 38.283176], [-122.133945, 38.28049], [-122.132971, 38.279609], [-122.132706, 38.279515], [-122.126345, 38.280691], [-122.125955, 38.272686], [-122.130082, 38.26826], [-122.131616, 38.26805], [-122.133081, 38.264781], [-122.132496, 38.264513], [-122.13144, 38.264454], [-122.129607, 38.264692], [-122.122852, 38.265537], [-122.122479, 38.258765], [-122.121737, 38.254224], [-122.128164, 38.250431], [-122.132474, 38.252874], [-122.132745, 38.253213], [-122.133197, 38.253688], [-122.133787, 38.254182], [-122.134363, 38.254569], [-122.134665, 38.254734], [-122.135216, 38.254994], [-122.135777, 38.255206], [-122.136159, 38.255321], [-122.136839, 38.255478], [-122.137523, 38.255577], [-122.138021, 38.25561], [-122.139171, 38.255573], [-122.139778, 38.255486], [-122.140321, 38.255361], [-122.140405, 38.255342], [-122.143297, 38.254377], [-122.144127, 38.254175], [-122.146484, 38.252741], [-122.150212, 38.251871], [-122.153123, 38.251897], [-122.15737, 38.253537], [-122.160434, 38.258677], [-122.161202, 38.261382], [-122.16236, 38.267618], [-122.158228, 38.274467], [-122.15449, 38.274051], [-122.15403, 38.273811], [-122.153213, 38.27352], [-122.152816, 38.273464], [-122.152469, 38.273447], [-122.1519, 38.273406], [-122.150139, 38.273408], [-122.149056, 38.273514], [-122.148472, 38.273817], [-122.147803, 38.274346], [-122.147104, 38.274969], [-122.146566, 38.275759], [-122.145672, 38.278171], [-122.145293, 38.278902], [-122.145302, 38.280119], [-122.146039, 38.281091], [-122.146684, 38.281421], [-122.147253, 38.281517], [-122.148264, 38.281315], [-122.148429, 38.281292], [-122.150781, 38.281121], [-122.157195, 38.285279], [-122.15955, 38.286564], [-122.160409, 38.285864], [-122.160728, 38.284616], [-122.160498, 38.282996], [-122.163405, 38.275852], [-122.166574, 38.274985], [-122.168676, 38.274941], [-122.170444, 38.275252], [-122.171986, 38.274227], [-122.171912, 38.27331], [-122.177326, 38.266923], [-122.177899, 38.266746], [-122.178409, 38.266481], [-122.178784, 38.266208], [-122.179152, 38.265863], [-122.179509, 38.265435], [-122.179769, 38.265046], [-122.179984, 38.264613], [-122.180156, 38.263973], [-122.181191, 38.260486], [-122.181342, 38.259937], [-122.181436, 38.259132], [-122.181479, 38.258736], [-122.181433, 38.25812], [-122.180917, 38.254433], [-122.179133, 38.253107], [-122.176365, 38.245778], [-122.175439, 38.243845], [-122.174702, 38.243797], [-122.173015, 38.243819], [-122.172311, 38.243837], [-122.165538, 38.240167], [-122.164773, 38.236036], [-122.159209, 38.234213], [-122.158179, 38.225385], [-122.159936, 38.224203], [-122.158152, 38.221075], [-122.156373, 38.215975], [-122.160089, 38.20948], [-122.162868, 38.20948], [-122.165628, 38.209479], [-122.168662, 38.209506], [-122.169485, 38.209466], [-122.170027, 38.209416], [-122.170711, 38.209321], [-122.171467, 38.209177], [-122.172888, 38.208821], [-122.180751, 38.209068], [-122.183693, 38.209898], [-122.184581, 38.210096], [-122.185005, 38.210169], [-122.185772, 38.210267], [-122.186544, 38.210323], [-122.193331, 38.215784], [-122.193932, 38.2173], [-122.195128, 38.21787], [-122.197527, 38.217126], [-122.204749, 38.211973], [-122.206898, 38.213025], [-122.210279, 38.220157], [-122.210852, 38.220095], [-122.211186, 38.220021], [-122.211589, 38.219882], [-122.211905, 38.21973], [-122.21237, 38.219442], [-122.213178, 38.218925], [-122.220478, 38.224002], [-122.223951, 38.224951], [-122.230216, 38.223336], [-122.237461, 38.226084], [-122.237989, 38.226089], [-122.241513, 38.225748], [-122.245976, 38.232199], [-122.250168, 38.235094], [-122.253251, 38.236357], [-122.253735, 38.236536], [-122.25477, 38.236943], [-122.255556, 38.237039], [-122.25627, 38.236845], [-122.262212, 38.238169], [-122.263861, 38.239581], [-122.262733, 38.247944], [-122.262415, 38.248177], [-122.262019, 38.257079], [-122.266296, 38.261901], [-122.267743, 38.264685], [-122.268424, 38.266039], [-122.263123, 38.273198], [-122.262897, 38.273181], [-122.262842, 38.273187], [-122.261275, 38.27418], [-122.253666, 38.273622], [-122.246755, 38.26955], [-122.245966, 38.267895], [-122.245608, 38.267433], [-122.244846, 38.266915], [-122.244387, 38.266749], [-122.243924, 38.266689], [-122.242922, 38.266502], [-122.23622, 38.263233], [-122.235071, 38.261356], [-122.23155, 38.262109], [-122.231744, 38.263013], [-122.231966, 38.263595], [-122.232135, 38.263907], [-122.233226, 38.265746], [-122.233457, 38.266223], [-122.2338, 38.266777], [-122.234512, 38.267719], [-122.235222, 38.268503], [-122.237, 38.272262], [-122.234682, 38.279922], [-122.231313, 38.281561], [-122.22462, 38.284959], [-122.217354, 38.290265], [-122.216379, 38.290413], [-122.208991, 38.293785], [-122.208474, 38.293929], [-122.207986, 38.294193], [-122.204154, 38.29596], [-122.203247, 38.296385], [-122.202664, 38.296889], [-122.201631, 38.297798], [-122.198637, 38.299951], [-122.200248, 38.30317], [-122.201972, 38.302432], [-122.202527, 38.302125], [-122.202796, 38.301923], [-122.2081, 38.298807], [-122.208914, 38.298582], [-122.217161, 38.301138], [-122.217607, 38.300889], [-122.217888, 38.300652], [-122.218177, 38.300414], [-122.21891, 38.299449], [-122.219453, 38.29841], [-122.224588, 38.294865], [-122.230215, 38.29953], [-122.234861, 38.30532], [-122.241947, 38.30823], [-122.24423, 38.308355], [-122.247573, 38.307018], [-122.254238, 38.309971], [-122.255447, 38.311395], [-122.255984, 38.311428], [-122.256523, 38.311435], [-122.26271, 38.317817], [-122.259425, 38.321867], [-122.259026, 38.32367], [-122.258044, 38.327941], [-122.253974, 38.33517], [-122.252643, 38.337655], [-122.252337, 38.338203], [-122.246656, 38.343494], [-122.244894, 38.343727], [-122.244317, 38.343866], [-122.239711, 38.34483], [-122.239165, 38.344894], [-122.238508, 38.345055], [-122.237238, 38.34568], [-122.236044, 38.346621], [-122.237093, 38.350065], [-122.24131, 38.350041], [-122.24164, 38.349989], [-122.24484, 38.349559], [-122.252626, 38.353247], [-122.253812, 38.354171], [-122.254578, 38.35421], [-122.255911, 38.353056], [-122.26412, 38.351995], [-122.265432, 38.355563], [-122.265352, 38.35835], [-122.265274, 38.35981], [-122.265295, 38.360419], [-122.265365, 38.361263], [-122.265393, 38.362328], [-122.268874, 38.363247], [-122.268921, 38.363069], [-122.268965, 38.361222], [-122.277755, 38.359689], [-122.278064, 38.363276], [-122.277876, 38.364731], [-122.277992, 38.364907], [-122.280513, 38.372566], [-122.283622, 38.374379], [-122.292106, 38.371876], [-122.295555, 38.375632], [-122.295784, 38.376348], [-122.295855, 38.376475], [-122.298726, 38.375794], [-122.305786, 38.378173], [-122.307945, 38.38282], [-122.308963, 38.386273], [-122.315931, 38.390129], [-122.317985, 38.392537], [-122.320062, 38.394972], [-122.320818, 38.395825], [-122.323512, 38.393436], [-122.322755, 38.392583], [-122.320724, 38.390201], [-122.318671, 38.387793], [-122.316324, 38.385019], [-122.313973, 38.382241], [-122.312023, 38.379946], [-122.315429, 38.372427], [-122.318873, 38.371378], [-122.317975, 38.368432], [-122.322555, 38.361893], [-122.323342, 38.361057], [-122.327749, 38.356156], [-122.332052, 38.358337], [-122.333382, 38.360866], [-122.329496, 38.367853], [-122.329332, 38.367909], [-122.330407, 38.376812], [-122.332634, 38.377677], [-122.334472, 38.377609], [-122.343133, 38.379515], [-122.343549, 38.380178], [-122.34493, 38.382558], [-122.346983, 38.386045], [-122.347323, 38.386697], [-122.349964, 38.390159], [-122.350355, 38.397374], [-122.352588, 38.400198], [-122.35702, 38.404651], [-122.357175, 38.411917], [-122.359397, 38.41475], [-122.367809, 38.413636], [-122.368554, 38.413023], [-122.376124, 38.411128], [-122.378377, 38.411915], [-122.381766, 38.4141], [-122.384797, 38.417118], [-122.384899, 38.417258], [-122.386821, 38.420903], [-122.386907, 38.421018], [-122.388956, 38.421486], [-122.388983, 38.421475], [-122.389791, 38.418863], [-122.387809, 38.415139], [-122.387707, 38.414999], [-122.384033, 38.411245], [-122.383278, 38.410538], [-122.381751, 38.40948], [-122.380907, 38.409042], [-122.373851, 38.404121], [-122.373597, 38.40392], [-122.36625, 38.398927], [-122.366382, 38.394539], [-122.366313, 38.394478], [-122.361378, 38.387699], [-122.356571, 38.381604], [-122.353826, 38.381115], [-122.346182, 38.3776], [-122.345793, 38.37694], [-122.345071, 38.375611], [-122.347225, 38.367002], [-122.349504, 38.361118], [-122.349203, 38.358232], [-122.345613, 38.357973], [-122.341856, 38.353661], [-122.341, 38.345139], [-122.344586, 38.343414], [-122.349991, 38.347362], [-122.354476, 38.348804], [-122.355022, 38.349321], [-122.355392, 38.349612], [-122.356651, 38.350413], [-122.357865, 38.351096], [-122.359579, 38.352692], [-122.360066, 38.353304], [-122.360342, 38.353567], [-122.360775, 38.353907], [-122.361694, 38.354725], [-122.362986, 38.356479], [-122.363344, 38.356896], [-122.363901, 38.357401], [-122.365909, 38.359938], [-122.366689, 38.360996], [-122.367313, 38.361536], [-122.372413, 38.366218], [-122.37272, 38.366729], [-122.372974, 38.367032], [-122.373515, 38.36757], [-122.373806, 38.367796], [-122.374324, 38.368137], [-122.375241, 38.36883], [-122.377413, 38.365959], [-122.374803, 38.361834], [-122.374476, 38.361333], [-122.373843, 38.360408], [-122.373344, 38.360002], [-122.368934, 38.354715], [-122.369053, 38.35126], [-122.368904, 38.351115], [-122.368243, 38.350913], [-122.366899, 38.350333], [-122.365444, 38.349677], [-122.364568, 38.349263], [-122.360196, 38.348244], [-122.359594, 38.347912], [-122.359276, 38.347714], [-122.358289, 38.347207], [-122.356965, 38.346204], [-122.356279, 38.345489], [-122.354773, 38.343927], [-122.359566, 38.336571], [-122.36037, 38.336771], [-122.361213, 38.336664], [-122.363523, 38.336542], [-122.364277, 38.336604], [-122.364779, 38.336542], [-122.369922, 38.336707], [-122.37204, 38.337244], [-122.373591, 38.336328], [-122.375221, 38.335559], [-122.375182, 38.335486], [-122.37403, 38.333837], [-122.371464, 38.331366], [-122.37096, 38.330988], [-122.370358, 38.330725], [-122.365458, 38.328262], [-122.365227, 38.32822], [-122.364998, 38.328188], [-122.36448, 38.328189], [-122.356763, 38.32503], [-122.356381, 38.324634], [-122.356047, 38.324297], [-122.355543, 38.323911], [-122.356413, 38.31524], [-122.356768, 38.312833], [-122.356805, 38.31266], [-122.356584, 38.312453], [-122.355879, 38.31168], [-122.355408, 38.303257], [-122.356047, 38.302519], [-122.356474, 38.301618], [-122.356519, 38.301448], [-122.356775, 38.300534], [-122.356759, 38.299979], [-122.356547, 38.298393], [-122.355544, 38.297477], [-122.354024, 38.297484], [-122.353901, 38.297542], [-122.353205, 38.298674], [-122.349419, 38.30156], [-122.344809, 38.294761], [-122.345027, 38.294055], [-122.345045, 38.292997], [-122.344877, 38.291344], [-122.344774, 38.290821], [-122.344509, 38.29002], [-122.343899, 38.289035], [-122.341553, 38.284861], [-122.33991, 38.282547], [-122.34373, 38.274758], [-122.344462, 38.274766], [-122.345296, 38.274622], [-122.351889, 38.276556], [-122.353481, 38.27761], [-122.355073, 38.278664], [-122.35706, 38.275663], [-122.355469, 38.274609], [-122.353877, 38.273555], [-122.352208, 38.270688], [-122.34977, 38.268332], [-122.347405, 38.266046], [-122.353068, 38.259054], [-122.354209, 38.259492], [-122.355108, 38.259787], [-122.35613, 38.259976], [-122.361435, 38.266571], [-122.361411, 38.267519], [-122.366624, 38.26914], [-122.368257, 38.271125], [-122.371328, 38.276608], [-122.371355, 38.277125], [-122.371467, 38.277766], [-122.371666, 38.278334], [-122.375185, 38.2776], [-122.375713, 38.274703], [-122.381312, 38.269975], [-122.383373, 38.267023], [-122.381767, 38.265348], [-122.38165, 38.265198], [-122.380758, 38.263758], [-122.380214, 38.26282], [-122.379747, 38.262468], [-122.378774, 38.262208], [-122.37788, 38.253256], [-122.378893, 38.252692], [-122.381936, 38.252299], [-122.384221, 38.252846], [-122.386401, 38.252333], [-122.392889, 38.25598], [-122.393744, 38.257453], [-122.395238, 38.260248], [-122.39559, 38.260777], [-122.395926, 38.261202], [-122.396539, 38.261903], [-122.397145, 38.262563], [-122.39762, 38.262941], [-122.398251, 38.263319], [-122.403226, 38.266791], [-122.403493, 38.267073], [-122.407109, 38.269875], [-122.414509, 38.274982], [-122.414918, 38.275365], [-122.419404, 38.277587], [-122.423612, 38.277506], [-122.424821, 38.277456], [-122.428025, 38.275814], [-122.436341, 38.274665], [-122.439897, 38.275231], [-122.447535, 38.279789], [-122.449162, 38.281368], [-122.450844, 38.284285], [-122.449998, 38.290974], [-122.44997, 38.291112], [-122.451002, 38.293067], [-122.45406, 38.294105], [-122.455985, 38.294738], [-122.456347, 38.294777], [-122.460026, 38.295766], [-122.464984, 38.300214], [-122.466888, 38.301614], [-122.467302, 38.301655], [-122.468787, 38.300501], [-122.470508, 38.29967], [-122.478644, 38.303081], [-122.479688, 38.30461], [-122.479881, 38.304834], [-122.482515, 38.305802], [-122.484292, 38.306103], [-122.4887, 38.313228], [-122.488727, 38.313282], [-122.490697, 38.314247], [-122.498628, 38.317518], [-122.499173, 38.318632], [-122.500682, 38.318124], [-122.501914, 38.316047], [-122.501174, 38.307549], [-122.501416, 38.305663], [-122.500998, 38.304287], [-122.504808, 38.296434], [-122.506014, 38.29557], [-122.508265, 38.287182], [-122.507908, 38.285798], [-122.507772, 38.285422], [-122.507371, 38.284822], [-122.506689, 38.284361], [-122.503832, 38.27825], [-122.509722, 38.272836], [-122.510836, 38.272411], [-122.511086, 38.272109], [-122.511305, 38.270862], [-122.5109, 38.269435], [-122.510402, 38.26914], [-122.509848, 38.268798], [-122.509335, 38.268593], [-122.508332, 38.268402], [-122.507718, 38.26827], [-122.501482, 38.264863], [-122.498388, 38.263899], [-122.495305, 38.261997], [-122.493752, 38.260016], [-122.496693, 38.251677], [-122.499062, 38.250822], [-122.499538, 38.250627], [-122.499951, 38.250429], [-122.507057, 38.250051], [-122.509103, 38.249471], [-122.509355, 38.249343], [-122.510194, 38.248285], [-122.510233, 38.248078], [-122.514638, 38.241139], [-122.520466, 38.238759], [-122.521239, 38.238672], [-122.52202, 38.238469], [-122.529619, 38.24246], [-122.533152, 38.243262], [-122.53908, 38.245139], [-122.541397, 38.246445], [-122.544046, 38.247895], [-122.545413, 38.248322], [-122.546954, 38.248608], [-122.552162, 38.255939], [-122.552704, 38.257609], [-122.55272, 38.257664], [-122.553555, 38.259263], [-122.554121, 38.259206], [-122.55464, 38.2591], [-122.555319, 38.258806], [-122.555679, 38.258522], [-122.556941, 38.257145], [-122.558342, 38.255688], [-122.558738, 38.255252], [-122.5657, 38.25448], [-122.566838, 38.261552], [-122.566778, 38.261643], [-122.566436, 38.262682], [-122.564787, 38.265105], [-122.564953, 38.265334], [-122.567251, 38.273647], [-122.567094, 38.274088], [-122.567889, 38.275768], [-122.569221, 38.278214], [-122.571888, 38.280632], [-122.575141, 38.280397], [-122.582165, 38.282301], [-122.585195, 38.280357], [-122.585695, 38.277104], [-122.585831, 38.276545], [-122.585854, 38.275904], [-122.585809, 38.275427], [-122.585792, 38.274813], [-122.585831, 38.273952], [-122.585852, 38.273336], [-122.585883, 38.272029], [-122.585785, 38.271229], [-122.585594, 38.270162], [-122.585551, 38.269374], [-122.585505, 38.268656], [-122.585404, 38.267842], [-122.585338, 38.266382], [-122.585219, 38.265503], [-122.585027, 38.264792], [-122.590907, 38.258668], [-122.593209, 38.259942], [-122.595398, 38.263232], [-122.597771, 38.267327], [-122.601786, 38.274737], [-122.602905, 38.278016], [-122.603416, 38.277889], [-122.604168, 38.277436], [-122.605251, 38.276537], [-122.605642, 38.276138], [-122.606476, 38.274753], [-122.612488, 38.272859], [-122.613228, 38.281506], [-122.612194, 38.282574], [-122.611695, 38.283133], [-122.611324, 38.283608], [-122.60972, 38.285524], [-122.609314, 38.285831], [-122.608971, 38.286172], [-122.608213, 38.287075], [-122.607096, 38.28831], [-122.605387, 38.290162], [-122.604614, 38.290807], [-122.603567, 38.292002], [-122.602977, 38.29265], [-122.602245, 38.293499], [-122.601585, 38.294251], [-122.601232, 38.294617], [-122.600849, 38.295084], [-122.599975, 38.29601], [-122.598223, 38.298014], [-122.596575, 38.29984], [-122.594838, 38.301771], [-122.593994, 38.302743], [-122.593441, 38.30338], [-122.592187, 38.304695], [-122.591104, 38.30559], [-122.590423, 38.306204], [-122.589889, 38.307016], [-122.588821, 38.30846], [-122.588302, 38.309477], [-122.588386, 38.310533], [-122.588861, 38.311266], [-122.589335, 38.319903], [-122.588854, 38.320912], [-122.588413, 38.321965], [-122.588273, 38.322472], [-122.588839, 38.324202], [-122.593251, 38.330163], [-122.594907, 38.335005], [-122.595103, 38.335038], [-122.595408, 38.335086], [-122.5959, 38.335102], [-122.596421, 38.335069], [-122.596984, 38.334959], [-122.597614, 38.334679], [-122.598055, 38.334307], [-122.598402, 38.333779], [-122.598653, 38.333143], [-122.59881, 38.332635], [-122.598912, 38.332133], [-122.598926, 38.331546], [-122.598762, 38.330866], [-122.59829, 38.330132], [-122.596493, 38.326911], [-122.59524, 38.318328], [-122.595687, 38.317487], [-122.595852, 38.317155], [-122.596026, 38.316619], [-122.596075, 38.315983], [-122.595959, 38.315245], [-122.595778, 38.313088], [-122.595692, 38.312523], [-122.597499, 38.304364], [-122.599246, 38.302253], [-122.600895, 38.300427], [-122.602685, 38.29838], [-122.603465, 38.297556], [-122.604256, 38.296719], [-122.604583, 38.296404], [-122.605055, 38.295749], [-122.605701, 38.295002], [-122.608856, 38.292692], [-122.609332, 38.292363], [-122.609927, 38.291502], [-122.611958, 38.289024], [-122.613936, 38.286086], [-122.614509, 38.285377], [-122.614868, 38.284984], [-122.62341, 38.283127], [-122.630546, 38.283009], [-122.632695, 38.290609], [-122.631101, 38.292387], [-122.629522, 38.293271], [-122.627672, 38.294037], [-122.626104, 38.29483], [-122.625706, 38.295194], [-122.62344, 38.297241], [-122.623, 38.297532], [-122.622405, 38.298078], [-122.62202, 38.29862], [-122.621778, 38.299169], [-122.621687, 38.299515], [-122.621394, 38.300359], [-122.621304, 38.301023], [-122.621402, 38.301685], [-122.621641, 38.302263], [-122.622191, 38.303185], [-122.625282, 38.301338], [-122.627125, 38.299397], [-122.627552, 38.299081], [-122.635651, 38.302533], [-122.637974, 38.305283], [-122.639658, 38.30386], [-122.641342, 38.302437], [-122.643646, 38.301533], [-122.649987, 38.307287], [-122.649122, 38.310018], [-122.645098, 38.31314], [-122.640191, 38.315596], [-122.639532, 38.315764], [-122.637406, 38.316961], [-122.634244, 38.318909], [-122.633753, 38.319213], [-122.632998, 38.31982], [-122.635254, 38.322626], [-122.636532, 38.32211], [-122.637476, 38.321598], [-122.637975, 38.321213], [-122.638667, 38.32067], [-122.643953, 38.319255], [-122.64436, 38.319306], [-122.64482, 38.319314], [-122.64617, 38.318704], [-122.64653, 38.318296], [-122.65268, 38.316234], [-122.655061, 38.3162], [-122.6557, 38.325015], [-122.653239, 38.325812], [-122.650763, 38.331377], [-122.650362, 38.331714], [-122.647817, 38.333222], [-122.640746, 38.332691], [-122.640608, 38.332838], [-122.640246, 38.333391], [-122.639933, 38.334251], [-122.639764, 38.334925], [-122.639969, 38.336928], [-122.640993, 38.344502], [-122.638201, 38.346681], [-122.637713, 38.346922], [-122.637322, 38.347237], [-122.637028, 38.347584], [-122.636356, 38.348832], [-122.636279, 38.349322], [-122.636294, 38.349522], [-122.639666, 38.350783], [-122.640492, 38.350592], [-122.643984, 38.349715], [-122.645554, 38.344798], [-122.646452, 38.343554], [-122.646728, 38.343084], [-122.646925, 38.342468], [-122.651338, 38.336441], [-122.65185, 38.336258], [-122.659722, 38.337612], [-122.660743, 38.341073], [-122.665126, 38.347287], [-122.665164, 38.350774], [-122.661551, 38.358026], [-122.661528, 38.358175], [-122.659772, 38.363389], [-122.659562, 38.365305], [-122.659611, 38.366049], [-122.659777, 38.366989], [-122.66566, 38.372803], [-122.668999, 38.371457], [-122.677341, 38.369522], [-122.678058, 38.371824], [-122.677869, 38.376709], [-122.677972, 38.379026], [-122.6812, 38.381902], [-122.687079, 38.387234], [-122.690869, 38.394095], [-122.692173, 38.400122], [-122.69221, 38.400183], [-122.694125, 38.408722], [-122.689949, 38.416239], [-122.689429, 38.41702], [-122.68923, 38.417724], [-122.68921, 38.418], [-122.68957, 38.418328], [-122.689855, 38.418541], [-122.69022, 38.418758], [-122.690796, 38.418986], [-122.694243, 38.425609], [-122.688198, 38.430433], [-122.686255, 38.429848], [-122.681439, 38.429917], [-122.680176, 38.433289], [-122.683445, 38.439097], [-122.689168, 38.440131], [-122.689966, 38.439195], [-122.694443, 38.436513], [-122.700694, 38.43999], [-122.705236, 38.44157], [-122.707353, 38.441582], [-122.713442, 38.445492], [-122.715128, 38.447369], [-122.717579, 38.448794], [-122.71764, 38.448796], [-122.720595, 38.449223], [-122.724171, 38.453279], [-122.722133, 38.458371], [-122.72104, 38.46009], [-122.720738, 38.460435], [-122.72079, 38.46062], [-122.725146, 38.465437], [-122.726335, 38.468588], [-122.726689, 38.469582], [-122.727386, 38.471133], [-122.728743, 38.473877], [-122.732053, 38.472461], [-122.731842, 38.471968]]], "type": "Polygon"}}], "metadata": {"attribution": "openrouteservice.org | OpenStreetMap contributors", "service": "isochrones", "timestamp": 1789709169171, "query": {"profile": "driving-car", "profileName": "driving-car", "locations": [[-122.3842094, 37.9088782]], "range": [900.0, 1800.0, 2700.0, 3600.0], "range_type": "time", "attributes": ["area"]}, "engine": {"version": "9.10.0", "build_date": "2026-08-13T11:53:14Z", "graph_date": "2026-09-12T17:48:32Z", "osm_date": "2026-08-30T23:59:56Z"}}}