{
"type": "FeatureCollection",
"name": "rings",
"crs": { "type": "name", "properties": { "name": "urn:ogc:def:crs:OGC:1.3:CRS84" } },
"xy_coordinate_resolution": 1e-05,
"features": [
{ "type": "Feature", "properties": { "minutes": 15 }, "geometry": { "type": "LineString", "coordinates": [ [ -122.43009, 37.96312 ], [ -122.42976, 37.9654 ], [ -122.41859, 37.96478 ], [ -122.41267, 37.96329 ], [ -122.41173, 37.96048 ], [ -122.40845, 37.9576 ], [ -122.40276, 37.95501 ], [ -122.3958, 37.95993 ], [ -122.40148, 37.96572 ], [ -122.40113, 37.96777 ], [ -122.39741, 37.96779 ], [ -122.39551, 37.96944 ], [ -122.38172, 37.97173 ], [ -122.36764, 37.97817 ], [ -122.36412, 37.98539 ], [ -122.36285, 37.98552 ], [ -122.3613, 37.98756 ], [ -122.36, 37.99071 ], [ -122.36099, 37.99485 ], [ -122.36273, 37.99633 ], [ -122.36548, 37.99695 ], [ -122.36693, 37.99846 ], [ -122.36889, 38.00795 ], [ -122.36791, 38.01253 ], [ -122.36464, 38.01293 ], [ -122.3619, 38.00868 ], [ -122.35552, 38.00866 ], [ -122.34406, 38.00497 ], [ -122.34163, 38.00294 ], [ -122.33623, 38.00257 ], [ -122.3326, 38.00156 ], [ -122.32867, 38.00348 ], [ -122.32819, 38.00255 ], [ -122.32992, 38.00158 ], [ -122.33471, 38.00053 ], [ -122.34411, 38.00218 ], [ -122.34816, 38.00229 ], [ -122.35072, 38.00167 ], [ -122.3533, 38.00025 ], [ -122.35556, 37.99774 ], [ -122.35629, 37.99571 ], [ -122.35885, 37.96809 ], [ -122.35846, 37.96757 ], [ -122.35639, 37.96718 ], [ -122.35735, 37.96328 ], [ -122.35852, 37.95087 ], [ -122.35651, 37.94989 ], [ -122.34796, 37.94974 ], [ -122.34741, 37.95021 ], [ -122.34787, 37.95177 ], [ -122.34737, 37.95295 ], [ -122.34363, 37.9531 ], [ -122.34159, 37.95413 ], [ -122.34042, 37.9528 ], [ -122.33845, 37.95316 ], [ -122.33439, 37.95191 ], [ -122.33362, 37.95325 ], [ -122.33176, 37.95396 ], [ -122.33026, 37.95147 ], [ -122.32742, 37.95129 ], [ -122.32643, 37.94934 ], [ -122.32498, 37.94918 ], [ -122.32379, 37.94962 ], [ -122.32223, 37.95176 ], [ -122.3244, 37.95384 ], [ -122.32382, 37.9541 ], [ -122.31908, 37.95405 ], [ -122.31828, 37.95492 ], [ -122.31613, 37.95322 ], [ -122.316, 37.95232 ], [ -122.31218, 37.95163 ], [ -122.31148, 37.95191 ], [ -122.31141, 37.95266 ], [ -122.30837, 37.95267 ], [ -122.30951, 37.95157 ], [ -122.3096, 37.94812 ], [ -122.31067, 37.94847 ], [ -122.31129, 37.94813 ], [ -122.31131, 37.9456 ], [ -122.31176, 37.94489 ], [ -122.31095, 37.9436 ], [ -122.30759, 37.94272 ], [ -122.30319, 37.93912 ], [ -122.30358, 37.9382 ], [ -122.31995, 37.93827 ], [ -122.32038, 37.93112 ], [ -122.32237, 37.93108 ], [ -122.32285, 37.93056 ], [ -122.3207, 37.9273 ], [ -122.32062, 37.91947 ], [ -122.31485, 37.91908 ], [ -122.3132, 37.91678 ], [ -122.31194, 37.916 ], [ -122.31224, 37.91463 ], [ -122.31077, 37.91357 ], [ -122.30592, 37.90658 ], [ -122.30553, 37.90545 ], [ -122.30586, 37.9038 ], [ -122.30724, 37.90285 ], [ -122.3067, 37.90157 ], [ -122.30695, 37.90096 ], [ -122.30541, 37.89816 ], [ -122.31125, 37.8975 ], [ -122.31253, 37.89676 ], [ -122.31518, 37.89861 ], [ -122.31902, 37.89783 ], [ -122.32233, 37.89542 ], [ -122.32542, 37.89778 ], [ -122.32477, 37.90187 ], [ -122.32186, 37.90514 ], [ -122.32507, 37.90803 ], [ -122.33559, 37.91028 ], [ -122.34467, 37.90724 ], [ -122.35228, 37.90761 ], [ -122.35348, 37.90957 ], [ -122.36044, 37.90953 ], [ -122.36182, 37.91716 ], [ -122.36419, 37.91783 ], [ -122.36489, 37.91753 ], [ -122.36548, 37.91571 ], [ -122.36353, 37.90561 ], [ -122.36829, 37.90462 ], [ -122.37866, 37.90723 ], [ -122.39055, 37.90911 ], [ -122.38761, 37.92059 ], [ -122.39049, 37.92254 ], [ -122.39157, 37.92545 ], [ -122.39744, 37.92921 ], [ -122.40129, 37.92843 ], [ -122.4022, 37.93141 ], [ -122.41004, 37.93236 ], [ -122.41372, 37.93726 ], [ -122.41111, 37.93979 ], [ -122.41398, 37.9451 ], [ -122.42263, 37.94717 ], [ -122.41939, 37.9509 ], [ -122.42068, 37.9547 ], [ -122.42501, 37.95691 ], [ -122.43009, 37.96312 ] ] } },
{ "type": "Feature", "properties": { "minutes": 30 }, "geometry": { "type": "MultiLineString", "coordinates": [ [ [ -122.32794, 38.00391 ], [ -122.32444, 38.00564 ], [ -122.31544, 38.01161 ], [ -122.31333, 38.01151 ], [ -122.31292, 38.01087 ], [ -122.30929, 38.00994 ], [ -122.30554, 38.01046 ], [ -122.29935, 38.01036 ], [ -122.29775, 38.01177 ], [ -122.29698, 38.01379 ], [ -122.29426, 38.01585 ], [ -122.29147, 38.01715 ], [ -122.28956, 38.01955 ], [ -122.29, 38.02147 ], [ -122.28941, 38.02227 ], [ -122.28697, 38.02128 ], [ -122.28513, 38.02256 ], [ -122.2833, 38.02289 ], [ -122.27686, 38.03047 ], [ -122.27569, 38.0352 ], [ -122.27456, 38.03525 ], [ -122.2735, 38.03742 ], [ -122.27395, 38.03857 ], [ -122.27345, 38.03904 ], [ -122.27238, 38.03899 ], [ -122.27255, 38.03988 ], [ -122.27143, 38.04093 ], [ -122.27068, 38.04097 ], [ -122.27014, 38.03906 ], [ -122.26961, 38.03871 ], [ -122.2648, 38.04013 ], [ -122.26459, 38.0422 ], [ -122.2628, 38.0429 ], [ -122.26216, 38.0509 ], [ -122.26066, 38.05191 ], [ -122.26169, 38.05593 ], [ -122.26388, 38.05619 ], [ -122.25962, 38.05706 ], [ -122.26112, 38.05606 ], [ -122.26012, 38.05202 ], [ -122.25592, 38.05134 ], [ -122.25443, 38.05263 ], [ -122.25189, 38.05297 ], [ -122.25116, 38.0544 ], [ -122.24823, 38.05662 ], [ -122.24575, 38.05567 ], [ -122.24093, 38.05791 ], [ -122.23927, 38.05795 ], [ -122.23435, 38.05695 ], [ -122.22669, 38.05698 ], [ -122.22523, 38.05634 ], [ -122.22461, 38.0566 ], [ -122.22422, 38.05771 ], [ -122.21392, 38.05689 ], [ -122.2029, 38.05399 ], [ -122.20588, 38.04925 ], [ -122.20613, 38.04618 ], [ -122.21235, 38.04587 ], [ -122.21559, 38.04193 ], [ -122.21417, 38.04002 ], [ -122.20937, 38.03804 ], [ -122.20872, 38.03608 ], [ -122.21007, 38.0349 ], [ -122.21247, 38.03526 ], [ -122.21511, 38.03684 ], [ -122.21599, 38.0362 ], [ -122.20737, 38.02892 ], [ -122.19976, 38.02601 ], [ -122.19597, 38.02297 ], [ -122.19491, 38.01993 ], [ -122.19357, 38.01851 ], [ -122.19089, 38.01695 ], [ -122.19038, 38.01566 ], [ -122.20503, 38.0089 ], [ -122.20949, 38.00781 ], [ -122.20962, 37.99617 ], [ -122.22895, 37.99637 ], [ -122.22964, 37.99584 ], [ -122.20497, 37.96474 ], [ -122.20885, 37.9672 ], [ -122.21021, 37.96875 ], [ -122.21499, 37.9704 ], [ -122.2164, 37.9699 ], [ -122.21891, 37.96979 ], [ -122.22153, 37.97061 ], [ -122.22384, 37.97279 ], [ -122.2258, 37.97346 ], [ -122.22871, 37.97348 ], [ -122.23086, 37.97494 ], [ -122.23443, 37.97397 ], [ -122.23735, 37.9721 ], [ -122.24172, 37.97178 ], [ -122.24306, 37.97104 ], [ -122.24307, 37.96811 ], [ -122.24609, 37.96396 ], [ -122.24037, 37.96061 ], [ -122.2376, 37.95822 ], [ -122.2411, 37.95694 ], [ -122.24119, 37.95525 ], [ -122.24349, 37.95448 ], [ -122.24649, 37.95515 ], [ -122.2491, 37.95228 ], [ -122.25241, 37.95138 ], [ -122.25559, 37.94867 ], [ -122.25368, 37.94574 ], [ -122.25525, 37.94587 ], [ -122.25609, 37.9446 ], [ -122.259, 37.94619 ], [ -122.2632, 37.94283 ], [ -122.2643, 37.9434 ], [ -122.26515, 37.94256 ], [ -122.26163, 37.94089 ], [ -122.2594, 37.93765 ], [ -122.25737, 37.93277 ], [ -122.25544, 37.93123 ], [ -122.25398, 37.92751 ], [ -122.2497, 37.92545 ], [ -122.24809, 37.92281 ], [ -122.24588, 37.92164 ], [ -122.24008, 37.92171 ], [ -122.23799, 37.92116 ], [ -122.2387, 37.91985 ], [ -122.23695, 37.91987 ], [ -122.23456, 37.91723 ], [ -122.23249, 37.91657 ], [ -122.23078, 37.91232 ], [ -122.22777, 37.90857 ], [ -122.22525, 37.90809 ], [ -122.22467, 37.90717 ], [ -122.22288, 37.9066 ], [ -122.21615, 37.90679 ], [ -122.21261, 37.90807 ], [ -122.21193, 37.90991 ], [ -122.20695, 37.90841 ], [ -122.20476, 37.90851 ], [ -122.20326, 37.90957 ], [ -122.20008, 37.9148 ], [ -122.19986, 37.91751 ], [ -122.19798, 37.91865 ], [ -122.1957, 37.92155 ], [ -122.19261, 37.92019 ], [ -122.18849, 37.91983 ], [ -122.18482, 37.91873 ], [ -122.17696, 37.91814 ], [ -122.17567, 37.9159 ], [ -122.17416, 37.91542 ], [ -122.16987, 37.91606 ], [ -122.16679, 37.91703 ], [ -122.16529, 37.91549 ], [ -122.16099, 37.91352 ], [ -122.16094, 37.90954 ], [ -122.1646, 37.9095 ], [ -122.1652, 37.90906 ], [ -122.16506, 37.89236 ], [ -122.1668, 37.89195 ], [ -122.16687, 37.88995 ], [ -122.16639, 37.88954 ], [ -122.16503, 37.88955 ], [ -122.16494, 37.88539 ], [ -122.1617, 37.88309 ], [ -122.16266, 37.88182 ], [ -122.16238, 37.88122 ], [ -122.15823, 37.88116 ], [ -122.15617, 37.88175 ], [ -122.15573, 37.88357 ], [ -122.15369, 37.88303 ], [ -122.15537, 37.88252 ], [ -122.15587, 37.88136 ], [ -122.15555, 37.87264 ], [ -122.15603, 37.87153 ], [ -122.14425, 37.86852 ], [ -122.14291, 37.86728 ], [ -122.14323, 37.86591 ], [ -122.14426, 37.86563 ], [ -122.14434, 37.86356 ], [ -122.1438, 37.86307 ], [ -122.14294, 37.86328 ], [ -122.14257, 37.85286 ], [ -122.14032, 37.85195 ], [ -122.13944, 37.84904 ], [ -122.1423, 37.8472 ], [ -122.14193, 37.84582 ], [ -122.14052, 37.84424 ], [ -122.14235, 37.84136 ], [ -122.1437, 37.84161 ], [ -122.14604, 37.83887 ], [ -122.14868, 37.83919 ], [ -122.15641, 37.84344 ], [ -122.15853, 37.8419 ], [ -122.16402, 37.84338 ], [ -122.16545, 37.8444 ], [ -122.16807, 37.84374 ], [ -122.17252, 37.84505 ], [ -122.18129, 37.83972 ], [ -122.18398, 37.83996 ], [ -122.18714, 37.83821 ], [ -122.1868, 37.83767 ], [ -122.18512, 37.83735 ], [ -122.18382, 37.83435 ], [ -122.18565, 37.8317 ], [ -122.18697, 37.82768 ], [ -122.18573, 37.82537 ], [ -122.18679, 37.82207 ], [ -122.18551, 37.82071 ], [ -122.18122, 37.81934 ], [ -122.17788, 37.81637 ], [ -122.17278, 37.81583 ], [ -122.16701, 37.81351 ], [ -122.15739, 37.81795 ], [ -122.15298, 37.81506 ], [ -122.14881, 37.81376 ], [ -122.14037, 37.80479 ], [ -122.13526, 37.80448 ], [ -122.13324, 37.80223 ], [ -122.13202, 37.7993 ], [ -122.12982, 37.79662 ], [ -122.12358, 37.79418 ], [ -122.12298, 37.79006 ], [ -122.12029, 37.78803 ], [ -122.11737, 37.78197 ], [ -122.11468, 37.77877 ], [ -122.11485, 37.77671 ], [ -122.11633, 37.77651 ], [ -122.11893, 37.77851 ], [ -122.11981, 37.77846 ], [ -122.12282, 37.78128 ], [ -122.12423, 37.78359 ], [ -122.12719, 37.78604 ], [ -122.12823, 37.78598 ], [ -122.12719, 37.78286 ], [ -122.12603, 37.78229 ], [ -122.12563, 37.78089 ], [ -122.1239, 37.77865 ], [ -122.12464, 37.77753 ], [ -122.12614, 37.77749 ], [ -122.12653, 37.77683 ], [ -122.12435, 37.77367 ], [ -122.12322, 37.77099 ], [ -122.12077, 37.76798 ], [ -122.11937, 37.76412 ], [ -122.11698, 37.76066 ], [ -122.11721, 37.75826 ], [ -122.11672, 37.75687 ], [ -122.11824, 37.75525 ], [ -122.11855, 37.7538 ], [ -122.12421, 37.76132 ], [ -122.12855, 37.76939 ], [ -122.13271, 37.77532 ], [ -122.13466, 37.77698 ], [ -122.14155, 37.78118 ], [ -122.14242, 37.78491 ], [ -122.14452, 37.78498 ], [ -122.14594, 37.78571 ], [ -122.14845, 37.78356 ], [ -122.15219, 37.7845 ], [ -122.1537, 37.7839 ], [ -122.15654, 37.78459 ], [ -122.15835, 37.78293 ], [ -122.15793, 37.78205 ], [ -122.16556, 37.78091 ], [ -122.17181, 37.78617 ], [ -122.17504, 37.78608 ], [ -122.17807, 37.78449 ], [ -122.17853, 37.78351 ], [ -122.17566, 37.7816 ], [ -122.1751, 37.78029 ], [ -122.18002, 37.77984 ], [ -122.18537, 37.77543 ], [ -122.18819, 37.77763 ], [ -122.1907, 37.77673 ], [ -122.20367, 37.76714 ], [ -122.21084, 37.76336 ], [ -122.21328, 37.76519 ], [ -122.21652, 37.76447 ], [ -122.21679, 37.76381 ], [ -122.21485, 37.76147 ], [ -122.21813, 37.75964 ], [ -122.22375, 37.75445 ], [ -122.22608, 37.74967 ], [ -122.23639, 37.74855 ], [ -122.2369, 37.74973 ], [ -122.24396, 37.75178 ], [ -122.2719, 37.76151 ], [ -122.27537, 37.76594 ], [ -122.27589, 37.76776 ], [ -122.27713, 37.76844 ], [ -122.2797, 37.76777 ], [ -122.28307, 37.76386 ], [ -122.28901, 37.76461 ], [ -122.28904, 37.7688 ], [ -122.29987, 37.77234 ], [ -122.30638, 37.77607 ], [ -122.31539, 37.7766 ], [ -122.31792, 37.77969 ], [ -122.33204, 37.78204 ], [ -122.33098, 37.79521 ], [ -122.33418, 37.80123 ], [ -122.34151, 37.80416 ], [ -122.34225, 37.80556 ], [ -122.33302, 37.8108 ], [ -122.3228, 37.81022 ], [ -122.31747, 37.81608 ], [ -122.31939, 37.81909 ], [ -122.33035, 37.82059 ], [ -122.32683, 37.82226 ], [ -122.32152, 37.82291 ], [ -122.31386, 37.82524 ], [ -122.30869, 37.8258 ], [ -122.3054, 37.8257 ], [ -122.30088, 37.82638 ], [ -122.29581, 37.82791 ], [ -122.29474, 37.82884 ], [ -122.29423, 37.83011 ], [ -122.29461, 37.83071 ], [ -122.29712, 37.83122 ], [ -122.29842, 37.83633 ], [ -122.31591, 37.83681 ], [ -122.31419, 37.84231 ], [ -122.30026, 37.8406 ], [ -122.29957, 37.84086 ], [ -122.30113, 37.8463 ], [ -122.30138, 37.85543 ], [ -122.30837, 37.86274 ], [ -122.31694, 37.85881 ], [ -122.31873, 37.86637 ], [ -122.32519, 37.87428 ], [ -122.31866, 37.87531 ], [ -122.31322, 37.87026 ], [ -122.30879, 37.87099 ], [ -122.31141, 37.87968 ], [ -122.3127, 37.88115 ], [ -122.30846, 37.88238 ], [ -122.30997, 37.8922 ], [ -122.30964, 37.89318 ], [ -122.31142, 37.89581 ], [ -122.31192, 37.89622 ] ], [ [ -122.62447, 38.0395 ], [ -122.62441, 38.0415 ], [ -122.62269, 38.04406 ], [ -122.62182, 38.04686 ], [ -122.62249, 38.04806 ], [ -122.62106, 38.04744 ], [ -122.62031, 38.0478 ], [ -122.61881, 38.05653 ], [ -122.61609, 38.06112 ], [ -122.61315, 38.0613 ], [ -122.59687, 38.05358 ], [ -122.59508, 38.05377 ], [ -122.59058, 38.05297 ], [ -122.58815, 38.04918 ], [ -122.58311, 38.0489 ], [ -122.58043, 38.04754 ], [ -122.57504, 38.0465 ], [ -122.57322, 38.04555 ], [ -122.572, 38.04605 ], [ -122.57205, 38.04673 ], [ -122.57462, 38.04797 ], [ -122.5942, 38.06633 ], [ -122.58805, 38.06907 ], [ -122.58514, 38.0689 ], [ -122.58454, 38.0692 ], [ -122.58575, 38.07857 ], [ -122.58238, 38.07696 ], [ -122.57573, 38.0763 ], [ -122.57518, 38.0767 ], [ -122.57496, 38.07901 ], [ -122.57144, 38.08041 ], [ -122.56901, 38.07874 ], [ -122.56878, 38.07712 ], [ -122.56628, 38.07702 ], [ -122.56399, 38.07536 ], [ -122.55922, 38.07656 ], [ -122.55839, 38.07593 ], [ -122.55598, 38.07661 ], [ -122.55358, 38.07536 ], [ -122.55125, 38.07585 ], [ -122.5461, 38.07413 ], [ -122.5447, 38.0744 ], [ -122.54102, 38.07237 ], [ -122.54051, 38.07302 ], [ -122.5425, 38.07651 ], [ -122.54611, 38.08008 ], [ -122.53876, 38.08443 ], [ -122.53483, 38.08735 ], [ -122.53376, 38.08427 ], [ -122.53041, 38.08218 ], [ -122.52847, 38.0817 ], [ -122.5276, 38.08291 ], [ -122.5291, 38.08608 ], [ -122.52848, 38.08773 ], [ -122.52699, 38.08811 ], [ -122.52321, 38.08771 ], [ -122.51949, 38.09093 ], [ -122.51785, 38.0916 ], [ -122.51533, 38.09162 ], [ -122.51321, 38.08631 ], [ -122.51219, 38.08529 ], [ -122.50897, 38.08451 ], [ -122.50555, 38.08544 ], [ -122.50241, 38.08963 ], [ -122.49653, 38.09337 ], [ -122.49378, 38.09432 ], [ -122.49368, 38.09305 ], [ -122.49267, 38.09293 ], [ -122.48947, 38.09505 ], [ -122.48716, 38.09927 ], [ -122.48591, 38.09924 ], [ -122.48376, 38.07176 ], [ -122.49224, 38.05642 ], [ -122.49294, 38.04843 ], [ -122.49944, 38.03222 ], [ -122.49782, 38.01943 ], [ -122.49449, 38.01518 ], [ -122.48747, 38.01435 ], [ -122.48141, 38.00763 ], [ -122.46281, 38.00337 ], [ -122.4507, 37.99223 ], [ -122.44841, 37.98831 ], [ -122.4473, 37.98439 ], [ -122.4561, 37.97989 ], [ -122.46371, 37.98148 ], [ -122.46621, 37.98435 ], [ -122.46694, 37.98452 ], [ -122.47202, 37.98169 ], [ -122.47461, 37.97766 ], [ -122.47464, 37.97502 ], [ -122.47725, 37.97165 ], [ -122.48444, 37.97055 ], [ -122.49244, 37.97015 ], [ -122.49508, 37.97046 ], [ -122.49566, 37.97015 ], [ -122.49626, 37.96765 ], [ -122.4903, 37.96475 ], [ -122.4903, 37.95919 ], [ -122.48657, 37.94711 ], [ -122.48048, 37.94544 ], [ -122.47951, 37.94253 ], [ -122.48651, 37.93978 ], [ -122.48985, 37.9366 ], [ -122.49703, 37.93894 ], [ -122.49882, 37.9415 ], [ -122.50459, 37.9426 ], [ -122.50506, 37.94214 ], [ -122.50506, 37.93641 ], [ -122.5029, 37.92863 ], [ -122.49361, 37.92194 ], [ -122.48638, 37.92188 ], [ -122.48522, 37.92099 ], [ -122.48588, 37.92012 ], [ -122.48744, 37.91975 ], [ -122.48719, 37.91875 ], [ -122.48901, 37.91786 ], [ -122.48918, 37.91533 ], [ -122.49535, 37.91554 ], [ -122.49594, 37.91173 ], [ -122.50403, 37.91186 ], [ -122.50447, 37.91122 ], [ -122.50339, 37.90933 ], [ -122.51015, 37.90923 ], [ -122.51066, 37.90886 ], [ -122.5106, 37.90783 ], [ -122.51402, 37.90856 ], [ -122.51845, 37.91763 ], [ -122.52577, 37.9171 ], [ -122.5285, 37.91616 ], [ -122.53162, 37.91788 ], [ -122.53324, 37.91782 ], [ -122.53419, 37.91902 ], [ -122.53893, 37.92191 ], [ -122.54084, 37.922 ], [ -122.54295, 37.92364 ], [ -122.54467, 37.9237 ], [ -122.54683, 37.92568 ], [ -122.54818, 37.92547 ], [ -122.54914, 37.92375 ], [ -122.54957, 37.92472 ], [ -122.55304, 37.92602 ], [ -122.55678, 37.92882 ], [ -122.55944, 37.93136 ], [ -122.55292, 37.93521 ], [ -122.5514, 37.93968 ], [ -122.54641, 37.94135 ], [ -122.54651, 37.94218 ], [ -122.54866, 37.94465 ], [ -122.5496, 37.94483 ], [ -122.55034, 37.94628 ], [ -122.54937, 37.94853 ], [ -122.54967, 37.95077 ], [ -122.54579, 37.95161 ], [ -122.54487, 37.94897 ], [ -122.54338, 37.94803 ], [ -122.53958, 37.94716 ], [ -122.53854, 37.94453 ], [ -122.53684, 37.94315 ], [ -122.53222, 37.94253 ], [ -122.53, 37.94379 ], [ -122.52811, 37.9442 ], [ -122.52104, 37.94183 ], [ -122.51644, 37.94214 ], [ -122.51526, 37.94296 ], [ -122.51496, 37.94396 ], [ -122.51366, 37.94411 ], [ -122.51321, 37.94691 ], [ -122.50987, 37.95194 ], [ -122.51181, 37.95254 ], [ -122.51593, 37.95164 ], [ -122.51746, 37.95186 ], [ -122.5203, 37.95406 ], [ -122.52256, 37.95418 ], [ -122.52325, 37.95537 ], [ -122.52427, 37.95568 ], [ -122.52665, 37.95771 ], [ -122.53253, 37.95997 ], [ -122.53271, 37.96101 ], [ -122.53379, 37.96176 ], [ -122.54003, 37.96394 ], [ -122.5427, 37.96281 ], [ -122.54456, 37.96313 ], [ -122.5481, 37.95977 ], [ -122.55044, 37.96104 ], [ -122.55115, 37.96102 ], [ -122.55346, 37.95901 ], [ -122.55331, 37.95816 ], [ -122.55608, 37.9575 ], [ -122.55811, 37.95533 ], [ -122.56157, 37.95569 ], [ -122.56377, 37.95538 ], [ -122.56389, 37.95688 ], [ -122.56531, 37.95731 ], [ -122.56591, 37.95709 ], [ -122.56623, 37.95623 ], [ -122.56869, 37.95688 ], [ -122.57017, 37.95567 ], [ -122.57385, 37.95611 ], [ -122.57283, 37.958 ], [ -122.57555, 37.95929 ], [ -122.57899, 37.96257 ], [ -122.57805, 37.96558 ], [ -122.58059, 37.96611 ], [ -122.58068, 37.96678 ], [ -122.58263, 37.9681 ], [ -122.58067, 37.96973 ], [ -122.57156, 37.96764 ], [ -122.56854, 37.96748 ], [ -122.5673, 37.96783 ], [ -122.56623, 37.96712 ], [ -122.56059, 37.96956 ], [ -122.55983, 37.96786 ], [ -122.55891, 37.96716 ], [ -122.55789, 37.9682 ], [ -122.55202, 37.96976 ], [ -122.55166, 37.97114 ], [ -122.5532, 37.97256 ], [ -122.55162, 37.9722 ], [ -122.55095, 37.97258 ], [ -122.55094, 37.97689 ], [ -122.55198, 37.97741 ], [ -122.55096, 37.97835 ], [ -122.55053, 37.98072 ], [ -122.55725, 37.98351 ], [ -122.55672, 37.98432 ], [ -122.55738, 37.9849 ], [ -122.55951, 37.98448 ], [ -122.55761, 37.99381 ], [ -122.57097, 38.0096 ], [ -122.58972, 38.02383 ], [ -122.58849, 38.02563 ], [ -122.58885, 38.02625 ], [ -122.59717, 38.02909 ], [ -122.59855, 38.02846 ], [ -122.59878, 38.02744 ], [ -122.60157, 38.02722 ], [ -122.60393, 38.02643 ], [ -122.60764, 38.02646 ], [ -122.60956, 38.0251 ], [ -122.61105, 38.02502 ], [ -122.61275, 38.02308 ], [ -122.61277, 38.02222 ], [ -122.61645, 38.01971 ], [ -122.61646, 38.02066 ], [ -122.61767, 38.0208 ], [ -122.61965, 38.02191 ], [ -122.61879, 38.02383 ], [ -122.62076, 38.026 ], [ -122.62243, 38.0265 ], [ -122.61745, 38.02856 ], [ -122.6173, 38.03119 ], [ -122.61929, 38.03368 ], [ -122.61933, 38.03606 ], [ -122.6214, 38.03746 ], [ -122.62264, 38.03762 ], [ -122.62447, 38.0395 ] ], [ [ -122.37896, 37.8269 ], [ -122.37768, 37.83046 ], [ -122.37347, 37.83229 ], [ -122.36875, 37.83129 ], [ -122.36291, 37.8227 ], [ -122.36413, 37.81877 ], [ -122.35878, 37.81428 ], [ -122.36075, 37.81276 ], [ -122.36111, 37.80803 ], [ -122.36229, 37.80702 ], [ -122.36714, 37.80743 ], [ -122.37165, 37.80938 ], [ -122.37284, 37.81107 ], [ -122.37137, 37.81482 ], [ -122.37896, 37.8269 ] ], [ [ -122.27997, 38.08094 ], [ -122.27356, 38.08443 ], [ -122.27288, 38.08573 ], [ -122.27401, 38.08707 ], [ -122.27203, 38.08817 ], [ -122.27167, 38.08623 ], [ -122.26807, 38.08143 ], [ -122.26782, 38.08022 ], [ -122.26888, 38.07963 ], [ -122.26897, 38.07907 ], [ -122.26569, 38.07553 ], [ -122.26238, 38.07556 ], [ -122.2578, 38.07336 ], [ -122.25344, 38.0737 ], [ -122.25261, 38.07215 ], [ -122.25199, 38.0719 ], [ -122.2481, 38.07667 ], [ -122.25379, 38.08473 ], [ -122.25579, 38.08546 ], [ -122.25623, 38.08692 ], [ -122.25822, 38.08647 ], [ -122.26102, 38.08913 ], [ -122.25916, 38.09024 ], [ -122.26114, 38.09244 ], [ -122.25958, 38.09347 ], [ -122.25947, 38.09401 ], [ -122.27148, 38.1073 ], [ -122.27422, 38.11109 ], [ -122.27217, 38.11194 ], [ -122.27248, 38.11354 ], [ -122.27155, 38.11414 ], [ -122.27616, 38.12074 ], [ -122.27593, 38.12205 ], [ -122.27199, 38.1238 ], [ -122.26319, 38.13125 ], [ -122.26104, 38.13068 ], [ -122.25606, 38.13175 ], [ -122.25525, 38.12626 ], [ -122.25368, 38.12624 ], [ -122.25348, 38.12747 ], [ -122.24925, 38.12815 ], [ -122.24877, 38.12486 ], [ -122.24775, 38.12275 ], [ -122.24415, 38.12328 ], [ -122.23703, 38.12223 ], [ -122.22983, 38.12315 ], [ -122.23022, 38.12135 ], [ -122.22955, 38.10962 ], [ -122.22979, 38.09477 ], [ -122.23033, 38.09158 ], [ -122.23282, 38.08527 ], [ -122.23319, 38.08079 ], [ -122.23183, 38.07635 ], [ -122.22738, 38.07044 ], [ -122.22583, 38.06749 ], [ -122.22518, 38.06101 ], [ -122.24411, 38.06378 ], [ -122.26533, 38.05992 ], [ -122.26798, 38.06022 ], [ -122.27098, 38.06753 ], [ -122.26939, 38.0675 ], [ -122.2689, 38.0679 ], [ -122.26847, 38.07079 ], [ -122.26936, 38.07261 ], [ -122.27227, 38.07627 ], [ -122.27579, 38.07913 ], [ -122.27997, 38.08094 ] ] ] } },
{ "type": "Feature", "properties": { "minutes": 45 }, "geometry": { "type": "MultiLineString", "coordinates": [ [ [ -122.55921, 37.93001 ], [ -122.55934, 37.92999 ], [ -122.56697, 37.9346 ], [ -122.57039, 37.93299 ], [ -122.57343, 37.93412 ], [ -122.57293, 37.93562 ], [ -122.57377, 37.93671 ], [ -122.57589, 37.9367 ], [ -122.57666, 37.93904 ], [ -122.57949, 37.93934 ], [ -122.58035, 37.94177 ], [ -122.57961, 37.94323 ], [ -122.58215, 37.94618 ], [ -122.58331, 37.94667 ], [ -122.58668, 37.94542 ], [ -122.58891, 37.94563 ], [ -122.59363, 37.94786 ], [ -122.59502, 37.94945 ], [ -122.59833, 37.94873 ], [ -122.59839, 37.94769 ], [ -122.59685, 37.94582 ], [ -122.59753, 37.94486 ], [ -122.59974, 37.9452 ], [ -122.60145, 37.94326 ], [ -122.60166, 37.94156 ], [ -122.60327, 37.94056 ], [ -122.60566, 37.94078 ], [ -122.60687, 37.93979 ], [ -122.60596, 37.93878 ], [ -122.60631, 37.93725 ], [ -122.60427, 37.93375 ], [ -122.60407, 37.93123 ], [ -122.60322, 37.92999 ], [ -122.60503, 37.92899 ], [ -122.60692, 37.92627 ], [ -122.60616, 37.92484 ], [ -122.60697, 37.92396 ], [ -122.60905, 37.92479 ], [ -122.61361, 37.92442 ], [ -122.61529, 37.92484 ], [ -122.61637, 37.92406 ], [ -122.6167, 37.92228 ], [ -122.62303, 37.92091 ], [ -122.62522, 37.92216 ], [ -122.62661, 37.92207 ], [ -122.62726, 37.92353 ], [ -122.62937, 37.92431 ], [ -122.63151, 37.92443 ], [ -122.63387, 37.92569 ], [ -122.63358, 37.92796 ], [ -122.6352, 37.93115 ], [ -122.63598, 37.93432 ], [ -122.63744, 37.93556 ], [ -122.63829, 37.93849 ], [ -122.63867, 37.94074 ], [ -122.63525, 37.94199 ], [ -122.6338, 37.94199 ], [ -122.63267, 37.94356 ], [ -122.63386, 37.94538 ], [ -122.63313, 37.94678 ], [ -122.63462, 37.94879 ], [ -122.6326, 37.94882 ], [ -122.63206, 37.9493 ], [ -122.63341, 37.95195 ], [ -122.63649, 37.9541 ], [ -122.6371, 37.95582 ], [ -122.63506, 37.95503 ], [ -122.63333, 37.95565 ], [ -122.63202, 37.95519 ], [ -122.63028, 37.95606 ], [ -122.62894, 37.95956 ], [ -122.63188, 37.96326 ], [ -122.62981, 37.96335 ], [ -122.62912, 37.96459 ], [ -122.63125, 37.96754 ], [ -122.62721, 37.96527 ], [ -122.6264, 37.96561 ], [ -122.62653, 37.96665 ], [ -122.62935, 37.96946 ], [ -122.63791, 37.97325 ], [ -122.63843, 37.97494 ], [ -122.64372, 37.97917 ], [ -122.64652, 37.98251 ], [ -122.63632, 37.99409 ], [ -122.63425, 37.99465 ], [ -122.6295, 37.99708 ], [ -122.6282, 37.99955 ], [ -122.62623, 38.00057 ], [ -122.62613, 38.00121 ], [ -122.62694, 38.00198 ], [ -122.62724, 38.00549 ], [ -122.62446, 38.00765 ], [ -122.62186, 38.0078 ], [ -122.61633, 38.00636 ], [ -122.61602, 38.007 ], [ -122.61723, 38.00816 ], [ -122.61823, 38.01123 ], [ -122.61623, 38.01232 ], [ -122.61464, 38.01147 ], [ -122.61383, 38.01184 ], [ -122.6144, 38.01676 ], [ -122.61404, 38.01792 ], [ -122.61684, 38.01831 ], [ -122.61666, 38.01901 ] ], [ [ -122.54676, 38.08059 ], [ -122.55866, 38.09194 ], [ -122.55947, 38.09202 ], [ -122.56182, 38.09045 ], [ -122.56199, 38.09362 ], [ -122.56361, 38.09373 ], [ -122.56655, 38.09513 ], [ -122.56646, 38.09775 ], [ -122.57653, 38.10669 ], [ -122.57861, 38.10674 ], [ -122.58862, 38.11138 ], [ -122.5899, 38.11115 ], [ -122.58833, 38.11339 ], [ -122.58854, 38.11402 ], [ -122.59383, 38.11613 ], [ -122.59509, 38.11586 ], [ -122.5994, 38.11664 ], [ -122.60406, 38.11465 ], [ -122.60604, 38.11637 ], [ -122.61349, 38.11929 ], [ -122.61239, 38.1222 ], [ -122.61313, 38.12396 ], [ -122.6171, 38.12453 ], [ -122.61887, 38.12085 ], [ -122.62405, 38.1228 ], [ -122.62408, 38.13085 ], [ -122.622, 38.13731 ], [ -122.62011, 38.13808 ], [ -122.61671, 38.13853 ], [ -122.61398, 38.13975 ], [ -122.612, 38.13984 ], [ -122.6091, 38.13921 ], [ -122.60879, 38.14782 ], [ -122.60716, 38.14693 ], [ -122.59909, 38.14702 ], [ -122.5921, 38.14589 ], [ -122.58075, 38.13654 ], [ -122.58006, 38.13662 ], [ -122.57776, 38.1384 ], [ -122.56889, 38.13606 ], [ -122.56774, 38.13507 ], [ -122.56464, 38.13453 ], [ -122.56402, 38.13479 ], [ -122.5649, 38.14538 ], [ -122.56965, 38.15824 ], [ -122.57165, 38.16033 ], [ -122.57961, 38.1664 ], [ -122.58658, 38.17089 ], [ -122.59753, 38.17903 ], [ -122.59959, 38.18114 ], [ -122.60092, 38.18526 ], [ -122.59817, 38.18719 ], [ -122.5926, 38.18877 ], [ -122.59064, 38.18616 ], [ -122.58739, 38.18695 ], [ -122.58681, 38.18772 ], [ -122.58451, 38.18807 ], [ -122.58348, 38.1873 ], [ -122.58212, 38.18802 ], [ -122.58179, 38.1862 ], [ -122.5798, 38.18554 ], [ -122.57819, 38.18365 ], [ -122.57317, 38.1833 ], [ -122.57089, 38.18373 ], [ -122.57101, 38.18461 ], [ -122.57317, 38.18588 ], [ -122.5725, 38.18707 ], [ -122.57073, 38.18714 ], [ -122.56787, 38.18381 ], [ -122.56509, 38.18222 ], [ -122.56646, 38.17913 ], [ -122.56809, 38.17697 ], [ -122.56446, 38.17508 ], [ -122.56399, 38.17352 ], [ -122.56424, 38.17076 ], [ -122.56331, 38.16947 ], [ -122.55928, 38.16865 ], [ -122.55628, 38.16971 ], [ -122.55329, 38.16998 ], [ -122.55198, 38.169 ], [ -122.55349, 38.16662 ], [ -122.55599, 38.16546 ], [ -122.55799, 38.1635 ], [ -122.55839, 38.16192 ], [ -122.55713, 38.15962 ], [ -122.54961, 38.1573 ], [ -122.54758, 38.1575 ], [ -122.54538, 38.15873 ], [ -122.54371, 38.15807 ], [ -122.54147, 38.15515 ], [ -122.53772, 38.15154 ], [ -122.5333, 38.14815 ], [ -122.52396, 38.14351 ], [ -122.51903, 38.13975 ], [ -122.51595, 38.13645 ], [ -122.51311, 38.13212 ], [ -122.51128, 38.12489 ], [ -122.50788, 38.11805 ], [ -122.50282, 38.113 ], [ -122.4988, 38.1113 ], [ -122.48795, 38.10512 ], [ -122.48605, 38.1012 ], [ -122.48596, 38.09996 ] ], [ [ -122.48454, 37.92049 ], [ -122.47925, 37.91646 ], [ -122.47559, 37.91692 ], [ -122.47358, 37.91254 ], [ -122.47297, 37.90885 ], [ -122.47603, 37.90786 ], [ -122.4767, 37.90547 ], [ -122.47227, 37.90256 ], [ -122.46252, 37.89741 ], [ -122.45854, 37.8941 ], [ -122.44841, 37.89341 ], [ -122.44377, 37.88677 ], [ -122.43925, 37.88392 ], [ -122.43827, 37.88097 ], [ -122.4399, 37.87975 ], [ -122.44183, 37.88054 ], [ -122.44428, 37.87896 ], [ -122.44465, 37.87619 ], [ -122.44871, 37.87451 ], [ -122.45063, 37.87171 ], [ -122.46173, 37.87067 ], [ -122.46182, 37.87013 ], [ -122.45871, 37.86571 ], [ -122.458, 37.86177 ], [ -122.46846, 37.86815 ], [ -122.47427, 37.87443 ], [ -122.47511, 37.87734 ], [ -122.4719, 37.88099 ], [ -122.47518, 37.88637 ], [ -122.48343, 37.8901 ], [ -122.48931, 37.89501 ], [ -122.49343, 37.89366 ], [ -122.49988, 37.89366 ], [ -122.50113, 37.89461 ], [ -122.50297, 37.89871 ], [ -122.5047, 37.89918 ], [ -122.5042, 37.90071 ], [ -122.50567, 37.9033 ], [ -122.50715, 37.90433 ], [ -122.50622, 37.90686 ], [ -122.50359, 37.90842 ], [ -122.50361, 37.9086 ] ], [ [ -122.28035, 38.0816 ], [ -122.2817, 38.08391 ], [ -122.2876, 38.08997 ], [ -122.29695, 38.10207 ], [ -122.30147, 38.10553 ], [ -122.29426, 38.11219 ], [ -122.29023, 38.11466 ], [ -122.28862, 38.11665 ], [ -122.28878, 38.11724 ], [ -122.30225, 38.1177 ], [ -122.30517, 38.1184 ], [ -122.33853, 38.13267 ], [ -122.34962, 38.13636 ], [ -122.3545, 38.13865 ], [ -122.37523, 38.14599 ], [ -122.38631, 38.15134 ], [ -122.40347, 38.15546 ], [ -122.39611, 38.1538 ], [ -122.39545, 38.15419 ], [ -122.39544, 38.15557 ], [ -122.37624, 38.15575 ], [ -122.36905, 38.15354 ], [ -122.36843, 38.15383 ], [ -122.36845, 38.15454 ], [ -122.37091, 38.15568 ], [ -122.36691, 38.15562 ], [ -122.36718, 38.15326 ], [ -122.36597, 38.15229 ], [ -122.36381, 38.1528 ], [ -122.36199, 38.15564 ], [ -122.35101, 38.15559 ], [ -122.34565, 38.15457 ], [ -122.34284, 38.15451 ], [ -122.33983, 38.15542 ], [ -122.33553, 38.15542 ], [ -122.33751, 38.15238 ], [ -122.33706, 38.14979 ], [ -122.33555, 38.14922 ], [ -122.33422, 38.14762 ], [ -122.33364, 38.14512 ], [ -122.33091, 38.1428 ], [ -122.32843, 38.13853 ], [ -122.32786, 38.13541 ], [ -122.32712, 38.1351 ], [ -122.32315, 38.1355 ], [ -122.3212, 38.13674 ], [ -122.31985, 38.13908 ], [ -122.31758, 38.13889 ], [ -122.31526, 38.13655 ], [ -122.31016, 38.1353 ], [ -122.30779, 38.13248 ], [ -122.30722, 38.13002 ], [ -122.30541, 38.12836 ], [ -122.30307, 38.12757 ], [ -122.29956, 38.12731 ], [ -122.30044, 38.12485 ], [ -122.29832, 38.12337 ], [ -122.29135, 38.12141 ], [ -122.2849, 38.12111 ], [ -122.28347, 38.11983 ], [ -122.28376, 38.11919 ], [ -122.28283, 38.11854 ], [ -122.27972, 38.11267 ], [ -122.27874, 38.11159 ], [ -122.27797, 38.11154 ], [ -122.27377, 38.10604 ], [ -122.26596, 38.09737 ], [ -122.26595, 38.09676 ], [ -122.26494, 38.09629 ], [ -122.26526, 38.09548 ], [ -122.26156, 38.0931 ] ], [ [ -122.27081, 38.12585 ], [ -122.27081, 38.12585 ], [ -122.27347, 38.12518 ], [ -122.27613, 38.12615 ], [ -122.27352, 38.12596 ], [ -122.27197, 38.12828 ], [ -122.27161, 38.1312 ], [ -122.27323, 38.13352 ], [ -122.26989, 38.1344 ], [ -122.26948, 38.13654 ], [ -122.26842, 38.13736 ], [ -122.26683, 38.14139 ], [ -122.26699, 38.1428 ], [ -122.26851, 38.14524 ], [ -122.27686, 38.15056 ], [ -122.28516, 38.15279 ], [ -122.2893, 38.15324 ], [ -122.28994, 38.15401 ], [ -122.28921, 38.15522 ], [ -122.21505, 38.15503 ], [ -122.20795, 38.16408 ], [ -122.19487, 38.17319 ], [ -122.18971, 38.17881 ], [ -122.18569, 38.18136 ], [ -122.18069, 38.18542 ], [ -122.1799, 38.18485 ], [ -122.17645, 38.18491 ], [ -122.16471, 38.19052 ], [ -122.16178, 38.19142 ], [ -122.16012, 38.18927 ], [ -122.15737, 38.18794 ], [ -122.15706, 38.18434 ], [ -122.15611, 38.1824 ], [ -122.15591, 38.1803 ], [ -122.1536, 38.1784 ], [ -122.15424, 38.17736 ], [ -122.15349, 38.17502 ], [ -122.15191, 38.17361 ], [ -122.15278, 38.16816 ], [ -122.15486, 38.16726 ], [ -122.16136, 38.15606 ], [ -122.16615, 38.14703 ], [ -122.16729, 38.14266 ], [ -122.16831, 38.14129 ], [ -122.16839, 38.13925 ], [ -122.16945, 38.13757 ], [ -122.16904, 38.13449 ], [ -122.16714, 38.13169 ], [ -122.16552, 38.12607 ], [ -122.16611, 38.12488 ], [ -122.16542, 38.12348 ], [ -122.1655, 38.12122 ], [ -122.16466, 38.12082 ], [ -122.16433, 38.11998 ], [ -122.16352, 38.1199 ], [ -122.16142, 38.12128 ], [ -122.15808, 38.12197 ], [ -122.15654, 38.12177 ], [ -122.15492, 38.12052 ], [ -122.15402, 38.12109 ], [ -122.14902, 38.12107 ], [ -122.14856, 38.12149 ], [ -122.14832, 38.12429 ], [ -122.14748, 38.12149 ], [ -122.14091, 38.11809 ], [ -122.14043, 38.11866 ], [ -122.14075, 38.11978 ], [ -122.14153, 38.12014 ], [ -122.14126, 38.12195 ], [ -122.13697, 38.12437 ], [ -122.13244, 38.12616 ], [ -122.13092, 38.12509 ], [ -122.12911, 38.12466 ], [ -122.12789, 38.12495 ], [ -122.1219, 38.12941 ], [ -122.12151, 38.13023 ], [ -122.12299, 38.13554 ], [ -122.12431, 38.1374 ], [ -122.12304, 38.1396 ], [ -122.1232, 38.1416 ], [ -122.1211, 38.14324 ], [ -122.11687, 38.14504 ], [ -122.11559, 38.14668 ], [ -122.11237, 38.14671 ], [ -122.11183, 38.14729 ], [ -122.11261, 38.14823 ], [ -122.11326, 38.15203 ], [ -122.11482, 38.15371 ], [ -122.11515, 38.15633 ], [ -122.12771, 38.17137 ], [ -122.11773, 38.17151 ], [ -122.11389, 38.17091 ], [ -122.11372, 38.16842 ], [ -122.11038, 38.16645 ], [ -122.1085, 38.16398 ], [ -122.11176, 38.16346 ], [ -122.11376, 38.1624 ], [ -122.11444, 38.15869 ], [ -122.11362, 38.15701 ], [ -122.11197, 38.15532 ], [ -122.10889, 38.15478 ], [ -122.10697, 38.15559 ], [ -122.10311, 38.15895 ], [ -122.10164, 38.15837 ], [ -122.1003, 38.15652 ], [ -122.09009, 38.15265 ], [ -122.08567, 38.15179 ], [ -122.08459, 38.15097 ], [ -122.08487, 38.14915 ], [ -122.08814, 38.14543 ], [ -122.09525, 38.1393 ], [ -122.09537, 38.13784 ], [ -122.09059, 38.13584 ], [ -122.08623, 38.13537 ], [ -122.08441, 38.13621 ], [ -122.08242, 38.1363 ], [ -122.08164, 38.13336 ], [ -122.08241, 38.12728 ], [ -122.07871, 38.12353 ], [ -122.07265, 38.12132 ], [ -122.0659, 38.12078 ], [ -122.0656, 38.11438 ], [ -122.06784, 38.10801 ], [ -122.0722, 38.10279 ], [ -122.08953, 38.08847 ], [ -122.10158, 38.07952 ], [ -122.11219, 38.07033 ], [ -122.11889, 38.06342 ], [ -122.12339, 38.05804 ], [ -122.12623, 38.05338 ], [ -122.12871, 38.046 ], [ -122.13146, 38.04351 ], [ -122.13857, 38.04008 ], [ -122.13466, 38.04217 ], [ -122.13457, 38.04293 ], [ -122.13659, 38.04333 ], [ -122.14, 38.04241 ], [ -122.14697, 38.042 ], [ -122.1479, 38.04279 ], [ -122.15017, 38.04243 ], [ -122.15221, 38.04273 ], [ -122.15327, 38.04169 ], [ -122.15493, 38.0424 ], [ -122.15588, 38.04178 ], [ -122.16024, 38.04267 ], [ -122.16121, 38.04194 ], [ -122.1637, 38.04301 ], [ -122.16585, 38.04295 ], [ -122.1671, 38.04235 ], [ -122.16152, 38.04951 ], [ -122.16418, 38.05178 ], [ -122.16352, 38.05306 ], [ -122.16514, 38.05438 ], [ -122.16733, 38.05357 ], [ -122.17044, 38.05521 ], [ -122.17151, 38.05473 ], [ -122.17347, 38.05561 ], [ -122.17291, 38.05671 ], [ -122.17508, 38.05873 ], [ -122.17477, 38.0593 ], [ -122.17558, 38.06122 ], [ -122.17947, 38.06213 ], [ -122.18071, 38.06345 ], [ -122.18194, 38.06264 ], [ -122.18327, 38.06434 ], [ -122.18717, 38.06612 ], [ -122.18581, 38.06853 ], [ -122.18827, 38.07048 ], [ -122.19145, 38.06876 ], [ -122.19274, 38.06612 ], [ -122.19292, 38.06147 ], [ -122.19446, 38.0599 ], [ -122.19531, 38.06042 ], [ -122.19988, 38.06107 ], [ -122.20136, 38.06274 ], [ -122.20145, 38.06423 ], [ -122.20342, 38.06424 ], [ -122.2051, 38.0667 ], [ -122.20708, 38.06776 ], [ -122.20978, 38.06567 ], [ -122.2146, 38.06602 ], [ -122.221, 38.06498 ], [ -122.22466, 38.0649 ] ], [ [ -122.20201, 38.05382 ], [ -122.19637, 38.05279 ], [ -122.1927, 38.05281 ], [ -122.19003, 38.05219 ], [ -122.18396, 38.04882 ], [ -122.18249, 38.0469 ], [ -122.17886, 38.04462 ], [ -122.17622, 38.04016 ], [ -122.17476, 38.0388 ], [ -122.17344, 38.03476 ], [ -122.17383, 38.03398 ], [ -122.17135, 38.03205 ], [ -122.16919, 38.02946 ], [ -122.15901, 38.0249 ], [ -122.15643, 38.0249 ], [ -122.15152, 38.02364 ], [ -122.14731, 38.02359 ], [ -122.14674, 38.02393 ], [ -122.14687, 38.03173 ], [ -122.13943, 38.03217 ], [ -122.13017, 38.03472 ], [ -122.13021, 38.03309 ], [ -122.12953, 38.03264 ], [ -122.12936, 38.0306 ], [ -122.12506, 38.03128 ], [ -122.12123, 38.03297 ], [ -122.1194, 38.03493 ], [ -122.118, 38.03537 ], [ -122.11226, 38.03913 ], [ -122.1016, 38.04218 ], [ -122.09652, 38.04317 ], [ -122.09344, 38.04366 ], [ -122.09099, 38.0419 ], [ -122.08585, 38.03494 ], [ -122.08113, 38.03172 ], [ -122.07986, 38.0315 ], [ -122.03151, 38.0451 ], [ -122.0299, 38.04141 ], [ -122.0336, 38.03396 ], [ -122.03371, 38.03283 ], [ -122.03307, 38.0315 ], [ -122.0322, 38.0313 ], [ -122.03108, 38.03255 ], [ -122.02874, 38.03293 ], [ -122.02955, 38.03127 ], [ -122.02612, 38.0245 ], [ -122.01876, 38.02077 ], [ -122.01247, 38.01865 ], [ -122.01048, 38.01684 ], [ -122.00878, 38.01687 ], [ -122.0064, 38.01574 ], [ -122.00604, 38.01623 ], [ -122.00635, 38.01807 ], [ -122.00256, 38.01889 ], [ -122.00129, 38.02048 ], [ -121.99675, 38.01744 ], [ -121.99493, 38.01852 ], [ -121.99186, 38.01765 ], [ -121.99813, 38.01506 ], [ -121.99821, 38.01435 ], [ -121.9969, 38.01372 ], [ -121.99417, 38.01476 ], [ -121.9894, 38.01765 ], [ -121.97719, 38.02296 ], [ -121.97212, 38.02367 ], [ -121.97591, 38.02302 ], [ -121.97906, 38.02181 ], [ -121.98005, 38.02004 ], [ -121.98336, 38.01961 ], [ -121.98592, 38.01723 ], [ -121.98781, 38.01642 ], [ -121.98772, 38.01565 ], [ -121.97976, 38.00803 ], [ -121.98071, 38.00704 ], [ -121.97986, 38.00635 ], [ -121.98007, 38.00461 ], [ -121.97944, 38.00438 ], [ -121.97702, 38.0049 ], [ -121.97677, 38.0045 ], [ -121.97721, 38.0034 ], [ -121.98073, 38.0028 ], [ -121.98602, 37.99788 ], [ -121.98532, 37.9964 ], [ -121.98616, 37.99489 ], [ -121.98454, 37.99371 ], [ -121.98503, 37.99307 ], [ -121.98763, 37.99443 ], [ -121.98982, 37.99426 ], [ -121.99454, 37.99739 ], [ -121.99665, 37.99949 ], [ -122.00098, 37.99937 ], [ -122.00005, 38.00229 ], [ -122.00159, 38.00608 ], [ -122.00794, 38.00976 ], [ -122.01137, 38.01121 ], [ -122.02242, 38.00938 ], [ -122.02295, 38.00625 ], [ -122.02397, 38.00443 ], [ -122.03324, 37.99157 ], [ -122.03369, 37.98833 ], [ -122.02959, 37.97855 ], [ -122.03032, 37.97779 ], [ -122.0291, 37.97736 ], [ -122.02841, 37.97539 ], [ -122.03126, 37.9681 ], [ -122.03081, 37.96417 ], [ -122.03166, 37.96385 ], [ -122.03318, 37.96042 ], [ -122.04224, 37.95406 ], [ -122.04216, 37.95323 ], [ -122.04272, 37.95286 ], [ -122.04372, 37.95302 ], [ -122.04762, 37.95031 ], [ -122.04704, 37.94808 ], [ -122.05036, 37.94705 ], [ -122.04978, 37.94547 ], [ -122.04979, 37.94268 ], [ -122.05102, 37.94271 ], [ -122.05148, 37.94227 ], [ -122.05208, 37.93814 ], [ -122.05068, 37.938 ], [ -122.04688, 37.93407 ], [ -122.04746, 37.93351 ], [ -122.04766, 37.92902 ], [ -122.04958, 37.92881 ], [ -122.05108, 37.92714 ], [ -122.05074, 37.92642 ], [ -122.0489, 37.92604 ], [ -122.05055, 37.92088 ], [ -122.05376, 37.9198 ], [ -122.05435, 37.91815 ], [ -122.05391, 37.91763 ], [ -122.05217, 37.91786 ], [ -122.05209, 37.91756 ], [ -122.05198, 37.91541 ], [ -122.05332, 37.91174 ], [ -122.05227, 37.909 ], [ -122.0525, 37.90839 ], [ -122.05106, 37.90631 ], [ -122.05155, 37.90565 ], [ -122.05004, 37.90226 ], [ -122.05051, 37.90108 ], [ -122.04905, 37.89958 ], [ -122.04152, 37.90008 ], [ -122.03594, 37.89965 ], [ -122.03361, 37.8963 ], [ -122.03297, 37.89607 ], [ -122.03037, 37.89929 ], [ -122.0303, 37.90043 ], [ -122.03335, 37.90201 ], [ -122.03337, 37.90342 ], [ -122.02957, 37.90242 ], [ -122.02559, 37.90059 ], [ -122.02487, 37.89958 ], [ -122.01921, 37.89831 ], [ -122.00243, 37.8915 ], [ -121.99981, 37.88434 ], [ -122.01454, 37.88049 ], [ -122.01029, 37.87187 ], [ -122.01968, 37.87333 ], [ -122.02016, 37.86647 ], [ -122.02324, 37.86641 ], [ -122.0232, 37.87181 ], [ -122.02565, 37.87292 ], [ -122.02606, 37.87248 ], [ -122.02615, 37.86649 ], [ -122.0286, 37.86584 ], [ -122.02928, 37.86785 ], [ -122.03507, 37.86784 ], [ -122.03703, 37.86571 ], [ -122.03879, 37.86869 ], [ -122.0409, 37.86967 ], [ -122.04378, 37.87365 ], [ -122.04995, 37.88063 ], [ -122.05084, 37.88073 ], [ -122.05182, 37.88151 ], [ -122.05436, 37.88063 ], [ -122.05478, 37.87672 ], [ -122.05229, 37.87612 ], [ -122.05181, 37.87472 ], [ -122.05376, 37.87313 ], [ -122.05489, 37.87308 ], [ -122.0553, 37.87261 ], [ -122.053, 37.86567 ], [ -122.05394, 37.86427 ], [ -122.05322, 37.86333 ], [ -122.05236, 37.8425 ], [ -122.06132, 37.84281 ], [ -122.06142, 37.83561 ], [ -122.07043, 37.83544 ], [ -122.07077, 37.82921 ], [ -122.07021, 37.82873 ], [ -122.06702, 37.82852 ], [ -122.06321, 37.82579 ], [ -122.06143, 37.82346 ], [ -122.05464, 37.82106 ], [ -122.0443, 37.81212 ], [ -122.04628, 37.81254 ], [ -122.04771, 37.81209 ], [ -122.05035, 37.80956 ], [ -122.04792, 37.80581 ], [ -122.04674, 37.80533 ], [ -122.04635, 37.804 ], [ -122.0446, 37.80338 ], [ -122.04281, 37.80197 ], [ -122.04399, 37.80058 ], [ -122.04317, 37.79916 ], [ -122.04308, 37.7965 ], [ -122.03047, 37.78773 ], [ -122.02197, 37.78423 ], [ -122.01776, 37.78124 ], [ -122.01407, 37.78023 ], [ -121.99741, 37.76336 ], [ -122.01077, 37.75509 ], [ -122.0113, 37.75408 ], [ -122.0116, 37.74729 ], [ -122.0011, 37.73905 ], [ -121.99942, 37.73843 ], [ -121.99543, 37.73835 ], [ -121.98806, 37.73315 ], [ -121.9801, 37.73111 ], [ -121.97194, 37.73032 ], [ -121.97126, 37.72956 ], [ -121.97343, 37.72755 ], [ -121.97142, 37.72611 ], [ -121.97188, 37.72243 ], [ -121.97114, 37.72122 ], [ -121.97378, 37.72046 ], [ -121.97571, 37.71862 ], [ -121.9753, 37.71438 ], [ -121.97268, 37.71266 ], [ -121.97383, 37.7094 ], [ -121.98754, 37.70919 ], [ -121.98754, 37.70076 ], [ -121.98643, 37.70022 ], [ -121.97931, 37.699 ], [ -121.979, 37.69798 ], [ -121.97332, 37.69703 ], [ -121.97483, 37.69591 ], [ -121.97684, 37.68967 ], [ -121.97987, 37.68972 ], [ -121.98284, 37.68913 ], [ -121.98329, 37.68871 ], [ -121.97982, 37.68023 ], [ -121.97672, 37.67552 ], [ -121.97481, 37.67413 ], [ -121.97332, 37.67413 ], [ -121.96773, 37.67149 ], [ -121.96355, 37.67175 ], [ -121.96398, 37.66966 ], [ -121.96684, 37.66726 ], [ -121.96768, 37.66404 ], [ -121.9637, 37.66316 ], [ -121.95983, 37.65992 ], [ -121.96031, 37.65894 ], [ -121.95949, 37.65786 ], [ -121.95667, 37.65623 ], [ -121.95352, 37.65345 ], [ -121.95142, 37.65394 ], [ -121.94982, 37.65299 ], [ -121.94822, 37.65075 ], [ -121.9458, 37.64893 ], [ -121.945, 37.64732 ], [ -121.94267, 37.64567 ], [ -121.94144, 37.64398 ], [ -121.94143, 37.64317 ], [ -121.93934, 37.64245 ], [ -121.93862, 37.64024 ], [ -121.93646, 37.6393 ], [ -121.93529, 37.63815 ], [ -121.93413, 37.63491 ], [ -121.93161, 37.63227 ], [ -121.93091, 37.63048 ], [ -121.92925, 37.62914 ], [ -121.92762, 37.62866 ], [ -121.92752, 37.60729 ], [ -121.93136, 37.60726 ], [ -121.93194, 37.60688 ], [ -121.93183, 37.59255 ], [ -121.93275, 37.59174 ], [ -121.93487, 37.591 ], [ -121.9363, 37.59117 ], [ -121.93744, 37.59264 ], [ -121.93813, 37.59505 ], [ -121.93802, 37.59767 ], [ -121.93943, 37.59872 ], [ -121.94602, 37.59751 ], [ -121.94795, 37.5981 ], [ -121.9497, 37.59811 ], [ -121.95175, 37.59741 ], [ -121.9572, 37.59106 ], [ -121.95764, 37.58949 ], [ -121.96565, 37.59621 ], [ -121.9666, 37.59582 ], [ -121.96859, 37.596 ], [ -121.97001, 37.59497 ], [ -121.97795, 37.59438 ], [ -121.98043, 37.59696 ], [ -121.98197, 37.59733 ], [ -121.98349, 37.59903 ], [ -121.98623, 37.59895 ], [ -121.98768, 37.59972 ], [ -121.98377, 37.60277 ], [ -121.98617, 37.6052 ], [ -121.98964, 37.60625 ], [ -121.99303, 37.60663 ], [ -121.99575, 37.60605 ], [ -121.99781, 37.6067 ], [ -122.00008, 37.60825 ], [ -122.0025, 37.60794 ], [ -122.00475, 37.60637 ], [ -122.00713, 37.60615 ], [ -122.0116, 37.6088 ], [ -122.00916, 37.60881 ], [ -122.00571, 37.61092 ], [ -122.00585, 37.61188 ], [ -122.00438, 37.61319 ], [ -122.00363, 37.61583 ], [ -122.00203, 37.61703 ], [ -122.00323, 37.62277 ], [ -122.00286, 37.62471 ], [ -122.00444, 37.62618 ], [ -122.00659, 37.62706 ], [ -122.00509, 37.62748 ], [ -122.00212, 37.6273 ], [ -121.99924, 37.62897 ], [ -121.99889, 37.63042 ], [ -121.99615, 37.63151 ], [ -121.99155, 37.63095 ], [ -121.99039, 37.63341 ], [ -121.98664, 37.63441 ], [ -121.98656, 37.63561 ], [ -121.98703, 37.63605 ], [ -121.98655, 37.63711 ], [ -121.98664, 37.65031 ], [ -121.98725, 37.65068 ], [ -121.99616, 37.65048 ], [ -121.99682, 37.65836 ], [ -122.00078, 37.65852 ], [ -122.00106, 37.66217 ], [ -122.00387, 37.66275 ], [ -122.00993, 37.66635 ], [ -122.00611, 37.67252 ], [ -122.00635, 37.67315 ], [ -122.01359, 37.67472 ], [ -122.02031, 37.67427 ], [ -122.02279, 37.67248 ], [ -122.02815, 37.67909 ], [ -122.03051, 37.67872 ], [ -122.03045, 37.67816 ], [ -122.02896, 37.67689 ], [ -122.02924, 37.67483 ], [ -122.03126, 37.67462 ], [ -122.03209, 37.67526 ], [ -122.03003, 37.67573 ], [ -122.0295, 37.67678 ], [ -122.03143, 37.67869 ], [ -122.03892, 37.67956 ], [ -122.04078, 37.67937 ], [ -122.04166, 37.68064 ], [ -122.04944, 37.67669 ], [ -122.05345, 37.67339 ], [ -122.05003, 37.67146 ], [ -122.0429, 37.67359 ], [ -122.04214, 37.67194 ], [ -122.04038, 37.67179 ], [ -122.04087, 37.66532 ], [ -122.04632, 37.66476 ], [ -122.04905, 37.66528 ], [ -122.05291, 37.66687 ], [ -122.0563, 37.66578 ], [ -122.05918, 37.66634 ], [ -122.06292, 37.66522 ], [ -122.06639, 37.66671 ], [ -122.07257, 37.66736 ], [ -122.07551, 37.6665 ], [ -122.07702, 37.66825 ], [ -122.07979, 37.66962 ], [ -122.08414, 37.66351 ], [ -122.08727, 37.6632 ], [ -122.08861, 37.66142 ], [ -122.10134, 37.65635 ], [ -122.09808, 37.65073 ], [ -122.07145, 37.61328 ], [ -122.07799, 37.61339 ], [ -122.08026, 37.61153 ], [ -122.08678, 37.60865 ], [ -122.08906, 37.60651 ], [ -122.09763, 37.60183 ], [ -122.09787, 37.60533 ], [ -122.10136, 37.60501 ], [ -122.10253, 37.60022 ], [ -122.10406, 37.59837 ], [ -122.10931, 37.59869 ], [ -122.11028, 37.5979 ], [ -122.11251, 37.59867 ], [ -122.10934, 37.60171 ], [ -122.11199, 37.6042 ], [ -122.11391, 37.6047 ], [ -122.11504, 37.60441 ], [ -122.11581, 37.60261 ], [ -122.11831, 37.60264 ], [ -122.12064, 37.60106 ], [ -122.12229, 37.59839 ], [ -122.12122, 37.59645 ], [ -122.12333, 37.59292 ], [ -122.12607, 37.59232 ], [ -122.12713, 37.59394 ], [ -122.12692, 37.5962 ], [ -122.12845, 37.597 ], [ -122.13037, 37.59622 ], [ -122.1307, 37.59292 ], [ -122.13235, 37.59227 ], [ -122.13379, 37.59527 ], [ -122.13341, 37.59682 ], [ -122.13425, 37.59816 ], [ -122.13867, 37.59751 ], [ -122.14004, 37.59809 ], [ -122.14117, 37.59976 ], [ -122.14129, 37.60217 ], [ -122.1396, 37.6033 ], [ -122.13638, 37.60428 ], [ -122.13514, 37.6057 ], [ -122.1353, 37.6063 ], [ -122.13704, 37.60652 ], [ -122.14102, 37.60825 ], [ -122.14305, 37.60525 ], [ -122.14599, 37.60265 ], [ -122.14655, 37.60448 ], [ -122.14638, 37.60744 ], [ -122.15139, 37.62054 ], [ -122.15301, 37.64197 ], [ -122.16037, 37.66465 ], [ -122.16758, 37.67714 ], [ -122.17767, 37.68284 ], [ -122.18395, 37.69079 ], [ -122.18726, 37.6903 ], [ -122.19194, 37.69387 ], [ -122.18957, 37.69474 ], [ -122.18837, 37.6917 ], [ -122.1864, 37.69098 ], [ -122.18578, 37.69174 ], [ -122.18798, 37.69526 ], [ -122.18906, 37.69527 ], [ -122.18994, 37.69589 ], [ -122.19299, 37.69468 ], [ -122.19409, 37.69552 ], [ -122.20155, 37.70502 ], [ -122.20421, 37.71133 ], [ -122.21232, 37.70892 ], [ -122.21177, 37.70201 ], [ -122.21474, 37.69925 ], [ -122.22651, 37.70653 ], [ -122.25217, 37.72495 ], [ -122.24877, 37.72748 ], [ -122.24865, 37.72802 ], [ -122.25596, 37.73565 ], [ -122.26097, 37.73961 ], [ -122.26168, 37.74337 ], [ -122.25073, 37.74817 ], [ -122.24011, 37.74801 ], [ -122.23689, 37.74749 ], [ -122.2365, 37.74784 ] ], [ [ -122.11811, 37.75317 ], [ -122.1155, 37.74886 ], [ -122.1148, 37.74023 ], [ -122.11523, 37.73912 ], [ -122.11509, 37.73528 ], [ -122.11996, 37.73204 ], [ -122.12107, 37.7318 ], [ -122.12215, 37.72942 ], [ -122.12086, 37.72842 ], [ -122.11931, 37.72905 ], [ -122.11703, 37.72637 ], [ -122.11377, 37.7242 ], [ -122.11288, 37.72261 ], [ -122.11004, 37.72168 ], [ -122.10968, 37.71979 ], [ -122.10525, 37.71575 ], [ -122.1047, 37.71476 ], [ -122.10965, 37.71298 ], [ -122.11, 37.71245 ], [ -122.10836, 37.70983 ], [ -122.10811, 37.70799 ], [ -122.10745, 37.70769 ], [ -122.10616, 37.70796 ], [ -122.10384, 37.70568 ], [ -122.10372, 37.7053 ], [ -122.10478, 37.70446 ], [ -122.10347, 37.70209 ], [ -122.10263, 37.70192 ], [ -122.10185, 37.70266 ], [ -122.09883, 37.70241 ], [ -122.09589, 37.69954 ], [ -122.09862, 37.6978 ], [ -122.09853, 37.69686 ], [ -122.10238, 37.69376 ], [ -122.10111, 37.69181 ], [ -122.09839, 37.69034 ], [ -122.09401, 37.69005 ], [ -122.09594, 37.68784 ], [ -122.09064, 37.68394 ], [ -122.08895, 37.68419 ], [ -122.08378, 37.68154 ], [ -122.08018, 37.68173 ], [ -122.07981, 37.68095 ], [ -122.07677, 37.6792 ], [ -122.07574, 37.67922 ], [ -122.07322, 37.68198 ], [ -122.07198, 37.68109 ], [ -122.07034, 37.68137 ], [ -122.07092, 37.68353 ], [ -122.07038, 37.68417 ], [ -122.06909, 37.68399 ], [ -122.06828, 37.68491 ], [ -122.06653, 37.68423 ], [ -122.06511, 37.68555 ], [ -122.06207, 37.68611 ], [ -122.05917, 37.69154 ], [ -122.05981, 37.69204 ], [ -122.06244, 37.69161 ], [ -122.06233, 37.6926 ], [ -122.06022, 37.69323 ], [ -122.05828, 37.69573 ], [ -122.05701, 37.69569 ], [ -122.05655, 37.6981 ], [ -122.05527, 37.69909 ], [ -122.05454, 37.70138 ], [ -122.05582, 37.70309 ], [ -122.05573, 37.70377 ], [ -122.05655, 37.70417 ], [ -122.05585, 37.70654 ], [ -122.05596, 37.71096 ], [ -122.05653, 37.71134 ], [ -122.05779, 37.7112 ], [ -122.05932, 37.7123 ], [ -122.0586, 37.7141 ], [ -122.05993, 37.7147 ], [ -122.05895, 37.71787 ], [ -122.05957, 37.7182 ], [ -122.06178, 37.71771 ], [ -122.06326, 37.71794 ], [ -122.06286, 37.71958 ], [ -122.06399, 37.72036 ], [ -122.06307, 37.72103 ], [ -122.06273, 37.72279 ], [ -122.06418, 37.72347 ], [ -122.06169, 37.72955 ], [ -122.05995, 37.73872 ], [ -122.0615, 37.74367 ], [ -122.0622, 37.74828 ], [ -122.06359, 37.74916 ], [ -122.06267, 37.75002 ], [ -122.06306, 37.75111 ], [ -122.06769, 37.7561 ], [ -122.07065, 37.75675 ], [ -122.06897, 37.75715 ], [ -122.06837, 37.75864 ], [ -122.06921, 37.75981 ], [ -122.06867, 37.76141 ], [ -122.06921, 37.76193 ], [ -122.07622, 37.76258 ], [ -122.07853, 37.76143 ], [ -122.07934, 37.75993 ], [ -122.08124, 37.75872 ], [ -122.08046, 37.75727 ], [ -122.08171, 37.75573 ], [ -122.08102, 37.75327 ], [ -122.07986, 37.75161 ], [ -122.07962, 37.74988 ], [ -122.07747, 37.74976 ], [ -122.07772, 37.74821 ], [ -122.08026, 37.74935 ], [ -122.08876, 37.75632 ], [ -122.08966, 37.75803 ], [ -122.09067, 37.76294 ], [ -122.09204, 37.76477 ], [ -122.09407, 37.76433 ], [ -122.0908, 37.77121 ], [ -122.08972, 37.77227 ], [ -122.09119, 37.7739 ], [ -122.09207, 37.77601 ], [ -122.09322, 37.77676 ], [ -122.09226, 37.78015 ], [ -122.09289, 37.78153 ], [ -122.09656, 37.78236 ], [ -122.09402, 37.7838 ], [ -122.09349, 37.78822 ], [ -122.0945, 37.78812 ], [ -122.09633, 37.78598 ], [ -122.0964, 37.78494 ], [ -122.09892, 37.78427 ], [ -122.10204, 37.78484 ], [ -122.10352, 37.78718 ], [ -122.10601, 37.78859 ], [ -122.10796, 37.78865 ], [ -122.1126, 37.78704 ], [ -122.11355, 37.78504 ], [ -122.11547, 37.7829 ], [ -122.11688, 37.78469 ], [ -122.11748, 37.78767 ], [ -122.11847, 37.78938 ], [ -122.12108, 37.79147 ], [ -122.12099, 37.79297 ], [ -122.11919, 37.79413 ], [ -122.11897, 37.79532 ], [ -122.11669, 37.79917 ], [ -122.11518, 37.80013 ], [ -122.11422, 37.80261 ], [ -122.11811, 37.80325 ], [ -122.13403, 37.80435 ] ], [ [ -122.68029, 38.01271 ], [ -122.67495, 38.01282 ], [ -122.67448, 38.01459 ], [ -122.67602, 38.01638 ], [ -122.67422, 38.01641 ], [ -122.67369, 38.01925 ], [ -122.66947, 38.01942 ], [ -122.66498, 38.01844 ], [ -122.66217, 38.02002 ], [ -122.6638, 38.01774 ], [ -122.66373, 38.0145 ], [ -122.66299, 38.0128 ], [ -122.65999, 38.01295 ], [ -122.65778, 38.01184 ], [ -122.65292, 38.01242 ], [ -122.65078, 38.01317 ], [ -122.64753, 38.0132 ], [ -122.64694, 38.01282 ], [ -122.65237, 38.01223 ], [ -122.65358, 38.01131 ], [ -122.65262, 38.00947 ], [ -122.65043, 38.00886 ], [ -122.64982, 38.00713 ], [ -122.64764, 38.00704 ], [ -122.64622, 38.00631 ], [ -122.65371, 38.00086 ], [ -122.65388, 37.99995 ], [ -122.65676, 37.99789 ], [ -122.65788, 37.99941 ], [ -122.65901, 37.99959 ], [ -122.66144, 37.99883 ], [ -122.66556, 38.00028 ], [ -122.66863, 37.99961 ], [ -122.67123, 37.99692 ], [ -122.67344, 37.99883 ], [ -122.67434, 38.00068 ], [ -122.67624, 38.00083 ], [ -122.67755, 38.00289 ], [ -122.67971, 38.00353 ], [ -122.67732, 38.00477 ], [ -122.67561, 38.00721 ], [ -122.67682, 38.00983 ], [ -122.67901, 38.01094 ], [ -122.68029, 38.01271 ] ], [ [ -122.60444, 37.87595 ], [ -122.60345, 37.87727 ], [ -122.60018, 37.87845 ], [ -122.60148, 37.87744 ], [ -122.60143, 37.87685 ], [ -122.5987, 37.87492 ], [ -122.59398, 37.87503 ], [ -122.58761, 37.86769 ], [ -122.58653, 37.86462 ], [ -122.585, 37.86414 ], [ -122.58259, 37.86517 ], [ -122.57765, 37.86405 ], [ -122.57736, 37.86466 ], [ -122.57828, 37.86606 ], [ -122.57929, 37.86657 ], [ -122.58043, 37.869 ], [ -122.5826, 37.87102 ], [ -122.58372, 37.87312 ], [ -122.58237, 37.87635 ], [ -122.57909, 37.87889 ], [ -122.57708, 37.8821 ], [ -122.56997, 37.88507 ], [ -122.56798, 37.88644 ], [ -122.56753, 37.88848 ], [ -122.56593, 37.88726 ], [ -122.56499, 37.88795 ], [ -122.56578, 37.88865 ], [ -122.5629, 37.8894 ], [ -122.56329, 37.89063 ], [ -122.56136, 37.89227 ], [ -122.56194, 37.89406 ], [ -122.56259, 37.89427 ], [ -122.56354, 37.89385 ], [ -122.5637, 37.89275 ], [ -122.56559, 37.8925 ], [ -122.56435, 37.89359 ], [ -122.56414, 37.89516 ], [ -122.56224, 37.89548 ], [ -122.56176, 37.89623 ], [ -122.55881, 37.89363 ], [ -122.55718, 37.89348 ], [ -122.55617, 37.89041 ], [ -122.55504, 37.88934 ], [ -122.55443, 37.88462 ], [ -122.55372, 37.88419 ], [ -122.55416, 37.88028 ], [ -122.55385, 37.87788 ], [ -122.55176, 37.87638 ], [ -122.55223, 37.87456 ], [ -122.55106, 37.87315 ], [ -122.55259, 37.87145 ], [ -122.55196, 37.87058 ], [ -122.55076, 37.87052 ], [ -122.55074, 37.8693 ], [ -122.54905, 37.86923 ], [ -122.55119, 37.8679 ], [ -122.55072, 37.86549 ], [ -122.55111, 37.86421 ], [ -122.54644, 37.86229 ], [ -122.54676, 37.86132 ], [ -122.54554, 37.8611 ], [ -122.54433, 37.85944 ], [ -122.53953, 37.8561 ], [ -122.53875, 37.85631 ], [ -122.53756, 37.85854 ], [ -122.53405, 37.85937 ], [ -122.53306, 37.85884 ], [ -122.53355, 37.85748 ], [ -122.53442, 37.85685 ], [ -122.53264, 37.85552 ], [ -122.53296, 37.85382 ], [ -122.52636, 37.85027 ], [ -122.52407, 37.8523 ], [ -122.52491, 37.85467 ], [ -122.52182, 37.85655 ], [ -122.51973, 37.85619 ], [ -122.5159, 37.85672 ], [ -122.5115, 37.85496 ], [ -122.50925, 37.85604 ], [ -122.51017, 37.85686 ], [ -122.50857, 37.85909 ], [ -122.51159, 37.86305 ], [ -122.51281, 37.86351 ], [ -122.52025, 37.87012 ], [ -122.51936, 37.87451 ], [ -122.5197, 37.87548 ], [ -122.52095, 37.87576 ], [ -122.52007, 37.8771 ], [ -122.52068, 37.87938 ], [ -122.51851, 37.8787 ], [ -122.5165, 37.87689 ], [ -122.51362, 37.87679 ], [ -122.51306, 37.8772 ], [ -122.5162, 37.88031 ], [ -122.51658, 37.88415 ], [ -122.49847, 37.87579 ], [ -122.50023, 37.874 ], [ -122.49627, 37.87077 ], [ -122.49447, 37.86626 ], [ -122.48771, 37.86421 ], [ -122.47844, 37.85952 ], [ -122.47881, 37.85161 ], [ -122.47986, 37.84981 ], [ -122.47975, 37.84781 ], [ -122.47752, 37.84655 ], [ -122.47687, 37.84262 ], [ -122.47226, 37.83681 ], [ -122.47268, 37.8324 ], [ -122.47348, 37.83231 ], [ -122.47459, 37.83372 ], [ -122.47619, 37.83392 ], [ -122.47778, 37.83331 ], [ -122.47906, 37.83038 ], [ -122.47874, 37.82559 ], [ -122.48352, 37.82673 ], [ -122.49081, 37.82673 ], [ -122.49548, 37.82243 ], [ -122.49912, 37.82235 ], [ -122.49978, 37.82195 ], [ -122.50001, 37.82091 ], [ -122.50445, 37.8211 ], [ -122.50578, 37.8233 ], [ -122.51113, 37.82502 ], [ -122.51879, 37.82568 ], [ -122.52318, 37.82507 ], [ -122.5258, 37.8214 ], [ -122.5281, 37.82086 ], [ -122.52912, 37.81984 ], [ -122.52914, 37.81805 ], [ -122.52988, 37.81756 ], [ -122.53179, 37.82101 ], [ -122.53498, 37.82422 ], [ -122.53421, 37.82623 ], [ -122.53724, 37.83026 ], [ -122.54899, 37.83623 ], [ -122.55899, 37.84653 ], [ -122.56153, 37.85179 ], [ -122.57353, 37.85573 ], [ -122.57542, 37.85871 ], [ -122.5792, 37.85992 ], [ -122.57995, 37.85971 ], [ -122.58182, 37.85704 ], [ -122.60121, 37.87505 ], [ -122.60444, 37.87595 ] ], [ [ -122.50243, 37.70813 ], [ -122.46912, 37.70823 ], [ -122.46599, 37.71015 ], [ -122.46297, 37.71041 ], [ -122.46244, 37.71083 ], [ -122.46261, 37.72275 ], [ -122.4635, 37.72289 ], [ -122.46498, 37.72168 ], [ -122.47311, 37.72188 ], [ -122.473, 37.72463 ], [ -122.47222, 37.72562 ], [ -122.47167, 37.73432 ], [ -122.4721, 37.73481 ], [ -122.47139, 37.73682 ], [ -122.47163, 37.74136 ], [ -122.47073, 37.74101 ], [ -122.46882, 37.74153 ], [ -122.46807, 37.74338 ], [ -122.46338, 37.74385 ], [ -122.4604, 37.74531 ], [ -122.459, 37.74667 ], [ -122.45886, 37.74806 ], [ -122.46145, 37.7515 ], [ -122.46336, 37.75304 ], [ -122.46376, 37.75406 ], [ -122.46198, 37.75566 ], [ -122.46261, 37.75818 ], [ -122.46327, 37.75871 ], [ -122.46032, 37.75945 ], [ -122.46084, 37.76263 ], [ -122.45767, 37.76367 ], [ -122.45828, 37.76728 ], [ -122.45514, 37.76845 ], [ -122.45515, 37.77037 ], [ -122.45567, 37.77085 ], [ -122.45899, 37.77125 ], [ -122.4599, 37.77044 ], [ -122.46442, 37.76964 ], [ -122.467, 37.76801 ], [ -122.4699, 37.76916 ], [ -122.47213, 37.76859 ], [ -122.47264, 37.76754 ], [ -122.47251, 37.76944 ], [ -122.47619, 37.77025 ], [ -122.47654, 37.77127 ], [ -122.47989, 37.7705 ], [ -122.48178, 37.77189 ], [ -122.48408, 37.77212 ], [ -122.48419, 37.77257 ], [ -122.476, 37.77296 ], [ -122.47527, 37.7742 ], [ -122.47575, 37.77483 ], [ -122.47535, 37.77616 ], [ -122.47589, 37.77669 ], [ -122.47553, 37.77797 ], [ -122.47602, 37.77855 ], [ -122.47615, 37.78586 ], [ -122.47706, 37.78677 ], [ -122.47984, 37.7868 ], [ -122.48415, 37.78767 ], [ -122.48413, 37.78947 ], [ -122.48576, 37.79068 ], [ -122.4803, 37.80129 ], [ -122.47817, 37.80835 ], [ -122.47678, 37.80944 ], [ -122.4707, 37.80855 ], [ -122.4636, 37.80467 ], [ -122.42028, 37.80855 ], [ -122.40953, 37.8089 ], [ -122.40085, 37.80488 ], [ -122.40092, 37.80344 ], [ -122.38767, 37.78881 ], [ -122.38766, 37.7768 ], [ -122.38522, 37.76877 ], [ -122.38676, 37.76384 ], [ -122.38229, 37.76085 ], [ -122.38133, 37.75531 ], [ -122.38261, 37.75346 ], [ -122.37656, 37.75207 ], [ -122.37615, 37.74844 ], [ -122.3678, 37.74018 ], [ -122.37389, 37.7394 ], [ -122.37579, 37.73574 ], [ -122.37478, 37.73335 ], [ -122.37343, 37.73316 ], [ -122.37202, 37.73421 ], [ -122.37007, 37.7328 ], [ -122.3677, 37.7321 ], [ -122.36616, 37.73284 ], [ -122.35928, 37.72859 ], [ -122.36359, 37.72214 ], [ -122.36288, 37.71811 ], [ -122.36478, 37.71639 ], [ -122.37879, 37.72403 ], [ -122.37959, 37.72401 ], [ -122.38289, 37.7206 ], [ -122.37598, 37.716 ], [ -122.37987, 37.71109 ], [ -122.37877, 37.70952 ], [ -122.37939, 37.70866 ], [ -122.39129, 37.70973 ], [ -122.39338, 37.70827 ], [ -122.42387, 37.70824 ], [ -122.42539, 37.7086 ], [ -122.43461, 37.70813 ], [ -122.4691, 37.70808 ], [ -122.47172, 37.70494 ], [ -122.47159, 37.69806 ], [ -122.4706, 37.69329 ], [ -122.47061, 37.68972 ], [ -122.47151, 37.68626 ], [ -122.47156, 37.67807 ], [ -122.46632, 37.67015 ], [ -122.46559, 37.66999 ], [ -122.46423, 37.67072 ], [ -122.46007, 37.66684 ], [ -122.46159, 37.66564 ], [ -122.46053, 37.66406 ], [ -122.46336, 37.66235 ], [ -122.46365, 37.66097 ], [ -122.45762, 37.65673 ], [ -122.45635, 37.65443 ], [ -122.45559, 37.65444 ], [ -122.45379, 37.65592 ], [ -122.4504, 37.64851 ], [ -122.45569, 37.65043 ], [ -122.459, 37.64983 ], [ -122.46891, 37.65039 ], [ -122.47186, 37.64914 ], [ -122.47142, 37.65317 ], [ -122.47678, 37.66196 ], [ -122.48151, 37.66605 ], [ -122.48477, 37.66611 ], [ -122.48539, 37.6638 ], [ -122.48473, 37.66249 ], [ -122.48576, 37.6615 ], [ -122.49021, 37.6611 ], [ -122.49363, 37.66428 ], [ -122.49538, 37.66435 ], [ -122.49679, 37.68643 ], [ -122.50243, 37.70813 ] ], [ [ -122.44631, 37.86105 ], [ -122.44135, 37.86312 ], [ -122.44017, 37.86711 ], [ -122.43875, 37.86852 ], [ -122.43682, 37.86684 ], [ -122.43494, 37.86709 ], [ -122.43461, 37.86967 ], [ -122.4328, 37.87058 ], [ -122.43222, 37.8716 ], [ -122.43096, 37.87224 ], [ -122.42864, 37.87169 ], [ -122.42649, 37.87055 ], [ -122.42465, 37.87074 ], [ -122.4233, 37.86951 ], [ -122.42193, 37.86648 ], [ -122.42146, 37.86367 ], [ -122.41959, 37.86328 ], [ -122.41847, 37.86176 ], [ -122.42088, 37.8586 ], [ -122.41847, 37.85272 ], [ -122.41909, 37.85237 ], [ -122.42315, 37.85451 ], [ -122.43062, 37.85535 ], [ -122.43453, 37.85349 ], [ -122.43968, 37.85547 ], [ -122.44127, 37.85514 ], [ -122.44265, 37.85617 ], [ -122.44269, 37.85838 ], [ -122.44631, 37.86105 ] ] ] } },
{ "type": "Feature", "properties": { "minutes": 60 }, "geometry": { "type": "MultiLineString", "coordinates": [ [ [ -122.60531, 37.87616 ], [ -122.61376, 37.87838 ], [ -122.61744, 37.87724 ], [ -122.62112, 37.87882 ], [ -122.62402, 37.88096 ], [ -122.62695, 37.88075 ], [ -122.62871, 37.88169 ], [ -122.62836, 37.88466 ], [ -122.64192, 37.89747 ], [ -122.65877, 37.90471 ], [ -122.67838, 37.90659 ], [ -122.682, 37.90564 ], [ -122.6821, 37.90957 ], [ -122.68421, 37.91038 ], [ -122.68828, 37.91579 ], [ -122.68755, 37.91868 ], [ -122.68853, 37.92026 ], [ -122.68816, 37.92151 ], [ -122.68967, 37.92182 ], [ -122.69008, 37.92284 ], [ -122.69249, 37.9229 ], [ -122.69508, 37.92608 ], [ -122.69635, 37.9303 ], [ -122.6984, 37.9332 ], [ -122.69656, 37.93437 ], [ -122.69435, 37.93342 ], [ -122.69254, 37.93352 ], [ -122.68894, 37.93211 ], [ -122.68826, 37.93219 ], [ -122.6873, 37.9331 ], [ -122.68545, 37.93678 ], [ -122.68078, 37.94069 ], [ -122.67644, 37.94693 ], [ -122.67657, 37.94428 ], [ -122.67537, 37.94379 ], [ -122.67542, 37.94257 ], [ -122.67389, 37.94191 ], [ -122.67186, 37.94284 ], [ -122.66725, 37.94383 ], [ -122.6678, 37.94258 ], [ -122.66735, 37.94204 ], [ -122.66428, 37.94378 ], [ -122.66375, 37.94251 ], [ -122.66239, 37.94236 ], [ -122.66111, 37.94115 ], [ -122.66019, 37.94133 ], [ -122.65998, 37.94194 ], [ -122.66316, 37.94529 ], [ -122.66708, 37.94694 ], [ -122.66878, 37.94703 ], [ -122.6692, 37.94903 ], [ -122.67248, 37.95019 ], [ -122.67363, 37.95172 ], [ -122.67484, 37.95196 ], [ -122.67588, 37.9513 ], [ -122.67678, 37.9535 ], [ -122.68074, 37.95524 ], [ -122.68364, 37.95894 ], [ -122.68278, 37.95989 ], [ -122.68402, 37.96178 ], [ -122.68628, 37.96237 ], [ -122.68879, 37.96534 ], [ -122.6918, 37.96647 ], [ -122.69425, 37.96814 ], [ -122.69701, 37.97204 ], [ -122.70379, 37.9774 ], [ -122.70517, 37.98053 ], [ -122.71057, 37.98389 ], [ -122.71327, 37.98353 ], [ -122.71521, 37.98745 ], [ -122.715, 37.9888 ], [ -122.71636, 37.99145 ], [ -122.71831, 37.99317 ], [ -122.72184, 37.99806 ], [ -122.72484, 38.00042 ], [ -122.72898, 38.00514 ], [ -122.73163, 38.00609 ], [ -122.73528, 38.00824 ], [ -122.73543, 38.00955 ], [ -122.73708, 38.01078 ], [ -122.74501, 38.0206 ], [ -122.75152, 38.02337 ], [ -122.75962, 38.02853 ], [ -122.76055, 38.03239 ], [ -122.75852, 38.0361 ], [ -122.76028, 38.03695 ], [ -122.76265, 38.03684 ], [ -122.76446, 38.03772 ], [ -122.7625, 38.04054 ], [ -122.76279, 38.04349 ], [ -122.7708, 38.0462 ], [ -122.76959, 38.04705 ], [ -122.76572, 38.04776 ], [ -122.75942, 38.04996 ], [ -122.7596, 38.0516 ], [ -122.75861, 38.05399 ], [ -122.75934, 38.05596 ], [ -122.76162, 38.05737 ], [ -122.76778, 38.05961 ], [ -122.77078, 38.05923 ], [ -122.77108, 38.06342 ], [ -122.7731, 38.06629 ], [ -122.7723, 38.06838 ], [ -122.76994, 38.06902 ], [ -122.77046, 38.07115 ], [ -122.76497, 38.07465 ], [ -122.76361, 38.07705 ], [ -122.76496, 38.08101 ], [ -122.76745, 38.08381 ], [ -122.76772, 38.089 ], [ -122.77527, 38.09579 ], [ -122.77079, 38.10224 ], [ -122.7719, 38.10545 ], [ -122.7759, 38.11055 ], [ -122.77898, 38.11306 ], [ -122.77418, 38.11712 ], [ -122.77414, 38.11772 ], [ -122.80173, 38.13739 ], [ -122.80503, 38.14037 ], [ -122.80461, 38.14503 ], [ -122.81641, 38.15235 ], [ -122.81712, 38.15236 ], [ -122.82246, 38.14934 ], [ -122.82648, 38.15022 ], [ -122.82889, 38.14958 ], [ -122.83211, 38.15013 ], [ -122.83562, 38.14831 ], [ -122.83977, 38.14868 ], [ -122.84167, 38.14936 ], [ -122.84402, 38.15131 ], [ -122.84534, 38.15171 ], [ -122.84899, 38.15094 ], [ -122.85115, 38.15096 ], [ -122.85271, 38.15003 ], [ -122.85457, 38.15019 ], [ -122.86134, 38.15356 ], [ -122.86234, 38.15566 ], [ -122.86424, 38.15593 ], [ -122.86681, 38.15912 ], [ -122.87413, 38.16407 ], [ -122.87416, 38.16477 ], [ -122.87024, 38.16624 ], [ -122.87011, 38.16741 ], [ -122.86808, 38.17098 ], [ -122.8651, 38.17488 ], [ -122.85907, 38.17852 ], [ -122.85886, 38.1795 ], [ -122.85695, 38.18129 ], [ -122.85692, 38.18256 ], [ -122.85306, 38.18607 ], [ -122.85338, 38.18696 ], [ -122.85249, 38.19027 ], [ -122.85131, 38.19106 ], [ -122.85017, 38.19344 ], [ -122.84848, 38.1933 ], [ -122.84682, 38.19166 ], [ -122.84146, 38.19115 ], [ -122.8408, 38.19159 ], [ -122.84154, 38.19262 ], [ -122.84292, 38.19235 ], [ -122.8459, 38.19381 ], [ -122.84634, 38.19539 ], [ -122.84806, 38.19656 ], [ -122.84967, 38.19615 ], [ -122.85345, 38.19778 ], [ -122.8545, 38.19914 ], [ -122.85518, 38.20228 ], [ -122.85644, 38.20202 ], [ -122.85683, 38.20002 ], [ -122.8593, 38.19903 ], [ -122.86047, 38.19925 ], [ -122.85868, 38.20204 ], [ -122.85878, 38.20361 ], [ -122.86008, 38.20517 ], [ -122.85927, 38.20636 ], [ -122.8604, 38.20826 ], [ -122.86055, 38.20997 ], [ -122.85988, 38.21221 ], [ -122.85838, 38.21246 ], [ -122.8575, 38.21488 ], [ -122.85553, 38.21426 ], [ -122.85527, 38.21255 ], [ -122.85208, 38.20991 ], [ -122.85175, 38.20882 ], [ -122.85114, 38.20855 ], [ -122.85025, 38.20888 ], [ -122.84884, 38.21209 ], [ -122.84278, 38.21037 ], [ -122.83997, 38.21063 ], [ -122.8371, 38.21035 ], [ -122.83486, 38.21144 ], [ -122.8321, 38.21138 ], [ -122.8299, 38.2119 ], [ -122.82601, 38.21596 ], [ -122.82574, 38.21727 ], [ -122.82688, 38.21799 ], [ -122.82068, 38.23078 ], [ -122.81766, 38.23578 ], [ -122.81058, 38.23646 ], [ -122.81027, 38.23958 ], [ -122.81113, 38.24184 ], [ -122.81139, 38.24668 ], [ -122.81408, 38.2508 ], [ -122.81596, 38.25535 ], [ -122.8312, 38.25437 ], [ -122.84067, 38.25302 ], [ -122.84898, 38.25304 ], [ -122.85766, 38.2554 ], [ -122.85938, 38.2552 ], [ -122.85934, 38.25849 ], [ -122.86099, 38.26061 ], [ -122.85989, 38.26253 ], [ -122.86029, 38.26379 ], [ -122.86193, 38.26426 ], [ -122.86606, 38.26303 ], [ -122.86824, 38.26333 ], [ -122.8698, 38.26646 ], [ -122.87179, 38.26721 ], [ -122.87303, 38.26644 ], [ -122.87313, 38.26435 ], [ -122.875, 38.26416 ], [ -122.87745, 38.26637 ], [ -122.87861, 38.26611 ], [ -122.88502, 38.26675 ], [ -122.88805, 38.26512 ], [ -122.88866, 38.26402 ], [ -122.89114, 38.26284 ], [ -122.89566, 38.26244 ], [ -122.89806, 38.26316 ], [ -122.8983, 38.2652 ], [ -122.90082, 38.26723 ], [ -122.90253, 38.27214 ], [ -122.90431, 38.27215 ], [ -122.90642, 38.27014 ], [ -122.90917, 38.27035 ], [ -122.91558, 38.26886 ], [ -122.91716, 38.26942 ], [ -122.918, 38.27218 ], [ -122.92024, 38.27285 ], [ -122.92203, 38.27164 ], [ -122.9215, 38.26956 ], [ -122.92157, 38.26574 ], [ -122.92254, 38.26313 ], [ -122.92354, 38.26238 ], [ -122.92472, 38.26241 ], [ -122.92625, 38.26337 ], [ -122.92703, 38.2629 ], [ -122.92678, 38.26158 ], [ -122.92743, 38.25739 ], [ -122.92399, 38.25153 ], [ -122.92381, 38.24799 ], [ -122.92522, 38.24797 ], [ -122.93093, 38.2458 ], [ -122.93785, 38.24174 ], [ -122.93948, 38.24167 ], [ -122.9414, 38.24279 ], [ -122.94271, 38.24509 ], [ -122.94287, 38.24889 ], [ -122.94506, 38.25072 ], [ -122.94653, 38.25111 ], [ -122.95203, 38.25573 ], [ -122.95726, 38.25594 ], [ -122.95849, 38.25747 ], [ -122.96019, 38.25747 ], [ -122.96437, 38.26085 ], [ -122.96921, 38.26365 ], [ -122.97101, 38.26376 ], [ -122.97388, 38.26604 ], [ -122.97663, 38.2672 ], [ -122.97687, 38.26788 ], [ -122.98632, 38.27316 ], [ -122.98944, 38.28018 ], [ -122.9946, 38.2831 ], [ -122.99713, 38.28948 ], [ -123.00291, 38.29571 ], [ -123.00159, 38.29715 ], [ -122.99873, 38.2984 ], [ -122.99397, 38.29957 ], [ -122.9936, 38.30026 ], [ -122.99413, 38.30394 ], [ -122.99499, 38.30525 ], [ -122.99475, 38.30619 ], [ -122.99313, 38.30644 ], [ -122.99171, 38.30563 ], [ -122.99068, 38.30584 ], [ -122.98771, 38.30811 ], [ -122.98422, 38.30831 ], [ -122.98316, 38.31041 ], [ -122.98161, 38.31113 ], [ -122.97722, 38.31093 ], [ -122.97487, 38.31147 ], [ -122.97082, 38.31005 ], [ -122.96899, 38.31094 ], [ -122.96612, 38.31697 ], [ -122.96245, 38.31685 ], [ -122.95987, 38.31601 ], [ -122.95466, 38.31865 ], [ -122.95295, 38.32147 ], [ -122.95254, 38.32432 ], [ -122.95111, 38.32679 ], [ -122.94457, 38.32564 ], [ -122.94172, 38.32587 ], [ -122.92798, 38.3246 ], [ -122.92525, 38.33106 ], [ -122.9225, 38.33463 ], [ -122.91837, 38.33841 ], [ -122.91843, 38.33909 ], [ -122.91686, 38.34071 ], [ -122.91595, 38.3463 ], [ -122.91632, 38.34952 ], [ -122.9124, 38.35015 ], [ -122.90949, 38.34938 ], [ -122.90696, 38.35033 ], [ -122.90464, 38.35061 ], [ -122.90341, 38.35171 ], [ -122.89997, 38.35287 ], [ -122.8967, 38.3534 ], [ -122.89418, 38.35483 ], [ -122.88821, 38.35613 ], [ -122.88849, 38.35061 ], [ -122.89033, 38.35018 ], [ -122.8907, 38.3497 ], [ -122.8882, 38.34584 ], [ -122.88763, 38.32855 ], [ -122.88715, 38.32805 ], [ -122.88334, 38.32798 ], [ -122.88276, 38.32831 ], [ -122.88131, 38.33203 ], [ -122.88078, 38.3386 ], [ -122.87643, 38.33953 ], [ -122.87076, 38.33979 ], [ -122.86987, 38.34165 ], [ -122.86993, 38.34442 ], [ -122.85783, 38.34161 ], [ -122.85705, 38.34231 ], [ -122.84632, 38.33998 ], [ -122.84572, 38.34057 ], [ -122.84709, 38.34425 ], [ -122.84466, 38.34418 ], [ -122.84064, 38.33872 ], [ -122.83423, 38.33806 ], [ -122.83498, 38.33778 ], [ -122.83506, 38.33722 ], [ -122.83299, 38.33619 ], [ -122.82495, 38.33553 ], [ -122.8249, 38.32917 ], [ -122.82367, 38.32874 ], [ -122.8232, 38.32804 ], [ -122.81503, 38.32796 ], [ -122.81413, 38.32649 ], [ -122.81032, 38.32647 ], [ -122.8099, 38.32693 ], [ -122.81, 38.33231 ], [ -122.80946, 38.33248 ], [ -122.80542, 38.33126 ], [ -122.80537, 38.32885 ], [ -122.80483, 38.32844 ], [ -122.78886, 38.32844 ], [ -122.78714, 38.32903 ], [ -122.77771, 38.32909 ], [ -122.77729, 38.32601 ], [ -122.77025, 38.32595 ], [ -122.76957, 38.32644 ], [ -122.76957, 38.32969 ], [ -122.76851, 38.32962 ], [ -122.76827, 38.32623 ], [ -122.76483, 38.32613 ], [ -122.7635, 38.32858 ], [ -122.76074, 38.32881 ], [ -122.76022, 38.33137 ], [ -122.75853, 38.33362 ], [ -122.7561, 38.33447 ], [ -122.74969, 38.33489 ], [ -122.74859, 38.3381 ], [ -122.75084, 38.34012 ], [ -122.75064, 38.35432 ], [ -122.75342, 38.35634 ], [ -122.75616, 38.36007 ], [ -122.76173, 38.36208 ], [ -122.76643, 38.36546 ], [ -122.76879, 38.36608 ], [ -122.7689, 38.38568 ], [ -122.78094, 38.39535 ], [ -122.78472, 38.39276 ], [ -122.77999, 38.3877 ], [ -122.78111, 38.38697 ], [ -122.78724, 38.38682 ], [ -122.78765, 38.38637 ], [ -122.78757, 38.38312 ], [ -122.79411, 38.38234 ], [ -122.79806, 38.38517 ], [ -122.7971, 38.38674 ], [ -122.79716, 38.39059 ], [ -122.79907, 38.39466 ], [ -122.80056, 38.39582 ], [ -122.80424, 38.39628 ], [ -122.80828, 38.39617 ], [ -122.81307, 38.39751 ], [ -122.81526, 38.39929 ], [ -122.81571, 38.40079 ], [ -122.81638, 38.40109 ], [ -122.81638, 38.40347 ], [ -122.79845, 38.40974 ], [ -122.79832, 38.41029 ], [ -122.79914, 38.41138 ], [ -122.7983, 38.41432 ], [ -122.79687, 38.41494 ], [ -122.79728, 38.41965 ], [ -122.79447, 38.41972 ], [ -122.79399, 38.41325 ], [ -122.79314, 38.41281 ], [ -122.77444, 38.42364 ], [ -122.77129, 38.4265 ], [ -122.76859, 38.42789 ], [ -122.74461, 38.42999 ], [ -122.73942, 38.43125 ], [ -122.72334, 38.43348 ], [ -122.72, 38.43312 ], [ -122.71553, 38.43129 ], [ -122.71499, 38.42989 ], [ -122.71485, 38.42426 ], [ -122.71535, 38.42111 ], [ -122.71475, 38.42066 ], [ -122.71349, 38.42091 ], [ -122.71339, 38.41007 ], [ -122.71276, 38.40979 ], [ -122.70747, 38.41042 ], [ -122.70692, 38.40921 ], [ -122.70407, 38.4092 ], [ -122.70412, 38.40502 ], [ -122.70677, 38.40469 ], [ -122.70682, 38.40215 ], [ -122.70626, 38.40183 ], [ -122.69956, 38.4018 ], [ -122.69965, 38.38685 ], [ -122.70503, 38.38678 ], [ -122.70776, 38.38256 ], [ -122.70581, 38.38186 ], [ -122.69964, 38.38137 ], [ -122.699, 38.38029 ], [ -122.69556, 38.38033 ], [ -122.69511, 38.3814 ], [ -122.6874, 38.38123 ], [ -122.68696, 38.37947 ], [ -122.68796, 38.37657 ], [ -122.68789, 38.37235 ], [ -122.67645, 38.37237 ], [ -122.67638, 38.36509 ], [ -122.6851, 38.36501 ], [ -122.68573, 38.36467 ], [ -122.68566, 38.35434 ], [ -122.68502, 38.35401 ], [ -122.6673, 38.35425 ], [ -122.66681, 38.33892 ], [ -122.66624, 38.33859 ], [ -122.66194, 38.33863 ], [ -122.65732, 38.33951 ], [ -122.65474, 38.33828 ], [ -122.6541, 38.33254 ], [ -122.65162, 38.33317 ], [ -122.65087, 38.33467 ], [ -122.64796, 38.33534 ], [ -122.64481, 38.34093 ], [ -122.64511, 38.34229 ], [ -122.64176, 38.34735 ], [ -122.63864, 38.34853 ], [ -122.63764, 38.35078 ], [ -122.62046, 38.35099 ], [ -122.62021, 38.35774 ], [ -122.5995, 38.35754 ], [ -122.59945, 38.35582 ], [ -122.59642, 38.35227 ], [ -122.59317, 38.35075 ], [ -122.5892, 38.35009 ], [ -122.58372, 38.35062 ], [ -122.58366, 38.35535 ], [ -122.58265, 38.35779 ], [ -122.56871, 38.35775 ], [ -122.56805, 38.35845 ], [ -122.56572, 38.35788 ], [ -122.55674, 38.35787 ], [ -122.55584, 38.35596 ], [ -122.55638, 38.35499 ], [ -122.56013, 38.35424 ], [ -122.56474, 38.35422 ], [ -122.56527, 38.3538 ], [ -122.56503, 38.35071 ], [ -122.56007, 38.3507 ], [ -122.56021, 38.34797 ], [ -122.56233, 38.34466 ], [ -122.56279, 38.34252 ], [ -122.56132, 38.34093 ], [ -122.5596, 38.34109 ], [ -122.55691, 38.34477 ], [ -122.55543, 38.34525 ], [ -122.55228, 38.34432 ], [ -122.54971, 38.34454 ], [ -122.54223, 38.34798 ], [ -122.54119, 38.34907 ], [ -122.53639, 38.35066 ], [ -122.53346, 38.3508 ], [ -122.5289, 38.35241 ], [ -122.52723, 38.35385 ], [ -122.52475, 38.35457 ], [ -122.52292, 38.35285 ], [ -122.52252, 38.35096 ], [ -122.52156, 38.35077 ], [ -122.51935, 38.35134 ], [ -122.51741, 38.34941 ], [ -122.52051, 38.34873 ], [ -122.51994, 38.34768 ], [ -122.52058, 38.34686 ], [ -122.51962, 38.34587 ], [ -122.51714, 38.34618 ], [ -122.51579, 38.34801 ], [ -122.51445, 38.34666 ], [ -122.5143, 38.34415 ], [ -122.51297, 38.33926 ], [ -122.51215, 38.33884 ], [ -122.50899, 38.3399 ], [ -122.50611, 38.34007 ], [ -122.50078, 38.34252 ], [ -122.49666, 38.34316 ], [ -122.49546, 38.34398 ], [ -122.4929, 38.34474 ], [ -122.49024, 38.34782 ], [ -122.48507, 38.34985 ], [ -122.48181, 38.3501 ], [ -122.48008, 38.35142 ], [ -122.47854, 38.35865 ], [ -122.47742, 38.35747 ], [ -122.47692, 38.35544 ], [ -122.47483, 38.35414 ], [ -122.47409, 38.3542 ], [ -122.47271, 38.3588 ], [ -122.47308, 38.35963 ], [ -122.47103, 38.36138 ], [ -122.46994, 38.36377 ], [ -122.4704, 38.36515 ], [ -122.46911, 38.36574 ], [ -122.46968, 38.36697 ], [ -122.46951, 38.36837 ], [ -122.46803, 38.36877 ], [ -122.46615, 38.36791 ], [ -122.46407, 38.36858 ], [ -122.46196, 38.36867 ], [ -122.45939, 38.37036 ], [ -122.45744, 38.36862 ], [ -122.45752, 38.36737 ], [ -122.45449, 38.36562 ], [ -122.45217, 38.36205 ], [ -122.44969, 38.36101 ], [ -122.44715, 38.35905 ], [ -122.44418, 38.35872 ], [ -122.44228, 38.35903 ], [ -122.43951, 38.35811 ], [ -122.43743, 38.35666 ], [ -122.43658, 38.3551 ], [ -122.43293, 38.35343 ], [ -122.42934, 38.35101 ], [ -122.42893, 38.34948 ], [ -122.42733, 38.34914 ], [ -122.42716, 38.34616 ], [ -122.4244, 38.34442 ], [ -122.42149, 38.33953 ], [ -122.41993, 38.33875 ], [ -122.41875, 38.33959 ], [ -122.41726, 38.33932 ], [ -122.41734, 38.33792 ], [ -122.4144, 38.33627 ], [ -122.41199, 38.33401 ], [ -122.41349, 38.33208 ], [ -122.41371, 38.3307 ], [ -122.41209, 38.32787 ], [ -122.40972, 38.32596 ], [ -122.40935, 38.32101 ], [ -122.40832, 38.32051 ], [ -122.40687, 38.3218 ], [ -122.4054, 38.32212 ], [ -122.40374, 38.31972 ], [ -122.40191, 38.31418 ], [ -122.39634, 38.30918 ], [ -122.39538, 38.30667 ], [ -122.39217, 38.30688 ], [ -122.38572, 38.29897 ], [ -122.38497, 38.29884 ], [ -122.37863, 38.30146 ], [ -122.37256, 38.2924 ], [ -122.37219, 38.29053 ], [ -122.36001, 38.2897 ], [ -122.34744, 38.27996 ], [ -122.33505, 38.27888 ], [ -122.33377, 38.2768 ], [ -122.33462, 38.27394 ], [ -122.33162, 38.27067 ], [ -122.33092, 38.27077 ], [ -122.33002, 38.2722 ], [ -122.32642, 38.27477 ], [ -122.32481, 38.27802 ], [ -122.32534, 38.28125 ], [ -122.3247, 38.27983 ], [ -122.32175, 38.27733 ], [ -122.32077, 38.27513 ], [ -122.32109, 38.27283 ], [ -122.31964, 38.26871 ], [ -122.31846, 38.26732 ], [ -122.31983, 38.26577 ], [ -122.31932, 38.2629 ], [ -122.3184, 38.26154 ], [ -122.31217, 38.25886 ], [ -122.30695, 38.25848 ], [ -122.30644, 38.25887 ], [ -122.30645, 38.25983 ], [ -122.30243, 38.26081 ], [ -122.30067, 38.26222 ], [ -122.29935, 38.26621 ], [ -122.29909, 38.27512 ], [ -122.30222, 38.29219 ], [ -122.30185, 38.29628 ], [ -122.30478, 38.30679 ], [ -122.30153, 38.30734 ], [ -122.3009, 38.30698 ], [ -122.29893, 38.30725 ], [ -122.29838, 38.30791 ], [ -122.28939, 38.30952 ], [ -122.28817, 38.30806 ], [ -122.28749, 38.30792 ], [ -122.28525, 38.30875 ], [ -122.28514, 38.31023 ], [ -122.27956, 38.31021 ], [ -122.27639, 38.31068 ], [ -122.27473, 38.31168 ], [ -122.27573, 38.31316 ], [ -122.27184, 38.31374 ], [ -122.27036, 38.31467 ], [ -122.26944, 38.31154 ], [ -122.26634, 38.31175 ], [ -122.26739, 38.31075 ], [ -122.26636, 38.3076 ], [ -122.26442, 38.30653 ], [ -122.26238, 38.30806 ], [ -122.25963, 38.30736 ], [ -122.25908, 38.30435 ], [ -122.25765, 38.30356 ], [ -122.2582, 38.30267 ], [ -122.25987, 38.30229 ], [ -122.26123, 38.29823 ], [ -122.26348, 38.29793 ], [ -122.2663, 38.29914 ], [ -122.26745, 38.29688 ], [ -122.26889, 38.29692 ], [ -122.26867, 38.29609 ], [ -122.26122, 38.29638 ], [ -122.25694, 38.29526 ], [ -122.258, 38.29274 ], [ -122.25739, 38.29214 ], [ -122.25211, 38.29337 ], [ -122.25147, 38.29483 ], [ -122.2502, 38.2926 ], [ -122.2489, 38.29327 ], [ -122.24747, 38.29336 ], [ -122.24759, 38.29054 ], [ -122.24495, 38.28919 ], [ -122.24422, 38.28971 ], [ -122.24451, 38.29335 ], [ -122.24268, 38.29331 ], [ -122.24222, 38.29459 ], [ -122.24114, 38.29449 ], [ -122.24037, 38.29351 ], [ -122.24013, 38.29144 ], [ -122.23914, 38.29159 ], [ -122.23898, 38.29262 ], [ -122.2367, 38.29217 ], [ -122.23684, 38.28989 ], [ -122.23443, 38.28939 ], [ -122.23428, 38.28712 ], [ -122.22729, 38.28694 ], [ -122.22688, 38.27997 ], [ -122.21841, 38.27995 ], [ -122.21794, 38.28037 ], [ -122.21795, 38.28254 ], [ -122.21385, 38.27975 ], [ -122.21039, 38.28004 ], [ -122.20881, 38.27891 ], [ -122.20846, 38.27242 ], [ -122.20638, 38.27163 ], [ -122.20048, 38.27202 ], [ -122.19738, 38.27271 ], [ -122.19548, 38.27152 ], [ -122.1894, 38.2716 ], [ -122.18879, 38.27211 ], [ -122.19108, 38.27591 ], [ -122.19082, 38.27762 ], [ -122.19438, 38.28081 ], [ -122.19638, 38.28191 ], [ -122.19671, 38.28426 ], [ -122.19828, 38.28481 ], [ -122.19853, 38.28586 ], [ -122.20148, 38.28931 ], [ -122.20172, 38.29226 ], [ -122.20348, 38.29291 ], [ -122.20377, 38.29393 ], [ -122.19912, 38.30027 ], [ -122.19945, 38.30163 ], [ -122.20258, 38.30411 ], [ -122.20152, 38.30799 ], [ -122.20409, 38.31012 ], [ -122.20618, 38.31401 ], [ -122.20598, 38.31571 ], [ -122.06554, 38.31591 ], [ -122.06496, 38.31629 ], [ -122.06516, 38.3171 ], [ -122.06818, 38.31841 ], [ -122.06527, 38.3232 ], [ -122.04459, 38.32354 ], [ -122.04186, 38.32313 ], [ -122.03412, 38.3231 ], [ -122.03398, 38.31624 ], [ -122.03214, 38.31539 ], [ -122.02547, 38.32271 ], [ -122.02388, 38.32508 ], [ -122.02248, 38.32432 ], [ -122.01009, 38.32422 ], [ -122.01087, 38.31635 ], [ -122.01045, 38.31581 ], [ -121.99903, 38.31575 ], [ -121.99757, 38.31481 ], [ -121.99719, 38.31272 ], [ -121.9949, 38.31171 ], [ -121.99308, 38.31194 ], [ -121.9888, 38.31436 ], [ -121.98527, 38.3129 ], [ -121.9793, 38.31368 ], [ -121.97671, 38.31569 ], [ -121.96505, 38.31574 ], [ -121.96394, 38.31497 ], [ -121.9617, 38.31456 ], [ -121.95856, 38.31177 ], [ -121.95405, 38.30917 ], [ -121.9514, 38.30884 ], [ -121.95142, 38.30577 ], [ -121.95041, 38.30491 ], [ -121.94745, 38.30463 ], [ -121.94684, 38.30154 ], [ -121.93375, 38.3013 ], [ -121.93295, 38.29262 ], [ -121.93299, 38.28674 ], [ -121.95038, 38.28676 ], [ -121.9509, 38.28636 ], [ -121.9513, 38.28411 ], [ -121.95115, 38.28228 ], [ -121.95234, 38.28229 ], [ -121.95296, 38.28301 ], [ -121.95891, 38.28284 ], [ -121.9605, 38.27934 ], [ -121.9605, 38.27436 ], [ -121.95577, 38.27377 ], [ -121.95122, 38.27388 ], [ -121.95126, 38.27182 ], [ -121.9587, 38.27184 ], [ -121.95945, 38.26777 ], [ -121.9607, 38.26795 ], [ -121.96119, 38.27111 ], [ -121.96185, 38.27153 ], [ -121.96667, 38.271 ], [ -121.96677, 38.26818 ], [ -121.96496, 38.26684 ], [ -121.9878, 38.26852 ], [ -121.98823, 38.25301 ], [ -122.0061, 38.25333 ], [ -122.00674, 38.26259 ], [ -122.00713, 38.26336 ], [ -122.0078, 38.26355 ], [ -122.01802, 38.25811 ], [ -122.01968, 38.25798 ], [ -122.01997, 38.25691 ], [ -122.03682, 38.24759 ], [ -122.04115, 38.24379 ], [ -122.08919, 38.15324 ], [ -122.08918, 38.15322 ] ], [ [ -122.49834, 37.70887 ], [ -122.49844, 37.71483 ], [ -122.50027, 37.7182 ], [ -122.50043, 37.72016 ], [ -122.50237, 37.7229 ], [ -122.5031, 37.72511 ], [ -122.50706, 37.72784 ], [ -122.50812, 37.73544 ], [ -122.50716, 37.73559 ], [ -122.50686, 37.73609 ], [ -122.51043, 37.76404 ], [ -122.51037, 37.76662 ], [ -122.5111, 37.77086 ], [ -122.51172, 37.77113 ], [ -122.51307, 37.77078 ], [ -122.51448, 37.78083 ], [ -122.50531, 37.78831 ], [ -122.49292, 37.78794 ], [ -122.48657, 37.79036 ] ], [ [ -122.39406, 37.70755 ], [ -122.3941, 37.70752 ], [ -122.38761, 37.67904 ], [ -122.38644, 37.67745 ], [ -122.38171, 37.67726 ], [ -122.38095, 37.66787 ], [ -122.37429, 37.66221 ], [ -122.37624, 37.65525 ], [ -122.38004, 37.64772 ], [ -122.38724, 37.64734 ], [ -122.39104, 37.64623 ], [ -122.38933, 37.64043 ], [ -122.38432, 37.64038 ], [ -122.3805, 37.63535 ], [ -122.38589, 37.63532 ], [ -122.38746, 37.63481 ], [ -122.38889, 37.63325 ], [ -122.3889, 37.63121 ], [ -122.38769, 37.62978 ], [ -122.38502, 37.62902 ], [ -122.38031, 37.63056 ], [ -122.37896, 37.63155 ], [ -122.37751, 37.62963 ], [ -122.37417, 37.6283 ], [ -122.37155, 37.62854 ], [ -122.36878, 37.62747 ], [ -122.36732, 37.62903 ], [ -122.36521, 37.6278 ], [ -122.36769, 37.62096 ], [ -122.35563, 37.61529 ], [ -122.35913, 37.60932 ], [ -122.37018, 37.61434 ], [ -122.37315, 37.6138 ], [ -122.37823, 37.60566 ], [ -122.36982, 37.60273 ], [ -122.36003, 37.59251 ], [ -122.33464, 37.59179 ], [ -122.33444, 37.5886 ], [ -122.33379, 37.58814 ], [ -122.32896, 37.58881 ], [ -122.32512, 37.59153 ], [ -122.31492, 37.59124 ], [ -122.31555, 37.58354 ], [ -122.30593, 37.57555 ], [ -122.29686, 37.57546 ], [ -122.29693, 37.57188 ], [ -122.29432, 37.57059 ], [ -122.29271, 37.57069 ], [ -122.29188, 37.57315 ], [ -122.28865, 37.57391 ], [ -122.28844, 37.57543 ], [ -122.28426, 37.57542 ], [ -122.27922, 37.57311 ], [ -122.27873, 37.57156 ], [ -122.27566, 37.57148 ], [ -122.27359, 37.57059 ], [ -122.26285, 37.57391 ], [ -122.25193, 37.56789 ], [ -122.24529, 37.55608 ], [ -122.24634, 37.55352 ], [ -122.25034, 37.55045 ], [ -122.24937, 37.54919 ], [ -122.25076, 37.54812 ], [ -122.25234, 37.54456 ], [ -122.25193, 37.54041 ], [ -122.25685, 37.54049 ], [ -122.25838, 37.54107 ], [ -122.2596, 37.5404 ], [ -122.26044, 37.53956 ], [ -122.26137, 37.5334 ], [ -122.26501, 37.53427 ], [ -122.27628, 37.53419 ], [ -122.27718, 37.53286 ], [ -122.27498, 37.53047 ], [ -122.27645, 37.52951 ], [ -122.27778, 37.52965 ], [ -122.27828, 37.52884 ], [ -122.28557, 37.53055 ], [ -122.28742, 37.52927 ], [ -122.3073, 37.52116 ], [ -122.3117, 37.52404 ], [ -122.31329, 37.52156 ], [ -122.31443, 37.52101 ], [ -122.31496, 37.51921 ], [ -122.31972, 37.51948 ], [ -122.32176, 37.52114 ], [ -122.32362, 37.521 ], [ -122.32542, 37.5191 ], [ -122.32485, 37.51732 ], [ -122.32687, 37.51505 ], [ -122.33588, 37.50805 ], [ -122.33857, 37.50714 ], [ -122.34138, 37.50707 ], [ -122.34303, 37.50752 ], [ -122.34497, 37.51036 ], [ -122.34724, 37.51191 ], [ -122.34971, 37.51184 ], [ -122.35385, 37.51623 ], [ -122.35648, 37.52058 ], [ -122.35733, 37.52419 ], [ -122.36035, 37.52533 ], [ -122.3627, 37.52995 ], [ -122.36398, 37.53099 ], [ -122.36581, 37.53117 ], [ -122.36747, 37.53414 ], [ -122.37049, 37.53518 ], [ -122.37173, 37.53724 ], [ -122.37151, 37.53824 ], [ -122.3726, 37.53879 ], [ -122.37369, 37.53798 ], [ -122.37408, 37.53963 ], [ -122.37514, 37.53978 ], [ -122.37896, 37.5448 ], [ -122.38006, 37.54512 ], [ -122.38378, 37.54843 ], [ -122.38788, 37.55526 ], [ -122.38915, 37.55567 ], [ -122.39069, 37.55743 ], [ -122.39173, 37.55713 ], [ -122.40289, 37.56836 ], [ -122.40638, 37.57383 ], [ -122.40899, 37.57673 ], [ -122.41094, 37.57834 ], [ -122.41263, 37.57838 ], [ -122.41325, 37.58015 ], [ -122.41454, 37.58055 ], [ -122.4171, 37.58023 ], [ -122.41862, 37.57789 ], [ -122.42105, 37.57995 ], [ -122.42277, 37.57977 ], [ -122.4232, 37.58109 ], [ -122.42514, 37.58213 ], [ -122.42683, 37.58111 ], [ -122.42792, 37.58117 ], [ -122.42856, 37.58015 ], [ -122.43204, 37.58505 ], [ -122.43498, 37.58658 ], [ -122.43536, 37.58783 ], [ -122.43947, 37.59039 ], [ -122.43987, 37.59146 ], [ -122.44208, 37.59378 ], [ -122.44346, 37.59398 ], [ -122.46167, 37.58517 ], [ -122.46128, 37.58453 ], [ -122.45976, 37.58447 ], [ -122.45942, 37.57825 ], [ -122.45098, 37.57804 ], [ -122.45087, 37.57054 ], [ -122.45897, 37.57069 ], [ -122.4594, 37.57025 ], [ -122.45949, 37.56604 ], [ -122.46712, 37.56625 ], [ -122.46762, 37.56578 ], [ -122.46764, 37.56351 ], [ -122.47715, 37.56354 ], [ -122.47771, 37.56322 ], [ -122.47789, 37.56214 ], [ -122.48007, 37.56214 ], [ -122.4855, 37.56552 ], [ -122.49257, 37.56659 ], [ -122.49451, 37.57023 ], [ -122.49758, 37.57051 ], [ -122.50034, 37.5723 ], [ -122.50192, 37.57219 ], [ -122.50912, 37.57406 ], [ -122.51075, 37.57632 ], [ -122.51223, 37.57686 ], [ -122.51266, 37.57759 ], [ -122.50871, 37.58491 ], [ -122.51065, 37.58546 ], [ -122.51399, 37.58519 ], [ -122.51742, 37.5868 ], [ -122.51725, 37.59065 ], [ -122.52085, 37.59418 ], [ -122.51548, 37.59557 ], [ -122.51472, 37.59828 ], [ -122.50766, 37.59614 ], [ -122.50137, 37.59975 ], [ -122.50047, 37.60411 ], [ -122.50213, 37.60642 ], [ -122.50233, 37.60828 ], [ -122.49829, 37.60839 ], [ -122.49684, 37.61202 ], [ -122.49819, 37.61412 ], [ -122.49803, 37.62081 ], [ -122.49588, 37.6229 ], [ -122.49409, 37.644 ], [ -122.49534, 37.66363 ] ], [ [ -122.50071, 37.8933 ], [ -122.50084, 37.89301 ], [ -122.4965, 37.87734 ], [ -122.49782, 37.8763 ] ], [ [ -122.29029, 38.1551 ], [ -122.29067, 38.1552 ], [ -122.28961, 38.15882 ], [ -122.28759, 38.16134 ], [ -122.28677, 38.1644 ], [ -122.28741, 38.16759 ], [ -122.28429, 38.16842 ], [ -122.28388, 38.16955 ], [ -122.28518, 38.17044 ], [ -122.28588, 38.17335 ], [ -122.285, 38.1748 ], [ -122.2891, 38.18009 ], [ -122.29015, 38.18267 ], [ -122.29426, 38.18499 ], [ -122.29724, 38.18545 ], [ -122.30299, 38.18528 ], [ -122.3035, 38.18489 ], [ -122.30347, 38.18373 ], [ -122.30825, 38.18363 ], [ -122.31215, 38.19129 ], [ -122.31256, 38.1945 ], [ -122.31414, 38.19658 ], [ -122.31498, 38.19607 ], [ -122.31432, 38.19275 ], [ -122.31494, 38.19225 ], [ -122.31658, 38.19291 ], [ -122.31733, 38.19249 ], [ -122.31686, 38.19101 ], [ -122.3173, 38.18661 ], [ -122.3221, 38.18548 ], [ -122.32335, 38.18554 ], [ -122.32503, 38.18716 ], [ -122.32584, 38.18721 ], [ -122.32751, 38.19182 ], [ -122.32902, 38.19361 ], [ -122.33391, 38.19278 ], [ -122.33744, 38.1911 ], [ -122.34064, 38.19156 ], [ -122.34236, 38.19026 ], [ -122.3463, 38.19056 ], [ -122.34978, 38.1919 ], [ -122.35505, 38.1968 ], [ -122.35906, 38.19754 ], [ -122.36025, 38.19698 ], [ -122.36051, 38.19512 ], [ -122.35817, 38.19273 ], [ -122.35705, 38.19063 ], [ -122.35691, 38.1887 ], [ -122.35737, 38.18396 ], [ -122.35857, 38.18197 ], [ -122.36008, 38.18193 ], [ -122.36286, 38.18342 ], [ -122.36656, 38.18379 ], [ -122.36905, 38.18178 ], [ -122.37007, 38.18232 ], [ -122.37428, 38.18186 ], [ -122.37787, 38.18069 ], [ -122.37904, 38.18083 ], [ -122.37961, 38.18217 ], [ -122.37861, 38.18393 ], [ -122.37625, 38.18594 ], [ -122.37371, 38.18639 ], [ -122.37285, 38.18778 ], [ -122.37352, 38.1892 ], [ -122.37519, 38.19032 ], [ -122.37899, 38.19145 ], [ -122.38325, 38.19138 ], [ -122.38552, 38.19257 ], [ -122.38694, 38.19552 ], [ -122.38663, 38.19793 ], [ -122.38525, 38.19967 ], [ -122.3841, 38.20014 ], [ -122.38429, 38.20089 ], [ -122.39013, 38.20061 ], [ -122.39194, 38.19939 ], [ -122.39275, 38.19748 ], [ -122.39929, 38.20151 ], [ -122.4037, 38.20671 ], [ -122.40637, 38.20747 ], [ -122.41022, 38.20717 ], [ -122.41237, 38.20826 ], [ -122.41421, 38.21187 ], [ -122.41667, 38.2131 ], [ -122.41839, 38.21274 ], [ -122.41895, 38.20933 ], [ -122.4208, 38.20657 ], [ -122.42307, 38.20659 ], [ -122.42615, 38.20751 ], [ -122.426, 38.20925 ], [ -122.42715, 38.20986 ], [ -122.42785, 38.20975 ], [ -122.42857, 38.20829 ], [ -122.43577, 38.19941 ], [ -122.43679, 38.19702 ], [ -122.43781, 38.18819 ], [ -122.43999, 38.1845 ], [ -122.43949, 38.18204 ], [ -122.44002, 38.18106 ], [ -122.4433, 38.17906 ], [ -122.44178, 38.17755 ], [ -122.44132, 38.17535 ], [ -122.44253, 38.17216 ], [ -122.43998, 38.17095 ], [ -122.4345, 38.17117 ], [ -122.42608, 38.17034 ], [ -122.42341, 38.16906 ], [ -122.42485, 38.16608 ], [ -122.42196, 38.16417 ], [ -122.42134, 38.16322 ], [ -122.42162, 38.16216 ], [ -122.4207, 38.16086 ], [ -122.41901, 38.1605 ], [ -122.41317, 38.16185 ], [ -122.40982, 38.16092 ], [ -122.4086, 38.15918 ], [ -122.40765, 38.15346 ], [ -122.40562, 38.15077 ], [ -122.4056, 38.14931 ], [ -122.40453, 38.14795 ], [ -122.40783, 38.1401 ], [ -122.40892, 38.1394 ], [ -122.41074, 38.13662 ], [ -122.41994, 38.12935 ], [ -122.43296, 38.12332 ], [ -122.4435, 38.11699 ], [ -122.44896, 38.11772 ], [ -122.45093, 38.12034 ], [ -122.44837, 38.12612 ], [ -122.44162, 38.13469 ], [ -122.44503, 38.1382 ], [ -122.46384, 38.13081 ], [ -122.49728, 38.11525 ], [ -122.49853, 38.112 ] ], [ [ -121.93244, 37.59107 ], [ -121.93035, 37.58643 ], [ -121.92812, 37.58595 ], [ -121.92824, 37.58431 ], [ -121.92562, 37.58235 ], [ -121.92694, 37.58122 ], [ -121.92604, 37.57979 ], [ -121.92998, 37.57842 ], [ -121.93247, 37.57416 ], [ -121.93181, 37.57255 ], [ -121.93306, 37.57126 ], [ -121.93566, 37.57006 ], [ -121.94275, 37.57062 ], [ -121.94759, 37.56987 ], [ -121.95279, 37.57061 ], [ -121.95783, 37.56872 ], [ -121.95859, 37.56742 ], [ -121.96189, 37.56502 ], [ -121.95999, 37.56265 ], [ -121.95878, 37.55952 ], [ -121.95687, 37.5472 ], [ -121.95441, 37.53831 ], [ -121.95359, 37.52915 ], [ -121.94557, 37.51328 ], [ -121.94478, 37.51301 ], [ -121.94276, 37.51383 ], [ -121.94484, 37.51286 ], [ -121.94503, 37.51224 ], [ -121.93216, 37.48731 ], [ -121.93086, 37.48584 ], [ -121.91949, 37.46267 ], [ -121.91881, 37.46234 ], [ -121.91729, 37.46279 ], [ -121.9171, 37.45847 ], [ -121.92504, 37.45419 ], [ -121.9279, 37.45535 ], [ -121.92763, 37.45673 ], [ -121.9283, 37.45727 ], [ -121.93207, 37.45528 ], [ -121.93266, 37.45692 ], [ -121.93118, 37.45763 ], [ -121.93155, 37.46055 ], [ -121.93412, 37.46033 ], [ -121.93514, 37.46084 ], [ -121.93531, 37.46261 ], [ -121.93616, 37.46289 ], [ -121.9389, 37.46239 ], [ -121.94106, 37.46489 ], [ -121.94378, 37.46546 ], [ -121.94423, 37.46842 ], [ -121.9447, 37.46886 ], [ -121.94698, 37.46745 ], [ -121.94617, 37.46395 ], [ -121.94812, 37.46186 ], [ -121.95192, 37.46146 ], [ -121.95934, 37.46351 ], [ -121.9666, 37.46312 ], [ -121.96755, 37.46402 ], [ -121.96725, 37.46779 ], [ -121.97295, 37.46925 ], [ -121.97755, 37.47101 ], [ -121.98093, 37.47013 ], [ -121.98499, 37.46654 ], [ -121.98793, 37.4659 ], [ -121.99459, 37.46908 ], [ -121.99982, 37.46986 ], [ -122.00258, 37.46881 ], [ -122.00989, 37.46856 ], [ -122.01617, 37.4678 ], [ -122.02061, 37.46802 ], [ -122.02456, 37.46893 ], [ -122.03602, 37.4695 ], [ -122.04659, 37.46756 ], [ -122.04998, 37.46636 ], [ -122.05343, 37.47332 ], [ -122.05216, 37.47588 ], [ -122.05227, 37.47802 ], [ -122.0541, 37.48238 ], [ -122.0549, 37.49051 ], [ -122.05251, 37.49134 ], [ -122.03956, 37.49183 ], [ -122.03527, 37.48993 ], [ -122.03316, 37.48283 ], [ -122.02829, 37.47746 ], [ -122.02583, 37.47697 ], [ -122.02522, 37.47758 ], [ -122.02745, 37.47866 ], [ -122.03026, 37.48267 ], [ -122.02993, 37.4887 ], [ -122.03223, 37.48935 ], [ -122.03531, 37.49238 ], [ -122.03832, 37.49367 ], [ -122.04114, 37.49353 ], [ -122.05078, 37.49647 ], [ -122.05126, 37.49771 ], [ -122.05748, 37.49912 ], [ -122.05454, 37.50563 ], [ -122.05405, 37.50837 ], [ -122.05589, 37.51415 ], [ -122.06034, 37.51475 ], [ -122.06094, 37.5141 ], [ -122.06452, 37.51302 ], [ -122.0672, 37.51793 ], [ -122.06779, 37.51821 ], [ -122.07022, 37.51785 ], [ -122.07396, 37.51633 ], [ -122.07998, 37.5148 ], [ -122.07974, 37.51598 ], [ -122.08085, 37.51642 ], [ -122.08284, 37.51448 ], [ -122.08549, 37.51417 ], [ -122.08786, 37.51319 ], [ -122.08916, 37.51334 ], [ -122.08857, 37.5169 ], [ -122.09228, 37.51849 ], [ -122.09344, 37.52103 ], [ -122.09836, 37.52256 ], [ -122.10137, 37.52133 ], [ -122.10124, 37.51825 ], [ -122.11076, 37.50925 ], [ -122.11143, 37.51021 ], [ -122.112, 37.5288 ], [ -122.11942, 37.54297 ], [ -122.11785, 37.54446 ], [ -122.11874, 37.54592 ], [ -122.12202, 37.54792 ], [ -122.12866, 37.56051 ], [ -122.13392, 37.56289 ], [ -122.1362, 37.56822 ], [ -122.14439, 37.58185 ], [ -122.14701, 37.5884 ], [ -122.14655, 37.60209 ] ], [ [ -122.00115, 37.99867 ], [ -122.00291, 37.99228 ], [ -121.99126, 37.98411 ], [ -121.97803, 37.97401 ], [ -121.97727, 37.97403 ], [ -121.97548, 37.97553 ], [ -121.97023, 37.97197 ], [ -121.96832, 37.97317 ], [ -121.96388, 37.97283 ], [ -121.9585, 37.96838 ], [ -121.95851, 37.96753 ], [ -121.95363, 37.96492 ], [ -121.94879, 37.96314 ], [ -121.94525, 37.96361 ], [ -121.94046, 37.96774 ], [ -121.93996, 37.9665 ], [ -121.93595, 37.96651 ], [ -121.93537, 37.9669 ], [ -121.93538, 37.9683 ], [ -121.93302, 37.96835 ], [ -121.9329, 37.96204 ], [ -121.93234, 37.96166 ], [ -121.93046, 37.9618 ], [ -121.92838, 37.96321 ], [ -121.92759, 37.96608 ], [ -121.92456, 37.96888 ], [ -121.92146, 37.97057 ], [ -121.92197, 37.96992 ], [ -121.92171, 37.96941 ], [ -121.91936, 37.96932 ], [ -121.91921, 37.96254 ], [ -121.9147, 37.96216 ], [ -121.91462, 37.95514 ], [ -121.93917, 37.95585 ], [ -121.94023, 37.95511 ], [ -121.94457, 37.95413 ], [ -121.94681, 37.95119 ], [ -121.94808, 37.95108 ], [ -121.951, 37.95193 ], [ -121.95136, 37.95295 ], [ -121.95247, 37.95362 ], [ -121.95169, 37.95447 ], [ -121.9518, 37.95513 ], [ -121.95243, 37.95537 ], [ -121.95667, 37.9526 ], [ -121.95662, 37.95184 ], [ -121.95092, 37.9485 ], [ -121.95079, 37.94141 ], [ -121.94427, 37.94123 ], [ -121.94426, 37.93734 ], [ -121.94537, 37.93731 ], [ -121.9458, 37.93683 ], [ -121.94486, 37.93398 ], [ -121.95684, 37.934 ], [ -121.95809, 37.93121 ], [ -121.96035, 37.92925 ], [ -121.96745, 37.92599 ], [ -121.96971, 37.92429 ], [ -121.98152, 37.91098 ], [ -121.9897, 37.89957 ], [ -121.98959, 37.89897 ], [ -121.98817, 37.89812 ], [ -121.98877, 37.89707 ], [ -121.98801, 37.89474 ], [ -121.98546, 37.89217 ], [ -121.98179, 37.8899 ], [ -121.97759, 37.88537 ], [ -121.9629, 37.88821 ], [ -121.94074, 37.88815 ], [ -121.9409, 37.88198 ], [ -121.9404, 37.88147 ], [ -121.91406, 37.88194 ], [ -121.91438, 37.86227 ], [ -121.91099, 37.85834 ], [ -121.91084, 37.84629 ], [ -121.89339, 37.84609 ], [ -121.89579, 37.83874 ], [ -121.89543, 37.83818 ], [ -121.86297, 37.83362 ], [ -121.86418, 37.83122 ], [ -121.86408, 37.82971 ], [ -121.86607, 37.82611 ], [ -121.86875, 37.82205 ], [ -121.87163, 37.81975 ], [ -121.87186, 37.81719 ], [ -121.87479, 37.81316 ], [ -121.87498, 37.81108 ], [ -121.87614, 37.80986 ], [ -121.87535, 37.80916 ], [ -121.87338, 37.80914 ], [ -121.86666, 37.80721 ], [ -121.86131, 37.80412 ], [ -121.86061, 37.80451 ], [ -121.86062, 37.80633 ], [ -121.85876, 37.80831 ], [ -121.86037, 37.8061 ], [ -121.86015, 37.80414 ], [ -121.86186, 37.79934 ], [ -121.86392, 37.79742 ], [ -121.86502, 37.79496 ], [ -121.86379, 37.79096 ], [ -121.86418, 37.78839 ], [ -121.8617, 37.77584 ], [ -121.86633, 37.76541 ], [ -121.86808, 37.75664 ], [ -121.86944, 37.75554 ], [ -121.873, 37.75429 ], [ -121.87569, 37.75131 ], [ -121.87475, 37.74965 ], [ -121.87157, 37.74946 ], [ -121.87162, 37.74317 ], [ -121.87042, 37.74025 ], [ -121.85073, 37.74494 ], [ -121.85053, 37.7312 ], [ -121.84161, 37.73096 ], [ -121.84124, 37.72383 ], [ -121.83255, 37.72374 ], [ -121.83244, 37.70924 ], [ -121.83346, 37.70874 ], [ -121.83338, 37.70121 ], [ -121.91638, 37.70202 ], [ -121.92261, 37.70113 ], [ -121.93498, 37.69852 ], [ -121.95618, 37.69861 ], [ -121.96797, 37.69737 ], [ -121.97273, 37.69771 ], [ -121.97282, 37.69763 ] ], [ [ -122.40972, 38.39475 ], [ -122.41006, 38.40664 ], [ -122.39328, 38.40676 ], [ -122.39176, 38.40842 ], [ -122.39194, 38.40899 ], [ -122.39413, 38.41013 ], [ -122.39507, 38.40891 ], [ -122.3972, 38.40764 ], [ -122.39761, 38.40988 ], [ -122.40116, 38.40974 ], [ -122.40122, 38.41474 ], [ -122.39568, 38.41162 ], [ -122.39547, 38.41292 ], [ -122.38962, 38.41816 ], [ -122.38737, 38.41522 ], [ -122.38205, 38.41137 ], [ -122.37901, 38.41181 ], [ -122.37032, 38.40834 ], [ -122.36676, 38.41027 ], [ -122.36596, 38.41357 ], [ -122.36727, 38.41552 ], [ -122.37038, 38.41766 ], [ -122.37127, 38.41999 ], [ -122.37036, 38.42127 ], [ -122.37332, 38.42293 ], [ -122.37431, 38.42443 ], [ -122.3736, 38.42469 ], [ -122.37346, 38.42558 ], [ -122.37552, 38.42886 ], [ -122.37415, 38.43356 ], [ -122.37271, 38.43544 ], [ -122.37317, 38.43834 ], [ -122.37384, 38.4389 ], [ -122.36536, 38.44406 ], [ -122.36535, 38.4446 ], [ -122.36795, 38.44744 ], [ -122.36076, 38.45063 ], [ -122.35953, 38.44922 ], [ -122.35346, 38.44513 ], [ -122.35138, 38.43962 ], [ -122.34587, 38.43158 ], [ -122.34117, 38.42762 ], [ -122.35708, 38.41418 ], [ -122.35211, 38.40914 ], [ -122.35611, 38.40602 ], [ -122.35621, 38.40546 ], [ -122.35016, 38.39978 ], [ -122.35567, 38.39543 ], [ -122.35389, 38.39301 ], [ -122.3701, 38.38578 ], [ -122.37391, 38.39076 ], [ -122.37521, 38.39073 ], [ -122.37791, 38.38717 ], [ -122.37755, 38.38328 ], [ -122.37797, 38.3821 ], [ -122.3819, 38.37988 ], [ -122.38258, 38.3803 ], [ -122.39556, 38.38022 ], [ -122.39585, 38.38364 ], [ -122.40021, 38.38376 ], [ -122.40076, 38.39433 ], [ -122.40972, 38.39475 ] ], [ [ -122.30747, 38.20846 ], [ -122.30734, 38.20628 ], [ -122.30652, 38.20639 ], [ -122.30567, 38.20869 ], [ -122.28388, 38.20195 ], [ -122.28138, 38.20198 ], [ -122.2808, 38.20242 ], [ -122.2805, 38.20556 ], [ -122.2658, 38.20847 ], [ -122.26562, 38.20906 ], [ -122.26724, 38.21162 ], [ -122.25669, 38.21171 ], [ -122.258, 38.22313 ], [ -122.25337, 38.22293 ], [ -122.25314, 38.22845 ], [ -122.25356, 38.22926 ], [ -122.26043, 38.23428 ], [ -122.2672, 38.24015 ], [ -122.26868, 38.24356 ], [ -122.27143, 38.25379 ], [ -122.27077, 38.26392 ], [ -122.27148, 38.26881 ], [ -122.25531, 38.26813 ], [ -122.25528, 38.27251 ], [ -122.25152, 38.27492 ], [ -122.25236, 38.27753 ], [ -122.25508, 38.27726 ], [ -122.2656, 38.27795 ], [ -122.26574, 38.27913 ], [ -122.26707, 38.27935 ], [ -122.26801, 38.27908 ], [ -122.26819, 38.27809 ], [ -122.2737, 38.27831 ], [ -122.27443, 38.28052 ], [ -122.2838, 38.28157 ], [ -122.28449, 38.2813 ], [ -122.28343, 38.27942 ], [ -122.28191, 38.2783 ], [ -122.28306, 38.27455 ], [ -122.28644, 38.27214 ], [ -122.28695, 38.27063 ], [ -122.28589, 38.26733 ], [ -122.2845, 38.26507 ], [ -122.28664, 38.26138 ], [ -122.28609, 38.25981 ], [ -122.28393, 38.25866 ], [ -122.28366, 38.25673 ], [ -122.28471, 38.25388 ], [ -122.28467, 38.24564 ], [ -122.2854, 38.24385 ], [ -122.29555, 38.24646 ], [ -122.296, 38.24581 ], [ -122.30793, 38.23882 ], [ -122.30603, 38.23646 ], [ -122.30685, 38.23539 ], [ -122.30342, 38.23192 ], [ -122.30486, 38.22878 ], [ -122.30333, 38.22698 ], [ -122.30687, 38.22585 ], [ -122.31045, 38.22056 ], [ -122.31073, 38.21866 ], [ -122.30993, 38.2155 ], [ -122.30675, 38.20903 ], [ -122.30747, 38.20846 ] ], [ [ -121.91296, 37.63166 ], [ -121.91231, 37.63267 ], [ -121.9056, 37.63249 ], [ -121.89742, 37.63728 ], [ -121.89713, 37.64179 ], [ -121.89628, 37.64147 ], [ -121.89572, 37.642 ], [ -121.89781, 37.64391 ], [ -121.89693, 37.64475 ], [ -121.89773, 37.64754 ], [ -121.90204, 37.65355 ], [ -121.90161, 37.65462 ], [ -121.90396, 37.65569 ], [ -121.90511, 37.65537 ], [ -121.90647, 37.66157 ], [ -121.90908, 37.66595 ], [ -121.91101, 37.67153 ], [ -121.89838, 37.67685 ], [ -121.8959, 37.6753 ], [ -121.89514, 37.67531 ], [ -121.89462, 37.6764 ], [ -121.89583, 37.67672 ], [ -121.89628, 37.6777 ], [ -121.89181, 37.67953 ], [ -121.88457, 37.68335 ], [ -121.88455, 37.68392 ], [ -121.88683, 37.68625 ], [ -121.87815, 37.68889 ], [ -121.87718, 37.6861 ], [ -121.87129, 37.68199 ], [ -121.86892, 37.68192 ], [ -121.86641, 37.67979 ], [ -121.86648, 37.67849 ], [ -121.86435, 37.67694 ], [ -121.86364, 37.67688 ], [ -121.8613, 37.67897 ], [ -121.86054, 37.67876 ], [ -121.86, 37.67923 ], [ -121.86014, 37.68182 ], [ -121.86265, 37.682 ], [ -121.86258, 37.69131 ], [ -121.85467, 37.69129 ], [ -121.85425, 37.69173 ], [ -121.85424, 37.69376 ], [ -121.84913, 37.69369 ], [ -121.84855, 37.68705 ], [ -121.84898, 37.68594 ], [ -121.84877, 37.68076 ], [ -121.85001, 37.67944 ], [ -121.85014, 37.67602 ], [ -121.84673, 37.6758 ], [ -121.83754, 37.67886 ], [ -121.83757, 37.67374 ], [ -121.83714, 37.67328 ], [ -121.82678, 37.67434 ], [ -121.82615, 37.67391 ], [ -121.82373, 37.67415 ], [ -121.82373, 37.67345 ], [ -121.82554, 37.67317 ], [ -121.82597, 37.67269 ], [ -121.82534, 37.67128 ], [ -121.82376, 37.67108 ], [ -121.82371, 37.66256 ], [ -121.80608, 37.65555 ], [ -121.80566, 37.65094 ], [ -121.80455, 37.64764 ], [ -121.79986, 37.64243 ], [ -121.79905, 37.64032 ], [ -121.79957, 37.63672 ], [ -121.80152, 37.63542 ], [ -121.80205, 37.63404 ], [ -121.80228, 37.62947 ], [ -121.80776, 37.62571 ], [ -121.80889, 37.62413 ], [ -121.81007, 37.62474 ], [ -121.81142, 37.62364 ], [ -121.87936, 37.62352 ], [ -121.87989, 37.62309 ], [ -121.87978, 37.62169 ], [ -121.87702, 37.61625 ], [ -121.88184, 37.61513 ], [ -121.88442, 37.61523 ], [ -121.8844, 37.61626 ], [ -121.88639, 37.61676 ], [ -121.88664, 37.61921 ], [ -121.88756, 37.61957 ], [ -121.8891, 37.61879 ], [ -121.88874, 37.61743 ], [ -121.88975, 37.61484 ], [ -121.88956, 37.61237 ], [ -121.89168, 37.61435 ], [ -121.89235, 37.61572 ], [ -121.89543, 37.61691 ], [ -121.89623, 37.61678 ], [ -121.89756, 37.61504 ], [ -121.89906, 37.61635 ], [ -121.90231, 37.62186 ], [ -121.90727, 37.62565 ], [ -121.90955, 37.62652 ], [ -121.91225, 37.62986 ], [ -121.91296, 37.63166 ] ], [ [ -121.869, 37.95638 ], [ -121.86897, 37.98301 ], [ -121.86109, 37.98315 ], [ -121.86054, 37.98348 ], [ -121.86085, 37.998 ], [ -121.8567, 37.998 ], [ -121.85611, 37.99837 ], [ -121.85663, 38.00527 ], [ -121.85573, 38.0088 ], [ -121.83775, 38.00388 ], [ -121.83381, 38.00702 ], [ -121.83421, 38.00771 ], [ -121.8449, 38.01001 ], [ -121.84246, 38.01314 ], [ -121.84238, 38.02047 ], [ -121.83836, 38.02416 ], [ -121.83824, 38.02486 ], [ -121.83714, 38.02459 ], [ -121.83557, 38.02556 ], [ -121.8342, 38.02406 ], [ -121.82617, 38.02432 ], [ -121.81734, 38.01836 ], [ -121.80464, 38.01648 ], [ -121.80391, 38.0174 ], [ -121.80026, 38.01746 ], [ -121.78914, 38.01549 ], [ -121.78591, 38.01548 ], [ -121.78435, 38.01495 ], [ -121.77957, 38.01481 ], [ -121.77448, 38.0162 ], [ -121.77207, 38.01642 ], [ -121.76952, 38.01788 ], [ -121.76738, 38.01857 ], [ -121.76568, 38.01857 ], [ -121.76524, 38.01912 ], [ -121.76287, 38.01996 ], [ -121.76064, 38.0202 ], [ -121.75717, 38.01983 ], [ -121.75623, 38.01898 ], [ -121.75549, 38.01981 ], [ -121.75159, 38.01975 ], [ -121.75143, 38.01719 ], [ -121.75089, 38.0167 ], [ -121.75076, 38.00908 ], [ -121.75195, 38.00919 ], [ -121.75249, 38.00881 ], [ -121.75647, 37.99306 ], [ -121.75821, 37.99067 ], [ -121.75773, 37.99027 ], [ -121.7551, 37.9899 ], [ -121.75186, 37.98847 ], [ -121.75026, 37.98704 ], [ -121.73941, 37.97136 ], [ -121.739, 37.96877 ], [ -121.73988, 37.96578 ], [ -121.74322, 37.96169 ], [ -121.75015, 37.96175 ], [ -121.75075, 37.96137 ], [ -121.75102, 37.93257 ], [ -121.75541, 37.93226 ], [ -121.75553, 37.92528 ], [ -121.77757, 37.92526 ], [ -121.77811, 37.92484 ], [ -121.77863, 37.92085 ], [ -121.78497, 37.92191 ], [ -121.80468, 37.92993 ], [ -121.80511, 37.93236 ], [ -121.81274, 37.9324 ], [ -121.81694, 37.93415 ], [ -121.82064, 37.93468 ], [ -121.82205, 37.93552 ], [ -121.82222, 37.93741 ], [ -121.82404, 37.93836 ], [ -121.82404, 37.9389 ], [ -121.80605, 37.93899 ], [ -121.80307, 37.93967 ], [ -121.80295, 37.94022 ], [ -121.8066, 37.94574 ], [ -121.80543, 37.94744 ], [ -121.80529, 37.95059 ], [ -121.80422, 37.95196 ], [ -121.80335, 37.95233 ], [ -121.80358, 37.95321 ], [ -121.80551, 37.95387 ], [ -121.82081, 37.95374 ], [ -121.82128, 37.95332 ], [ -121.82098, 37.95277 ], [ -121.83063, 37.94799 ], [ -121.83135, 37.94697 ], [ -121.83391, 37.94633 ], [ -121.83482, 37.9453 ], [ -121.83582, 37.94534 ], [ -121.83727, 37.94726 ], [ -121.84193, 37.94891 ], [ -121.84595, 37.95273 ], [ -121.84433, 37.95724 ], [ -121.84316, 37.95545 ], [ -121.84065, 37.9556 ], [ -121.83946, 37.95654 ], [ -121.83859, 37.95957 ], [ -121.8355, 37.95969 ], [ -121.83396, 37.96092 ], [ -121.83181, 37.96143 ], [ -121.8309, 37.96381 ], [ -121.82933, 37.96516 ], [ -121.82988, 37.96559 ], [ -121.83446, 37.96601 ], [ -121.83759, 37.96767 ], [ -121.83814, 37.96862 ], [ -121.85127, 37.96872 ], [ -121.85128, 37.98266 ], [ -121.85176, 37.98317 ], [ -121.85462, 37.98309 ], [ -121.85569, 37.98109 ], [ -121.8573, 37.98039 ], [ -121.85839, 37.97879 ], [ -121.86159, 37.97623 ], [ -121.86151, 37.97449 ], [ -121.86357, 37.9685 ], [ -121.86355, 37.96563 ], [ -121.8627, 37.96243 ], [ -121.86295, 37.95929 ], [ -121.86381, 37.9576 ], [ -121.86547, 37.95613 ], [ -121.869, 37.95638 ] ] ] } }
]
}
