{
"type": "FeatureCollection",
"name": "zips",
"crs": { "type": "name", "properties": { "name": "urn:ogc:def:crs:OGC:1.3:CRS84" } },
"xy_coordinate_resolution": 1e-05,
"features": [
{ "type": "Feature", "properties": { "zip_code": "95472", "county": "Sonoma", "band": null, "band_source": "routed", "drive_min": 78.7, "distance_mi": 51.4, "memberships": 9, "regular": 9.0, "associate": 0.0, "median_age": 70.0, "age_note": null, "pt_lon": -122.87822, "pt_lat": 38.40265 }, "geometry": { "type": "Polygon", "coordinates": [ [ [ -123.00876, 38.45853 ], [ -123.00646, 38.46007 ], [ -123.00348, 38.45857 ], [ -123.00099, 38.459 ], [ -122.99832, 38.45797 ], [ -122.99635, 38.45628 ], [ -122.99222, 38.45596 ], [ -122.98824, 38.45356 ], [ -122.98647, 38.45384 ], [ -122.98438, 38.45506 ], [ -122.97978, 38.45575 ], [ -122.97697, 38.45874 ], [ -122.97522, 38.45963 ], [ -122.97511, 38.46147 ], [ -122.96996, 38.46158 ], [ -122.96928, 38.4628 ], [ -122.96511, 38.4648 ], [ -122.96347, 38.4645 ], [ -122.96082, 38.46135 ], [ -122.9596, 38.46127 ], [ -122.95881, 38.46013 ], [ -122.95729, 38.45989 ], [ -122.95636, 38.46025 ], [ -122.95657, 38.46162 ], [ -122.955, 38.46145 ], [ -122.95376, 38.46245 ], [ -122.95418, 38.46363 ], [ -122.95323, 38.46624 ], [ -122.94892, 38.46667 ], [ -122.94926, 38.46438 ], [ -122.94844, 38.4624 ], [ -122.94809, 38.46298 ], [ -122.94584, 38.46259 ], [ -122.94499, 38.46144 ], [ -122.9448, 38.46354 ], [ -122.94198, 38.46438 ], [ -122.94223, 38.47328 ], [ -122.9361, 38.4733 ], [ -122.93606, 38.4611 ], [ -122.93505, 38.45873 ], [ -122.90861, 38.45877 ], [ -122.90191, 38.45936 ], [ -122.90041, 38.45303 ], [ -122.89912, 38.45251 ], [ -122.89748, 38.45279 ], [ -122.8975, 38.45405 ], [ -122.89381, 38.45461 ], [ -122.894, 38.4567 ], [ -122.8967, 38.46338 ], [ -122.89353, 38.46446 ], [ -122.89056, 38.46622 ], [ -122.88988, 38.46734 ], [ -122.8892, 38.46755 ], [ -122.88682, 38.46569 ], [ -122.88393, 38.46099 ], [ -122.88007, 38.46265 ], [ -122.87851, 38.46267 ], [ -122.87692, 38.46112 ], [ -122.87632, 38.46204 ], [ -122.86747, 38.46207 ], [ -122.86849, 38.46366 ], [ -122.87402, 38.46827 ], [ -122.86898, 38.47124 ], [ -122.86679, 38.47067 ], [ -122.8648, 38.47462 ], [ -122.86214, 38.47425 ], [ -122.86128, 38.47578 ], [ -122.8595, 38.47671 ], [ -122.8607, 38.47875 ], [ -122.85966, 38.4794 ], [ -122.8532, 38.48104 ], [ -122.85161, 38.48201 ], [ -122.85055, 38.47866 ], [ -122.85321, 38.47862 ], [ -122.85319, 38.47677 ], [ -122.85554, 38.47675 ], [ -122.85552, 38.47218 ], [ -122.85263, 38.47221 ], [ -122.85183, 38.4695 ], [ -122.84891, 38.46947 ], [ -122.84857, 38.46318 ], [ -122.84682, 38.46022 ], [ -122.84677, 38.45823 ], [ -122.85395, 38.45821 ], [ -122.8568, 38.45681 ], [ -122.85685, 38.45445 ], [ -122.85022, 38.45457 ], [ -122.84757, 38.45099 ], [ -122.83464, 38.45217 ], [ -122.83601, 38.44735 ], [ -122.83872, 38.44466 ], [ -122.83884, 38.4348 ], [ -122.83789, 38.43419 ], [ -122.83588, 38.43421 ], [ -122.83471, 38.4334 ], [ -122.83465, 38.4314 ], [ -122.83352, 38.43057 ], [ -122.8303, 38.43056 ], [ -122.82971, 38.4299 ], [ -122.82952, 38.42581 ], [ -122.82768, 38.42307 ], [ -122.82387, 38.42036 ], [ -122.82474, 38.41657 ], [ -122.82248, 38.41548 ], [ -122.82032, 38.41598 ], [ -122.81932, 38.41476 ], [ -122.81508, 38.41218 ], [ -122.81712, 38.40932 ], [ -122.8126, 38.40934 ], [ -122.81258, 38.41962 ], [ -122.81052, 38.42325 ], [ -122.80963, 38.42326 ], [ -122.80963, 38.4206 ], [ -122.80887, 38.42058 ], [ -122.80856, 38.42326 ], [ -122.79501, 38.42332 ], [ -122.795, 38.41975 ], [ -122.79728, 38.41965 ], [ -122.79683, 38.41458 ], [ -122.7983, 38.41433 ], [ -122.79914, 38.41138 ], [ -122.79802, 38.40992 ], [ -122.81638, 38.40347 ], [ -122.81638, 38.40109 ], [ -122.81561, 38.40119 ], [ -122.81567, 38.39991 ], [ -122.81397, 38.39798 ], [ -122.81229, 38.39723 ], [ -122.80828, 38.39617 ], [ -122.80039, 38.3958 ], [ -122.79898, 38.39458 ], [ -122.79715, 38.39065 ], [ -122.79708, 38.38671 ], [ -122.79806, 38.38517 ], [ -122.79411, 38.38234 ], [ -122.78757, 38.38312 ], [ -122.78767, 38.38685 ], [ -122.78111, 38.38697 ], [ -122.77998, 38.3877 ], [ -122.78498, 38.39289 ], [ -122.78075, 38.39555 ], [ -122.76885, 38.38567 ], [ -122.76879, 38.36608 ], [ -122.76648, 38.3655 ], [ -122.76173, 38.36207 ], [ -122.75615, 38.36008 ], [ -122.75343, 38.35635 ], [ -122.75056, 38.35436 ], [ -122.75084, 38.34012 ], [ -122.74857, 38.33805 ], [ -122.74956, 38.33457 ], [ -122.75174, 38.33501 ], [ -122.75853, 38.33362 ], [ -122.76022, 38.33137 ], [ -122.7607, 38.32858 ], [ -122.7635, 38.32858 ], [ -122.76475, 38.32603 ], [ -122.76847, 38.32608 ], [ -122.76851, 38.32962 ], [ -122.76959, 38.32969 ], [ -122.76956, 38.32595 ], [ -122.77765, 38.32595 ], [ -122.77771, 38.32909 ], [ -122.78715, 38.32903 ], [ -122.78871, 38.32843 ], [ -122.80537, 38.32843 ], [ -122.80542, 38.33126 ], [ -122.80946, 38.33248 ], [ -122.81, 38.33231 ], [ -122.80988, 38.32643 ], [ -122.81434, 38.32645 ], [ -122.81503, 38.32796 ], [ -122.8237, 38.32802 ], [ -122.82367, 38.32874 ], [ -122.82491, 38.32873 ], [ -122.82495, 38.33553 ], [ -122.83307, 38.33619 ], [ -122.83611, 38.33759 ], [ -122.83423, 38.33806 ], [ -122.84073, 38.33865 ], [ -122.84466, 38.34418 ], [ -122.8471, 38.34425 ], [ -122.8455, 38.33976 ], [ -122.85705, 38.34231 ], [ -122.85583, 38.34114 ], [ -122.86993, 38.34442 ], [ -122.86986, 38.34162 ], [ -122.87067, 38.33969 ], [ -122.87643, 38.33953 ], [ -122.88078, 38.3386 ], [ -122.88131, 38.33203 ], [ -122.88289, 38.32797 ], [ -122.88761, 38.32803 ], [ -122.8882, 38.34584 ], [ -122.89101, 38.35003 ], [ -122.88849, 38.35061 ], [ -122.88821, 38.35613 ], [ -122.89418, 38.35483 ], [ -122.8967, 38.35339 ], [ -122.89996, 38.35287 ], [ -122.90341, 38.35171 ], [ -122.90456, 38.3506 ], [ -122.90963, 38.34932 ], [ -122.9124, 38.35015 ], [ -122.91632, 38.34952 ], [ -122.92129, 38.35464 ], [ -122.92082, 38.35681 ], [ -122.91654, 38.3609 ], [ -122.91626, 38.36368 ], [ -122.91473, 38.36449 ], [ -122.9214, 38.3645 ], [ -122.9234, 38.36344 ], [ -122.9256, 38.36451 ], [ -122.92922, 38.36452 ], [ -122.92904, 38.37978 ], [ -122.92639, 38.37804 ], [ -122.92307, 38.37909 ], [ -122.9251, 38.37862 ], [ -122.93224, 38.38123 ], [ -122.93302, 38.38491 ], [ -122.93203, 38.38581 ], [ -122.93133, 38.39134 ], [ -122.93242, 38.39218 ], [ -122.93374, 38.39139 ], [ -122.93767, 38.39333 ], [ -122.94021, 38.39698 ], [ -122.94071, 38.39955 ], [ -122.9438, 38.40264 ], [ -122.94732, 38.40403 ], [ -122.94774, 38.40794 ], [ -122.95129, 38.41283 ], [ -122.95182, 38.41926 ], [ -122.95472, 38.4232 ], [ -122.95929, 38.42529 ], [ -122.95972, 38.42717 ], [ -122.96242, 38.43031 ], [ -122.9721, 38.43413 ], [ -122.97611, 38.44005 ], [ -122.97589, 38.44285 ], [ -122.98001, 38.44458 ], [ -122.98092, 38.44584 ], [ -122.98095, 38.44878 ], [ -123.00033, 38.4487 ], [ -122.99961, 38.4509 ], [ -123.00054, 38.45363 ], [ -123.00226, 38.45403 ], [ -123.0052, 38.45642 ], [ -123.00795, 38.45703 ], [ -123.00876, 38.45853 ] ], [ [ -122.87395, 38.43358 ], [ -122.8734, 38.4295 ], [ -122.86958, 38.42599 ], [ -122.86511, 38.42764 ], [ -122.86576, 38.43203 ], [ -122.8657, 38.4343 ], [ -122.86489, 38.43426 ], [ -122.8652, 38.43624 ], [ -122.86725, 38.43646 ], [ -122.86782, 38.44123 ], [ -122.86986, 38.44139 ], [ -122.86893, 38.43906 ], [ -122.87005, 38.43893 ], [ -122.86978, 38.43627 ], [ -122.87258, 38.43619 ], [ -122.87395, 38.43358 ] ] ] } },
{ "type": "Feature", "properties": { "zip_code": "94559", "county": "Napa", "band": 60.0, "band_source": "routed", "drive_min": 54.3, "distance_mi": 36.9, "memberships": 2, "regular": null, "associate": null, "median_age": null, "age_note": "suppressed", "pt_lon": -122.34134, "pt_lat": 38.24944 }, "geometry": { "type": "Polygon", "coordinates": [ [ [ -122.38907, 38.26439 ], [ -122.38927, 38.26787 ], [ -122.37709, 38.27962 ], [ -122.37855, 38.28418 ], [ -122.38677, 38.29809 ], [ -122.37863, 38.30146 ], [ -122.37256, 38.2924 ], [ -122.37249, 38.29049 ], [ -122.36001, 38.2897 ], [ -122.34743, 38.27992 ], [ -122.33505, 38.27888 ], [ -122.33377, 38.2768 ], [ -122.33472, 38.27401 ], [ -122.33126, 38.27009 ], [ -122.33002, 38.2722 ], [ -122.32646, 38.2747 ], [ -122.32478, 38.27805 ], [ -122.32534, 38.28125 ], [ -122.32475, 38.27987 ], [ -122.32175, 38.27733 ], [ -122.32077, 38.27513 ], [ -122.32113, 38.27294 ], [ -122.31964, 38.26868 ], [ -122.31846, 38.26732 ], [ -122.31987, 38.26583 ], [ -122.31853, 38.26159 ], [ -122.31215, 38.25883 ], [ -122.30638, 38.25836 ], [ -122.30645, 38.25983 ], [ -122.30242, 38.2608 ], [ -122.30066, 38.26219 ], [ -122.29935, 38.26619 ], [ -122.29899, 38.27465 ], [ -122.30223, 38.2922 ], [ -122.30184, 38.29628 ], [ -122.30478, 38.30679 ], [ -122.30153, 38.30734 ], [ -122.30127, 38.30642 ], [ -122.30096, 38.30696 ], [ -122.29825, 38.30734 ], [ -122.29838, 38.30791 ], [ -122.29501, 38.30851 ], [ -122.29474, 38.30799 ], [ -122.29438, 38.30862 ], [ -122.28939, 38.30952 ], [ -122.28788, 38.3077 ], [ -122.28508, 38.30856 ], [ -122.28514, 38.31023 ], [ -122.27645, 38.31065 ], [ -122.27444, 38.31163 ], [ -122.27573, 38.31316 ], [ -122.27179, 38.31373 ], [ -122.27036, 38.31467 ], [ -122.26954, 38.31227 ], [ -122.27089, 38.31115 ], [ -122.26633, 38.31175 ], [ -122.26746, 38.3109 ], [ -122.26646, 38.30765 ], [ -122.2643, 38.30634 ], [ -122.26238, 38.30806 ], [ -122.25963, 38.30736 ], [ -122.2591, 38.30424 ], [ -122.25765, 38.30356 ], [ -122.25819, 38.30267 ], [ -122.26043, 38.3025 ], [ -122.25989, 38.30184 ], [ -122.26123, 38.29823 ], [ -122.26348, 38.29793 ], [ -122.2654, 38.29863 ], [ -122.26467, 38.3005 ], [ -122.26612, 38.30051 ], [ -122.26739, 38.29697 ], [ -122.27166, 38.29771 ], [ -122.27167, 38.29709 ], [ -122.26944, 38.29712 ], [ -122.26862, 38.29593 ], [ -122.26122, 38.29638 ], [ -122.25694, 38.29526 ], [ -122.2581, 38.29253 ], [ -122.26335, 38.29393 ], [ -122.26407, 38.28942 ], [ -122.2602, 38.28864 ], [ -122.26123, 38.28956 ], [ -122.25729, 38.29212 ], [ -122.25185, 38.29342 ], [ -122.25147, 38.29483 ], [ -122.25011, 38.29195 ], [ -122.2489, 38.29327 ], [ -122.24747, 38.29336 ], [ -122.24767, 38.29048 ], [ -122.24413, 38.2887 ], [ -122.24451, 38.29335 ], [ -122.24232, 38.29322 ], [ -122.24222, 38.29459 ], [ -122.24114, 38.29449 ], [ -122.24036, 38.29351 ], [ -122.24049, 38.29129 ], [ -122.23903, 38.29143 ], [ -122.23898, 38.29262 ], [ -122.2367, 38.29217 ], [ -122.23694, 38.28963 ], [ -122.23443, 38.28939 ], [ -122.23464, 38.28704 ], [ -122.22729, 38.28694 ], [ -122.22718, 38.27987 ], [ -122.21792, 38.27993 ], [ -122.21795, 38.28254 ], [ -122.21378, 38.27967 ], [ -122.2104, 38.28005 ], [ -122.20881, 38.27891 ], [ -122.20848, 38.27221 ], [ -122.21098, 38.27191 ], [ -122.21228, 38.27281 ], [ -122.21648, 38.26601 ], [ -122.21688, 38.26231 ], [ -122.21298, 38.25911 ], [ -122.20848, 38.25841 ], [ -122.20298, 38.25921 ], [ -122.19678, 38.25841 ], [ -122.19328, 38.25641 ], [ -122.19518, 38.25072 ], [ -122.19948, 38.25092 ], [ -122.2008, 38.24941 ], [ -122.20437, 38.2493 ], [ -122.20649, 38.25093 ], [ -122.20908, 38.25111 ], [ -122.21108, 38.25221 ], [ -122.21248, 38.24871 ], [ -122.21018, 38.24741 ], [ -122.20958, 38.24482 ], [ -122.20828, 38.24422 ], [ -122.20539, 38.24462 ], [ -122.20438, 38.24102 ], [ -122.20177, 38.24032 ], [ -122.19719, 38.23282 ], [ -122.19718, 38.23141 ], [ -122.19598, 38.23041 ], [ -122.19498, 38.22522 ], [ -122.19358, 38.22352 ], [ -122.19337, 38.22121 ], [ -122.19618, 38.21892 ], [ -122.19628, 38.21612 ], [ -122.19468, 38.21521 ], [ -122.19398, 38.21361 ], [ -122.19498, 38.21232 ], [ -122.19757, 38.21182 ], [ -122.19957, 38.21062 ], [ -122.20148, 38.21162 ], [ -122.20417, 38.2097 ], [ -122.20817, 38.21153 ], [ -122.21991, 38.21506 ], [ -122.22222, 38.21613 ], [ -122.22265, 38.21915 ], [ -122.22377, 38.22092 ], [ -122.22227, 38.22173 ], [ -122.22227, 38.2257 ], [ -122.22625, 38.22566 ], [ -122.22619, 38.22151 ], [ -122.23263, 38.22152 ], [ -122.23412, 38.22012 ], [ -122.23707, 38.22115 ], [ -122.24521, 38.22126 ], [ -122.25326, 38.2226 ], [ -122.25349, 38.22921 ], [ -122.26719, 38.24014 ], [ -122.26867, 38.24354 ], [ -122.27143, 38.25379 ], [ -122.27077, 38.26396 ], [ -122.27148, 38.26881 ], [ -122.25493, 38.26801 ], [ -122.25528, 38.27251 ], [ -122.25143, 38.2748 ], [ -122.25215, 38.27754 ], [ -122.25506, 38.27726 ], [ -122.2656, 38.27795 ], [ -122.26554, 38.27927 ], [ -122.26714, 38.27936 ], [ -122.26788, 38.27927 ], [ -122.26819, 38.27809 ], [ -122.2737, 38.27831 ], [ -122.27401, 38.28048 ], [ -122.28521, 38.28168 ], [ -122.28191, 38.2783 ], [ -122.28306, 38.27456 ], [ -122.28649, 38.27213 ], [ -122.28697, 38.2706 ], [ -122.2845, 38.26507 ], [ -122.28668, 38.26152 ], [ -122.28617, 38.25983 ], [ -122.28393, 38.25866 ], [ -122.28366, 38.25672 ], [ -122.28471, 38.25391 ], [ -122.28467, 38.24563 ], [ -122.2854, 38.24385 ], [ -122.29762, 38.24716 ], [ -122.30022, 38.24841 ], [ -122.30181, 38.24979 ], [ -122.30358, 38.25401 ], [ -122.30637, 38.25802 ], [ -122.30533, 38.24884 ], [ -122.29599, 38.24581 ], [ -122.30829, 38.2387 ], [ -122.30603, 38.23646 ], [ -122.3072, 38.23572 ], [ -122.30342, 38.23192 ], [ -122.30493, 38.22874 ], [ -122.30333, 38.22698 ], [ -122.30683, 38.22594 ], [ -122.31044, 38.22061 ], [ -122.31074, 38.21869 ], [ -122.30994, 38.2155 ], [ -122.30675, 38.20904 ], [ -122.30746, 38.20858 ], [ -122.30781, 38.20605 ], [ -122.31318, 38.20139 ], [ -122.31535, 38.19784 ], [ -122.31432, 38.19275 ], [ -122.31493, 38.19225 ], [ -122.31776, 38.19347 ], [ -122.32369, 38.19993 ], [ -122.3243, 38.20181 ], [ -122.32373, 38.20371 ], [ -122.32013, 38.20549 ], [ -122.31977, 38.20733 ], [ -122.32072, 38.20782 ], [ -122.3201, 38.20698 ], [ -122.32092, 38.20543 ], [ -122.32414, 38.20422 ], [ -122.32506, 38.20129 ], [ -122.32603, 38.20138 ], [ -122.32601, 38.20385 ], [ -122.32667, 38.19884 ], [ -122.32614, 38.1981 ], [ -122.32556, 38.20053 ], [ -122.32091, 38.19664 ], [ -122.31722, 38.19207 ], [ -122.3173, 38.18661 ], [ -122.32335, 38.18554 ], [ -122.32485, 38.18697 ], [ -122.32552, 38.19061 ], [ -122.32584, 38.18721 ], [ -122.32751, 38.19184 ], [ -122.32893, 38.19372 ], [ -122.33395, 38.19278 ], [ -122.33744, 38.1911 ], [ -122.34081, 38.19161 ], [ -122.34235, 38.19025 ], [ -122.3463, 38.19056 ], [ -122.35029, 38.19252 ], [ -122.34903, 38.19355 ], [ -122.35038, 38.19608 ], [ -122.35035, 38.20162 ], [ -122.3522, 38.20288 ], [ -122.35354, 38.20512 ], [ -122.35634, 38.20689 ], [ -122.35708, 38.20861 ], [ -122.35902, 38.20958 ], [ -122.35804, 38.21471 ], [ -122.35992, 38.2305 ], [ -122.36679, 38.24701 ], [ -122.37039, 38.24692 ], [ -122.37048, 38.24532 ], [ -122.37459, 38.24452 ], [ -122.37386, 38.24744 ], [ -122.37719, 38.24842 ], [ -122.37729, 38.24992 ], [ -122.37899, 38.25071 ], [ -122.38249, 38.25411 ], [ -122.38434, 38.2545 ], [ -122.38559, 38.25671 ], [ -122.38816, 38.25834 ], [ -122.3899, 38.2607 ], [ -122.38907, 38.26439 ] ] ] } },
{ "type": "Feature", "properties": { "zip_code": "95404", "county": "Sonoma", "band": null, "band_source": "routed", "drive_min": 65.1, "distance_mi": 49.9, "memberships": 1, "regular": null, "associate": null, "median_age": null, "age_note": "suppressed", "pt_lon": -122.70398, "pt_lat": 38.45752 }, "geometry": { "type": "MultiPolygon", "coordinates": [ [ [ [ -122.69503, 38.37886 ], [ -122.69442, 38.37886 ], [ -122.69441, 38.37727 ], [ -122.69327, 38.37727 ], [ -122.69325, 38.37579 ], [ -122.69498, 38.37572 ], [ -122.69503, 38.37886 ] ] ], [ [ [ -122.74007, 38.5174 ], [ -122.73471, 38.51773 ], [ -122.73507, 38.51822 ], [ -122.72661, 38.51831 ], [ -122.72874, 38.52067 ], [ -122.72802, 38.52523 ], [ -122.73025, 38.52923 ], [ -122.72544, 38.53293 ], [ -122.72561, 38.53633 ], [ -122.72355, 38.53779 ], [ -122.72351, 38.54721 ], [ -122.72809, 38.54725 ], [ -122.72809, 38.55085 ], [ -122.73269, 38.55082 ], [ -122.7373, 38.55453 ], [ -122.73735, 38.55684 ], [ -122.73369, 38.55809 ], [ -122.72993, 38.5581 ], [ -122.72949, 38.56021 ], [ -122.72436, 38.56895 ], [ -122.72434, 38.58327 ], [ -122.68716, 38.58342 ], [ -122.68701, 38.57616 ], [ -122.68198, 38.57621 ], [ -122.68117, 38.57153 ], [ -122.68005, 38.57047 ], [ -122.67525, 38.56903 ], [ -122.67116, 38.569 ], [ -122.67167, 38.56788 ], [ -122.6707, 38.56096 ], [ -122.66526, 38.56066 ], [ -122.66631, 38.55436 ], [ -122.66485, 38.55519 ], [ -122.66386, 38.55504 ], [ -122.66138, 38.55332 ], [ -122.6569, 38.55449 ], [ -122.65048, 38.5514 ], [ -122.64484, 38.55318 ], [ -122.64469, 38.5493 ], [ -122.63219, 38.55289 ], [ -122.63202, 38.54947 ], [ -122.62753, 38.54938 ], [ -122.62727, 38.5471 ], [ -122.62625, 38.54686 ], [ -122.62582, 38.54522 ], [ -122.62426, 38.54434 ], [ -122.62457, 38.5424 ], [ -122.60917, 38.54209 ], [ -122.60909, 38.53867 ], [ -122.57367, 38.53872 ], [ -122.56982, 38.5331 ], [ -122.56947, 38.52966 ], [ -122.56663, 38.52863 ], [ -122.56664, 38.52554 ], [ -122.56361, 38.52537 ], [ -122.5619, 38.52679 ], [ -122.55713, 38.52549 ], [ -122.55278, 38.52569 ], [ -122.55062, 38.52213 ], [ -122.5482, 38.52205 ], [ -122.5518, 38.51887 ], [ -122.55253, 38.51892 ], [ -122.55313, 38.51785 ], [ -122.55503, 38.51741 ], [ -122.55753, 38.5155 ], [ -122.55847, 38.514 ], [ -122.56627, 38.51108 ], [ -122.56536, 38.50976 ], [ -122.5623, 38.50842 ], [ -122.56133, 38.50714 ], [ -122.56125, 38.50463 ], [ -122.56331, 38.49823 ], [ -122.56261, 38.49792 ], [ -122.56276, 38.49695 ], [ -122.56413, 38.49575 ], [ -122.56449, 38.50291 ], [ -122.56905, 38.50296 ], [ -122.56903, 38.49985 ], [ -122.5734, 38.49945 ], [ -122.57349, 38.49541 ], [ -122.57786, 38.49567 ], [ -122.57854, 38.50286 ], [ -122.60897, 38.50264 ], [ -122.6088, 38.49513 ], [ -122.61564, 38.4948 ], [ -122.61562, 38.49216 ], [ -122.61706, 38.4926 ], [ -122.62084, 38.49203 ], [ -122.62506, 38.49315 ], [ -122.62737, 38.49467 ], [ -122.63053, 38.4948 ], [ -122.63193, 38.49398 ], [ -122.64073, 38.49445 ], [ -122.64278, 38.49546 ], [ -122.64356, 38.49697 ], [ -122.64904, 38.49889 ], [ -122.65398, 38.49805 ], [ -122.65428, 38.49758 ], [ -122.65246, 38.49598 ], [ -122.6464, 38.49455 ], [ -122.6449, 38.49367 ], [ -122.64534, 38.49248 ], [ -122.6426, 38.49197 ], [ -122.64142, 38.49127 ], [ -122.64021, 38.48917 ], [ -122.63649, 38.48814 ], [ -122.63471, 38.48696 ], [ -122.64164, 38.48601 ], [ -122.6422, 38.48503 ], [ -122.64467, 38.48534 ], [ -122.64466, 38.48589 ], [ -122.64921, 38.48595 ], [ -122.64928, 38.48947 ], [ -122.65771, 38.4911 ], [ -122.65799, 38.4916 ], [ -122.65606, 38.49254 ], [ -122.65672, 38.49401 ], [ -122.65543, 38.49683 ], [ -122.66309, 38.49676 ], [ -122.66303, 38.50036 ], [ -122.66765, 38.50032 ], [ -122.66759, 38.50392 ], [ -122.6699, 38.50389 ], [ -122.66997, 38.49673 ], [ -122.67245, 38.49672 ], [ -122.67249, 38.4895 ], [ -122.67382, 38.48948 ], [ -122.67379, 38.48536 ], [ -122.67708, 38.48539 ], [ -122.67708, 38.48426 ], [ -122.67265, 38.4844 ], [ -122.67347, 38.48216 ], [ -122.67705, 38.48216 ], [ -122.67896, 38.47846 ], [ -122.67746, 38.47776 ], [ -122.67902, 38.4759 ], [ -122.67762, 38.47661 ], [ -122.67779, 38.47229 ], [ -122.68018, 38.47144 ], [ -122.67967, 38.47112 ], [ -122.67979, 38.46632 ], [ -122.67732, 38.46796 ], [ -122.6766, 38.46242 ], [ -122.67832, 38.45929 ], [ -122.68154, 38.45771 ], [ -122.68041, 38.45477 ], [ -122.68165, 38.45284 ], [ -122.68626, 38.45618 ], [ -122.68703, 38.46016 ], [ -122.68963, 38.46178 ], [ -122.68899, 38.46376 ], [ -122.69181, 38.46489 ], [ -122.6915, 38.46361 ], [ -122.69323, 38.4631 ], [ -122.69107, 38.46141 ], [ -122.69342, 38.46108 ], [ -122.69511, 38.4597 ], [ -122.69002, 38.4575 ], [ -122.68959, 38.45656 ], [ -122.69009, 38.45575 ], [ -122.68745, 38.45372 ], [ -122.68896, 38.45211 ], [ -122.69033, 38.45266 ], [ -122.69269, 38.44983 ], [ -122.6963, 38.45052 ], [ -122.69807, 38.44937 ], [ -122.69801, 38.44775 ], [ -122.70015, 38.44521 ], [ -122.70245, 38.44404 ], [ -122.70281, 38.44284 ], [ -122.70169, 38.44285 ], [ -122.70003, 38.43883 ], [ -122.69634, 38.4393 ], [ -122.69366, 38.43865 ], [ -122.69103, 38.43942 ], [ -122.68834, 38.43735 ], [ -122.68737, 38.43776 ], [ -122.68803, 38.43402 ], [ -122.68352, 38.43324 ], [ -122.68337, 38.43216 ], [ -122.68158, 38.43189 ], [ -122.6798, 38.43318 ], [ -122.68175, 38.43484 ], [ -122.6818, 38.43645 ], [ -122.6816, 38.43589 ], [ -122.67785, 38.4347 ], [ -122.67751, 38.43418 ], [ -122.67796, 38.43468 ], [ -122.67948, 38.43109 ], [ -122.67832, 38.4307 ], [ -122.67483, 38.42685 ], [ -122.67287, 38.42292 ], [ -122.66553, 38.41845 ], [ -122.66276, 38.41793 ], [ -122.66162, 38.41691 ], [ -122.65782, 38.4169 ], [ -122.65564, 38.41989 ], [ -122.64834, 38.41988 ], [ -122.64875, 38.44047 ], [ -122.64673, 38.43511 ], [ -122.64378, 38.43366 ], [ -122.63878, 38.42752 ], [ -122.63791, 38.4253 ], [ -122.635, 38.42518 ], [ -122.62468, 38.41341 ], [ -122.59143, 38.39835 ], [ -122.59142, 38.39737 ], [ -122.58854, 38.39579 ], [ -122.58481, 38.39424 ], [ -122.57693, 38.39309 ], [ -122.56832, 38.38778 ], [ -122.56536, 38.38672 ], [ -122.57082, 38.38699 ], [ -122.57427, 38.38855 ], [ -122.57573, 38.38791 ], [ -122.58216, 38.38855 ], [ -122.58553, 38.38779 ], [ -122.58347, 38.38302 ], [ -122.58345, 38.37938 ], [ -122.579, 38.37949 ], [ -122.57898, 38.37224 ], [ -122.56989, 38.37231 ], [ -122.56993, 38.37404 ], [ -122.56902, 38.37408 ], [ -122.56897, 38.37243 ], [ -122.56539, 38.37305 ], [ -122.56538, 38.37116 ], [ -122.56742, 38.37016 ], [ -122.57013, 38.36981 ], [ -122.57014, 38.3675 ], [ -122.56872, 38.36616 ], [ -122.56701, 38.36653 ], [ -122.56382, 38.36592 ], [ -122.56334, 38.36522 ], [ -122.55655, 38.36203 ], [ -122.55564, 38.36133 ], [ -122.55704, 38.35889 ], [ -122.55674, 38.35787 ], [ -122.56576, 38.35788 ], [ -122.56805, 38.35845 ], [ -122.5682, 38.35775 ], [ -122.58265, 38.35779 ], [ -122.58366, 38.35535 ], [ -122.5836, 38.35031 ], [ -122.58921, 38.35008 ], [ -122.59321, 38.35075 ], [ -122.59645, 38.35227 ], [ -122.5995, 38.35587 ], [ -122.5995, 38.35754 ], [ -122.62021, 38.35774 ], [ -122.62026, 38.35083 ], [ -122.63764, 38.35078 ], [ -122.6386, 38.34849 ], [ -122.64175, 38.34736 ], [ -122.64511, 38.34229 ], [ -122.64474, 38.34104 ], [ -122.64803, 38.33518 ], [ -122.65087, 38.33467 ], [ -122.6515, 38.33319 ], [ -122.65443, 38.33223 ], [ -122.65473, 38.33828 ], [ -122.65732, 38.33951 ], [ -122.66193, 38.33863 ], [ -122.66686, 38.33858 ], [ -122.66729, 38.35425 ], [ -122.68571, 38.35401 ], [ -122.68579, 38.365 ], [ -122.67638, 38.36509 ], [ -122.67645, 38.37237 ], [ -122.68811, 38.37218 ], [ -122.68797, 38.37657 ], [ -122.68696, 38.37947 ], [ -122.6874, 38.38123 ], [ -122.69511, 38.3814 ], [ -122.69508, 38.37992 ], [ -122.69592, 38.37992 ], [ -122.69593, 38.38031 ], [ -122.69961, 38.38029 ], [ -122.69964, 38.38137 ], [ -122.70585, 38.38186 ], [ -122.71105, 38.38341 ], [ -122.70775, 38.38312 ], [ -122.70506, 38.38686 ], [ -122.69965, 38.38685 ], [ -122.69956, 38.4018 ], [ -122.70686, 38.40183 ], [ -122.70694, 38.40485 ], [ -122.70412, 38.40502 ], [ -122.70407, 38.4092 ], [ -122.70727, 38.40917 ], [ -122.70747, 38.41042 ], [ -122.71348, 38.4097 ], [ -122.71349, 38.42091 ], [ -122.71555, 38.4201 ], [ -122.71485, 38.42424 ], [ -122.71554, 38.4313 ], [ -122.71119, 38.43108 ], [ -122.71274, 38.4373 ], [ -122.71562, 38.43646 ], [ -122.7125, 38.43827 ], [ -122.7146, 38.43827 ], [ -122.71379, 38.44143 ], [ -122.7177, 38.44564 ], [ -122.71688, 38.4461 ], [ -122.71675, 38.44751 ], [ -122.71765, 38.44788 ], [ -122.71759, 38.44884 ], [ -122.71593, 38.44879 ], [ -122.71588, 38.44973 ], [ -122.71755, 38.44978 ], [ -122.7175, 38.4507 ], [ -122.71618, 38.45113 ], [ -122.71728, 38.45658 ], [ -122.71718, 38.4588 ], [ -122.71618, 38.45878 ], [ -122.71583, 38.46052 ], [ -122.71716, 38.46101 ], [ -122.72217, 38.46947 ], [ -122.72018, 38.46979 ], [ -122.71647, 38.47371 ], [ -122.71448, 38.47325 ], [ -122.7133, 38.47154 ], [ -122.71016, 38.47316 ], [ -122.70938, 38.47262 ], [ -122.70873, 38.47617 ], [ -122.70713, 38.47743 ], [ -122.70909, 38.478 ], [ -122.70912, 38.47886 ], [ -122.70487, 38.47962 ], [ -122.70476, 38.4828 ], [ -122.70709, 38.48581 ], [ -122.7109, 38.48612 ], [ -122.70966, 38.48781 ], [ -122.7096, 38.48907 ], [ -122.70587, 38.48901 ], [ -122.70361, 38.48963 ], [ -122.70449, 38.49095 ], [ -122.70423, 38.49253 ], [ -122.70302, 38.49292 ], [ -122.70491, 38.49294 ], [ -122.70498, 38.49663 ], [ -122.71339, 38.49657 ], [ -122.71434, 38.49974 ], [ -122.71456, 38.5044 ], [ -122.71843, 38.5065 ], [ -122.7193, 38.50818 ], [ -122.72349, 38.50697 ], [ -122.72343, 38.50384 ], [ -122.73293, 38.5038 ], [ -122.73407, 38.50191 ], [ -122.73344, 38.50173 ], [ -122.73253, 38.49696 ], [ -122.73821, 38.50148 ], [ -122.73561, 38.50309 ], [ -122.73629, 38.50381 ], [ -122.73767, 38.50327 ], [ -122.74052, 38.50419 ], [ -122.74007, 38.5174 ] ] ] ] } },
{ "type": "Feature", "properties": { "zip_code": "94707", "county": "Alameda", "band": 30.0, "band_source": "routed", "drive_min": 20.0, "distance_mi": 9.0, "memberships": 16, "regular": 14.0, "associate": 2.0, "median_age": 56.0, "age_note": null, "pt_lon": -122.27887, "pt_lat": 37.90051 }, "geometry": { "type": "Polygon", "coordinates": [ [ [ -122.29104, 37.90415 ], [ -122.28846, 37.90562 ], [ -122.28906, 37.90908 ], [ -122.28718, 37.90991 ], [ -122.28908, 37.91425 ], [ -122.28255, 37.9189 ], [ -122.28121, 37.9187 ], [ -122.2785, 37.91532 ], [ -122.28139, 37.91323 ], [ -122.27994, 37.91128 ], [ -122.28047, 37.90823 ], [ -122.27937, 37.90692 ], [ -122.27878, 37.90755 ], [ -122.27792, 37.90602 ], [ -122.27787, 37.90315 ], [ -122.27279, 37.90419 ], [ -122.27087, 37.90138 ], [ -122.26973, 37.9021 ], [ -122.26916, 37.90153 ], [ -122.26987, 37.89996 ], [ -122.26853, 37.89479 ], [ -122.26774, 37.89313 ], [ -122.26681, 37.8931 ], [ -122.26717, 37.89043 ], [ -122.2655, 37.88619 ], [ -122.27288, 37.88566 ], [ -122.27454, 37.88489 ], [ -122.27496, 37.88534 ], [ -122.28198, 37.88161 ], [ -122.28176, 37.88056 ], [ -122.28305, 37.88105 ], [ -122.28197, 37.88458 ], [ -122.28045, 37.88576 ], [ -122.28436, 37.88701 ], [ -122.28311, 37.88868 ], [ -122.28447, 37.89106 ], [ -122.28705, 37.89092 ], [ -122.28669, 37.89851 ], [ -122.28715, 37.89837 ], [ -122.28709, 37.89956 ], [ -122.28805, 37.89931 ], [ -122.28865, 37.9036 ], [ -122.29104, 37.90415 ] ] ] } },
{ "type": "Feature", "properties": { "zip_code": "94158", "county": "San Francisco", "band": 45.0, "band_source": "routed", "drive_min": 32.7, "distance_mi": 19.2, "memberships": 0, "regular": null, "associate": null, "median_age": null, "age_note": null, "pt_lon": -122.39284, "pt_lat": 37.77334 }, "geometry": { "type": "Polygon", "coordinates": [ [ [ -122.39925, 37.77314 ], [ -122.39849, 37.77246 ], [ -122.39907, 37.77328 ], [ -122.39394, 37.77626 ], [ -122.39235, 37.77503 ], [ -122.39022, 37.77672 ], [ -122.39171, 37.77802 ], [ -122.3884, 37.78077 ], [ -122.38767, 37.78279 ], [ -122.38767, 37.7768 ], [ -122.38522, 37.76877 ], [ -122.38676, 37.764 ], [ -122.39271, 37.76408 ], [ -122.39447, 37.76658 ], [ -122.39665, 37.76783 ], [ -122.40037, 37.77168 ], [ -122.39925, 37.77314 ] ] ] } },
{ "type": "Feature", "properties": { "zip_code": "94525", "county": "Contra Costa", "band": 30.0, "band_source": "routed", "drive_min": 23.1, "distance_mi": 15.4, "memberships": 2, "regular": null, "associate": null, "median_age": null, "age_note": "suppressed", "pt_lon": -122.23204, "pt_lat": 38.04633 }, "geometry": { "type": "Polygon", "coordinates": [ [ [ -122.26021, 38.04268 ], [ -122.25822, 38.04522 ], [ -122.25658, 38.04901 ], [ -122.25532, 38.04976 ], [ -122.25075, 38.04822 ], [ -122.24854, 38.04955 ], [ -122.24781, 38.04877 ], [ -122.2455, 38.05047 ], [ -122.2429, 38.05098 ], [ -122.24158, 38.05186 ], [ -122.24132, 38.05533 ], [ -122.23561, 38.05508 ], [ -122.23438, 38.05695 ], [ -122.22669, 38.05698 ], [ -122.22474, 38.05612 ], [ -122.22422, 38.05771 ], [ -122.2139, 38.05689 ], [ -122.2029, 38.05399 ], [ -122.2059, 38.04929 ], [ -122.20613, 38.04618 ], [ -122.2124, 38.04594 ], [ -122.21578, 38.04185 ], [ -122.21421, 38.04003 ], [ -122.20937, 38.03804 ], [ -122.20872, 38.03608 ], [ -122.21007, 38.0349 ], [ -122.21247, 38.03526 ], [ -122.21519, 38.03694 ], [ -122.21637, 38.03654 ], [ -122.21725, 38.038 ], [ -122.22357, 38.04335 ], [ -122.2264, 38.04462 ], [ -122.22808, 38.04472 ], [ -122.23253, 38.04355 ], [ -122.23525, 38.04479 ], [ -122.23823, 38.04517 ], [ -122.24764, 38.03846 ], [ -122.2516, 38.03428 ], [ -122.25056, 38.0368 ], [ -122.25432, 38.03888 ], [ -122.25188, 38.04093 ], [ -122.25541, 38.04322 ], [ -122.25886, 38.04229 ], [ -122.26021, 38.04268 ] ] ] } },
{ "type": "Feature", "properties": { "zip_code": "95641", "county": "Sacramento", "band": null, "band_source": "routed", "drive_min": 75.1, "distance_mi": 57.4, "memberships": 1, "regular": null, "associate": null, "median_age": null, "age_note": "suppressed", "pt_lon": -121.64964, "pt_lat": 38.1644 }, "geometry": { "type": "MultiPolygon", "coordinates": [ [ [ [ -121.68593, 38.13391 ], [ -121.686, 38.1386 ], [ -121.68375, 38.14299 ], [ -121.68176, 38.15154 ], [ -121.67641, 38.1552 ], [ -121.68559, 38.1597 ], [ -121.68457, 38.16076 ], [ -121.68033, 38.16281 ], [ -121.6762, 38.16677 ], [ -121.67162, 38.17248 ], [ -121.66835, 38.17504 ], [ -121.66575, 38.17924 ], [ -121.65207, 38.17532 ], [ -121.65023, 38.17421 ], [ -121.63637, 38.17272 ], [ -121.62701, 38.16827 ], [ -121.62839, 38.16852 ], [ -121.62678, 38.16682 ], [ -121.61911, 38.16455 ], [ -121.61999, 38.16541 ], [ -121.61451, 38.16418 ], [ -121.60965, 38.16423 ], [ -121.60396, 38.16528 ], [ -121.59931, 38.16771 ], [ -121.59611, 38.17039 ], [ -121.58976, 38.1793 ], [ -121.58218, 38.18749 ], [ -121.57841, 38.18974 ], [ -121.56536, 38.19353 ], [ -121.56178, 38.1958 ], [ -121.55947, 38.19878 ], [ -121.55818, 38.20423 ], [ -121.5582, 38.2128 ], [ -121.55662, 38.22801 ], [ -121.55713, 38.23034 ], [ -121.5592, 38.23387 ], [ -121.5594, 38.23604 ], [ -121.55864, 38.23817 ], [ -121.55572, 38.24134 ], [ -121.55205, 38.24249 ], [ -121.54246, 38.24119 ], [ -121.53123, 38.23874 ], [ -121.51943, 38.2402 ], [ -121.51559, 38.24259 ], [ -121.51453, 38.24184 ], [ -121.51654, 38.24008 ], [ -121.51767, 38.23528 ], [ -121.52601, 38.22774 ], [ -121.52666, 38.22587 ], [ -121.53092, 38.2271 ], [ -121.53206, 38.22692 ], [ -121.53498, 38.22423 ], [ -121.5435, 38.22252 ], [ -121.54303, 38.21803 ], [ -121.54145, 38.21624 ], [ -121.53779, 38.2141 ], [ -121.53537, 38.2106 ], [ -121.53977, 38.2095 ], [ -121.541, 38.20779 ], [ -121.5399, 38.20222 ], [ -121.54386, 38.20022 ], [ -121.5451, 38.19924 ], [ -121.54705, 38.19587 ], [ -121.55625, 38.19008 ], [ -121.5611, 38.18625 ], [ -121.56562, 38.18464 ], [ -121.57113, 38.18172 ], [ -121.57658, 38.18133 ], [ -121.57832, 38.18 ], [ -121.58027, 38.17538 ], [ -121.57968, 38.17255 ], [ -121.58231, 38.16713 ], [ -121.58421, 38.16171 ], [ -121.58045, 38.1694 ], [ -121.57952, 38.17232 ], [ -121.57988, 38.17595 ], [ -121.57779, 38.18024 ], [ -121.57552, 38.18129 ], [ -121.57134, 38.18147 ], [ -121.56154, 38.18579 ], [ -121.55659, 38.18961 ], [ -121.5474, 38.19534 ], [ -121.54354, 38.20017 ], [ -121.54028, 38.20138 ], [ -121.53921, 38.20281 ], [ -121.53333, 38.20282 ], [ -121.52767, 38.20435 ], [ -121.5269, 38.20091 ], [ -121.52571, 38.19906 ], [ -121.52616, 38.19769 ], [ -121.52836, 38.1967 ], [ -121.52966, 38.19484 ], [ -121.52961, 38.19331 ], [ -121.52893, 38.19174 ], [ -121.52744, 38.19001 ], [ -121.5251, 38.1849 ], [ -121.52536, 38.18418 ], [ -121.52727, 38.1831 ], [ -121.52868, 38.18169 ], [ -121.52868, 38.18129 ], [ -121.52732, 38.18292 ], [ -121.52527, 38.18398 ], [ -121.52475, 38.18533 ], [ -121.52559, 38.18611 ], [ -121.52743, 38.19041 ], [ -121.52445, 38.18552 ], [ -121.525, 38.18387 ], [ -121.52711, 38.18286 ], [ -121.52781, 38.18102 ], [ -121.52607, 38.17891 ], [ -121.52612, 38.17712 ], [ -121.52461, 38.17484 ], [ -121.52436, 38.17232 ], [ -121.52511, 38.17128 ], [ -121.5293, 38.16902 ], [ -121.5314, 38.1631 ], [ -121.53346, 38.16267 ], [ -121.53397, 38.15968 ], [ -121.53615, 38.15816 ], [ -121.5362, 38.15728 ], [ -121.53454, 38.15576 ], [ -121.53631, 38.15158 ], [ -121.53762, 38.15121 ], [ -121.54058, 38.15198 ], [ -121.54266, 38.15083 ], [ -121.5434, 38.14757 ], [ -121.54442, 38.14726 ], [ -121.54692, 38.14811 ], [ -121.55174, 38.14536 ], [ -121.55338, 38.14541 ], [ -121.55918, 38.14389 ], [ -121.56014, 38.14213 ], [ -121.55729, 38.13912 ], [ -121.55769, 38.13675 ], [ -121.56244, 38.13598 ], [ -121.57189, 38.13151 ], [ -121.56675, 38.13263 ], [ -121.56274, 38.13054 ], [ -121.55995, 38.12065 ], [ -121.55674, 38.11782 ], [ -121.54677, 38.11724 ], [ -121.53629, 38.11934 ], [ -121.52839, 38.12184 ], [ -121.51702, 38.12294 ], [ -121.51189, 38.12111 ], [ -121.51028, 38.11948 ], [ -121.50543, 38.11666 ], [ -121.50141, 38.11622 ], [ -121.50139, 38.11517 ], [ -121.49828, 38.115 ], [ -121.50528, 38.11395 ], [ -121.54508, 38.1132 ], [ -121.55007, 38.11361 ], [ -121.55553, 38.11528 ], [ -121.57943, 38.12568 ], [ -121.58088, 38.12492 ], [ -121.58407, 38.12023 ], [ -121.5835, 38.11347 ], [ -121.58078, 38.11101 ], [ -121.5732, 38.1089 ], [ -121.56575, 38.10528 ], [ -121.56403, 38.10142 ], [ -121.56461, 38.09925 ], [ -121.56718, 38.09732 ], [ -121.56947, 38.09691 ], [ -121.5745, 38.10031 ], [ -121.578, 38.10114 ], [ -121.59319, 38.10277 ], [ -121.59555, 38.10486 ], [ -121.60402, 38.10832 ], [ -121.61313, 38.1078 ], [ -121.61395, 38.10864 ], [ -121.61539, 38.10669 ], [ -121.61739, 38.10575 ], [ -121.62775, 38.1039 ], [ -121.63034, 38.10233 ], [ -121.63362, 38.09779 ], [ -121.63409, 38.0927 ], [ -121.63482, 38.09133 ], [ -121.63724, 38.08985 ], [ -121.64465, 38.09149 ], [ -121.64628, 38.09348 ], [ -121.65011, 38.09477 ], [ -121.65125, 38.09597 ], [ -121.66139, 38.09824 ], [ -121.66696, 38.09814 ], [ -121.67509, 38.09593 ], [ -121.6798, 38.09315 ], [ -121.68184, 38.09089 ], [ -121.68354, 38.08725 ], [ -121.68506, 38.09441 ], [ -121.68485, 38.10129 ], [ -121.68228, 38.11049 ], [ -121.68196, 38.11405 ], [ -121.68318, 38.11752 ], [ -121.68285, 38.12238 ], [ -121.69063, 38.12305 ], [ -121.687, 38.12981 ], [ -121.68593, 38.13391 ] ], [ [ -121.52869, 38.18091 ], [ -121.52831, 38.18016 ], [ -121.52678, 38.17876 ], [ -121.52696, 38.17696 ], [ -121.52546, 38.175 ], [ -121.52519, 38.17343 ], [ -121.52583, 38.17173 ], [ -121.52953, 38.16985 ], [ -121.53039, 38.16888 ], [ -121.53219, 38.16382 ], [ -121.53405, 38.1635 ], [ -121.53454, 38.16248 ], [ -121.53209, 38.16343 ], [ -121.52964, 38.16936 ], [ -121.52586, 38.1713 ], [ -121.52491, 38.17416 ], [ -121.52668, 38.17715 ], [ -121.5266, 38.17905 ], [ -121.52868, 38.18129 ], [ -121.52869, 38.18091 ] ] ], [ [ [ -121.5288, 38.19177 ], [ -121.52934, 38.19396 ], [ -121.52907, 38.1953 ], [ -121.52829, 38.19628 ], [ -121.52602, 38.19741 ], [ -121.52477, 38.1996 ], [ -121.52213, 38.20191 ], [ -121.5256, 38.19728 ], [ -121.5289, 38.19533 ], [ -121.52915, 38.19383 ], [ -121.52818, 38.19164 ], [ -121.52743, 38.19041 ], [ -121.5288, 38.19177 ] ] ], [ [ [ -121.52087, 38.20302 ], [ -121.51975, 38.20337 ], [ -121.51502, 38.20318 ], [ -121.51371, 38.20254 ], [ -121.51054, 38.2043 ], [ -121.509, 38.20661 ], [ -121.50833, 38.20926 ], [ -121.50457, 38.21217 ], [ -121.50701, 38.21886 ], [ -121.50766, 38.22212 ], [ -121.50749, 38.22256 ], [ -121.50433, 38.21213 ], [ -121.50808, 38.20923 ], [ -121.5083, 38.20711 ], [ -121.50993, 38.20458 ], [ -121.51355, 38.20237 ], [ -121.51987, 38.20316 ], [ -121.52213, 38.20191 ], [ -121.52087, 38.20302 ] ] ] ] } },
{ "type": "Feature", "properties": { "zip_code": "94062", "county": "San Mateo", "band": null, "band_source": "routed", "drive_min": 78.8, "distance_mi": 55.2, "memberships": 1, "regular": null, "associate": null, "median_age": null, "age_note": "suppressed", "pt_lon": -122.29651, "pt_lat": 37.43799 }, "geometry": { "type": "MultiPolygon", "coordinates": [ [ [ [ -122.26228, 37.48395 ], [ -122.26191, 37.48604 ], [ -122.25959, 37.48608 ], [ -122.25714, 37.48411 ], [ -122.26112, 37.48377 ], [ -122.2614, 37.4844 ], [ -122.26228, 37.48395 ] ] ], [ [ [ -122.39911, 37.53572 ], [ -122.38743, 37.54935 ], [ -122.38523, 37.54699 ], [ -122.38553, 37.54562 ], [ -122.38126, 37.54352 ], [ -122.37911, 37.53998 ], [ -122.37977, 37.5381 ], [ -122.37864, 37.53847 ], [ -122.37711, 37.53729 ], [ -122.3742, 37.53312 ], [ -122.37248, 37.53229 ], [ -122.37381, 37.53089 ], [ -122.38175, 37.53367 ], [ -122.38514, 37.53413 ], [ -122.38691, 37.53602 ], [ -122.38571, 37.53377 ], [ -122.37512, 37.52974 ], [ -122.37295, 37.52749 ], [ -122.3714, 37.52871 ], [ -122.36917, 37.52841 ], [ -122.36661, 37.52531 ], [ -122.36707, 37.52438 ], [ -122.36591, 37.52161 ], [ -122.36802, 37.52157 ], [ -122.36266, 37.51828 ], [ -122.36466, 37.51851 ], [ -122.3618, 37.51704 ], [ -122.35989, 37.51293 ], [ -122.36011, 37.51101 ], [ -122.35721, 37.51304 ], [ -122.3538, 37.50994 ], [ -122.35372, 37.50818 ], [ -122.35162, 37.51002 ], [ -122.35344, 37.51206 ], [ -122.35109, 37.51216 ], [ -122.35198, 37.51335 ], [ -122.35745, 37.5158 ], [ -122.35653, 37.51619 ], [ -122.35782, 37.51988 ], [ -122.36089, 37.52329 ], [ -122.35972, 37.52408 ], [ -122.36186, 37.52513 ], [ -122.36177, 37.5283 ], [ -122.36662, 37.53145 ], [ -122.36684, 37.53242 ], [ -122.3677, 37.53249 ], [ -122.36756, 37.53389 ], [ -122.37195, 37.53419 ], [ -122.37351, 37.53627 ], [ -122.37189, 37.53792 ], [ -122.37258, 37.53857 ], [ -122.37418, 37.53741 ], [ -122.37692, 37.54181 ], [ -122.38234, 37.54701 ], [ -122.38327, 37.54728 ], [ -122.3863, 37.55056 ], [ -122.38751, 37.55314 ], [ -122.39172, 37.55712 ], [ -122.39098, 37.5579 ], [ -122.38915, 37.55567 ], [ -122.38798, 37.55541 ], [ -122.38378, 37.54843 ], [ -122.38006, 37.54512 ], [ -122.37902, 37.54492 ], [ -122.37514, 37.53978 ], [ -122.37411, 37.54004 ], [ -122.37369, 37.53797 ], [ -122.37251, 37.53905 ], [ -122.3711, 37.5379 ], [ -122.37173, 37.53724 ], [ -122.37049, 37.53518 ], [ -122.36727, 37.53412 ], [ -122.36726, 37.5331 ], [ -122.36581, 37.53117 ], [ -122.36393, 37.53101 ], [ -122.36265, 37.52992 ], [ -122.36164, 37.5283 ], [ -122.36035, 37.52533 ], [ -122.35729, 37.52424 ], [ -122.35648, 37.52057 ], [ -122.35384, 37.51621 ], [ -122.3497, 37.51183 ], [ -122.34741, 37.51203 ], [ -122.34493, 37.51035 ], [ -122.34303, 37.50752 ], [ -122.33857, 37.50714 ], [ -122.32952, 37.50182 ], [ -122.31931, 37.50021 ], [ -122.31163, 37.49649 ], [ -122.30304, 37.49401 ], [ -122.30062, 37.49227 ], [ -122.29843, 37.48915 ], [ -122.29875, 37.48218 ], [ -122.28712, 37.47965 ], [ -122.28133, 37.47523 ], [ -122.28042, 37.47564 ], [ -122.27671, 37.47516 ], [ -122.27894, 37.47886 ], [ -122.27423, 37.4823 ], [ -122.26741, 37.4822 ], [ -122.26526, 37.48018 ], [ -122.26302, 37.48114 ], [ -122.26297, 37.48165 ], [ -122.25873, 37.48162 ], [ -122.25869, 37.48324 ], [ -122.25569, 37.48409 ], [ -122.25332, 37.48621 ], [ -122.25051, 37.48682 ], [ -122.24767, 37.48991 ], [ -122.24732, 37.49109 ], [ -122.24431, 37.49316 ], [ -122.24424, 37.49407 ], [ -122.23944, 37.49084 ], [ -122.23974, 37.49053 ], [ -122.233, 37.48451 ], [ -122.23363, 37.48401 ], [ -122.23382, 37.48167 ], [ -122.23242, 37.4841 ], [ -122.22963, 37.48209 ], [ -122.23126, 37.48153 ], [ -122.23563, 37.47736 ], [ -122.23613, 37.47775 ], [ -122.23659, 37.47735 ], [ -122.23616, 37.47701 ], [ -122.23701, 37.47604 ], [ -122.23864, 37.47462 ], [ -122.23902, 37.47492 ], [ -122.24029, 37.47326 ], [ -122.23959, 37.47276 ], [ -122.24101, 37.47163 ], [ -122.24232, 37.47155 ], [ -122.24242, 37.47051 ], [ -122.24328, 37.4712 ], [ -122.24617, 37.47014 ], [ -122.24541, 37.46944 ], [ -122.24668, 37.46898 ], [ -122.24714, 37.46979 ], [ -122.24991, 37.46876 ], [ -122.24883, 37.46659 ], [ -122.24917, 37.46528 ], [ -122.24988, 37.46535 ], [ -122.25054, 37.46364 ], [ -122.25426, 37.46337 ], [ -122.25478, 37.46138 ], [ -122.25799, 37.45961 ], [ -122.25895, 37.45971 ], [ -122.25725, 37.45827 ], [ -122.2585, 37.45724 ], [ -122.25923, 37.45766 ], [ -122.25887, 37.45691 ], [ -122.26353, 37.45436 ], [ -122.26624, 37.45559 ], [ -122.2676, 37.45725 ], [ -122.26802, 37.45636 ], [ -122.26662, 37.45411 ], [ -122.26909, 37.45225 ], [ -122.26659, 37.45073 ], [ -122.27075, 37.44754 ], [ -122.26886, 37.44604 ], [ -122.26986, 37.44533 ], [ -122.26947, 37.44461 ], [ -122.26311, 37.44396 ], [ -122.26042, 37.44635 ], [ -122.26026, 37.44745 ], [ -122.25734, 37.4472 ], [ -122.24694, 37.45549 ], [ -122.24365, 37.45322 ], [ -122.24032, 37.45501 ], [ -122.22497, 37.44397 ], [ -122.22833, 37.43965 ], [ -122.23095, 37.44027 ], [ -122.23023, 37.43708 ], [ -122.23342, 37.4338 ], [ -122.23366, 37.43238 ], [ -122.23054, 37.43038 ], [ -122.22651, 37.43006 ], [ -122.22602, 37.42849 ], [ -122.22925, 37.42467 ], [ -122.23289, 37.42467 ], [ -122.23592, 37.42535 ], [ -122.23921, 37.42182 ], [ -122.24112, 37.42193 ], [ -122.2438, 37.4201 ], [ -122.24046, 37.41188 ], [ -122.24145, 37.40977 ], [ -122.23871, 37.40958 ], [ -122.2363, 37.41096 ], [ -122.23463, 37.41051 ], [ -122.23166, 37.40387 ], [ -122.23669, 37.4019 ], [ -122.23784, 37.39973 ], [ -122.2363, 37.39945 ], [ -122.23515, 37.39732 ], [ -122.23317, 37.39726 ], [ -122.2344, 37.39645 ], [ -122.23375, 37.39339 ], [ -122.232, 37.39107 ], [ -122.23078, 37.39107 ], [ -122.22903, 37.38891 ], [ -122.2295, 37.38836 ], [ -122.2275, 37.38739 ], [ -122.22716, 37.38523 ], [ -122.22574, 37.3845 ], [ -122.22673, 37.38359 ], [ -122.22559, 37.38247 ], [ -122.22327, 37.38197 ], [ -122.22413, 37.38062 ], [ -122.22557, 37.3802 ], [ -122.23201, 37.38462 ], [ -122.23401, 37.38708 ], [ -122.23468, 37.3843 ], [ -122.23947, 37.38991 ], [ -122.24407, 37.38571 ], [ -122.24511, 37.38539 ], [ -122.24549, 37.38339 ], [ -122.24762, 37.37958 ], [ -122.24849, 37.37971 ], [ -122.24989, 37.37729 ], [ -122.25386, 37.37437 ], [ -122.25388, 37.3735 ], [ -122.24765, 37.36729 ], [ -122.24789, 37.36503 ], [ -122.24692, 37.36283 ], [ -122.24772, 37.35993 ], [ -122.24684, 37.3579 ], [ -122.24401, 37.35595 ], [ -122.23963, 37.35147 ], [ -122.23673, 37.34979 ], [ -122.23272, 37.34895 ], [ -122.2304, 37.34766 ], [ -122.22871, 37.34521 ], [ -122.21736, 37.3398 ], [ -122.217, 37.3383 ], [ -122.21414, 37.33833 ], [ -122.21414, 37.34074 ], [ -122.2127, 37.34008 ], [ -122.2105, 37.34323 ], [ -122.20763, 37.344 ], [ -122.20378, 37.34203 ], [ -122.20024, 37.33606 ], [ -122.20104, 37.33244 ], [ -122.19921, 37.33194 ], [ -122.19512, 37.3267 ], [ -122.19241, 37.32578 ], [ -122.19063, 37.32237 ], [ -122.1891, 37.32215 ], [ -122.18872, 37.32267 ], [ -122.18876, 37.32092 ], [ -122.19251, 37.3188 ], [ -122.19733, 37.32039 ], [ -122.20081, 37.32295 ], [ -122.20489, 37.32475 ], [ -122.20975, 37.32885 ], [ -122.21077, 37.33044 ], [ -122.22831, 37.33057 ], [ -122.23018, 37.33424 ], [ -122.23171, 37.33301 ], [ -122.23164, 37.32993 ], [ -122.23346, 37.32876 ], [ -122.233, 37.32623 ], [ -122.23601, 37.32604 ], [ -122.23779, 37.32674 ], [ -122.24165, 37.32371 ], [ -122.24173, 37.33014 ], [ -122.24452, 37.32879 ], [ -122.24801, 37.32855 ], [ -122.25476, 37.32606 ], [ -122.25964, 37.32675 ], [ -122.2622, 37.32841 ], [ -122.2694, 37.33 ], [ -122.2712, 37.32835 ], [ -122.27091, 37.32717 ], [ -122.27392, 37.32594 ], [ -122.273, 37.32397 ], [ -122.27445, 37.3226 ], [ -122.2743, 37.31933 ], [ -122.27548, 37.31942 ], [ -122.27671, 37.32066 ], [ -122.27645, 37.32167 ], [ -122.27925, 37.32387 ], [ -122.27996, 37.33061 ], [ -122.2815, 37.33262 ], [ -122.28343, 37.33808 ], [ -122.28315, 37.33949 ], [ -122.28029, 37.34098 ], [ -122.28018, 37.34283 ], [ -122.27833, 37.34284 ], [ -122.27768, 37.34162 ], [ -122.27595, 37.34329 ], [ -122.27398, 37.34351 ], [ -122.27419, 37.34567 ], [ -122.2763, 37.35026 ], [ -122.27589, 37.35344 ], [ -122.27294, 37.35688 ], [ -122.27671, 37.3572 ], [ -122.27748, 37.35852 ], [ -122.28097, 37.35774 ], [ -122.28253, 37.35901 ], [ -122.28578, 37.35814 ], [ -122.28672, 37.35952 ], [ -122.28769, 37.35834 ], [ -122.2897, 37.35826 ], [ -122.29123, 37.35977 ], [ -122.29164, 37.36133 ], [ -122.29598, 37.36014 ], [ -122.29823, 37.36155 ], [ -122.30079, 37.36218 ], [ -122.30109, 37.36313 ], [ -122.30462, 37.36027 ], [ -122.30529, 37.36133 ], [ -122.3095, 37.36214 ], [ -122.30989, 37.36299 ], [ -122.31443, 37.36274 ], [ -122.31494, 37.36509 ], [ -122.31619, 37.36627 ], [ -122.31834, 37.36629 ], [ -122.31802, 37.36752 ], [ -122.32106, 37.37004 ], [ -122.32328, 37.37064 ], [ -122.3265, 37.36948 ], [ -122.32741, 37.3705 ], [ -122.3295, 37.3707 ], [ -122.3309, 37.37306 ], [ -122.33165, 37.36885 ], [ -122.33075, 37.36545 ], [ -122.33384, 37.35717 ], [ -122.33486, 37.35334 ], [ -122.33455, 37.3518 ], [ -122.33738, 37.35169 ], [ -122.33765, 37.35 ], [ -122.33973, 37.34941 ], [ -122.33916, 37.3524 ], [ -122.34049, 37.35416 ], [ -122.33995, 37.35566 ], [ -122.34081, 37.357 ], [ -122.34024, 37.35919 ], [ -122.34235, 37.36382 ], [ -122.34242, 37.36558 ], [ -122.34482, 37.36808 ], [ -122.34324, 37.37239 ], [ -122.34127, 37.37246 ], [ -122.33941, 37.37355 ], [ -122.33804, 37.3753 ], [ -122.33605, 37.37533 ], [ -122.3368, 37.37733 ], [ -122.33429, 37.37933 ], [ -122.33561, 37.38372 ], [ -122.3346, 37.38586 ], [ -122.34168, 37.38585 ], [ -122.3417, 37.38918 ], [ -122.34926, 37.38915 ], [ -122.34926, 37.39206 ], [ -122.35817, 37.39208 ], [ -122.35816, 37.39999 ], [ -122.34898, 37.40021 ], [ -122.34898, 37.40369 ], [ -122.34001, 37.40362 ], [ -122.33554, 37.41951 ], [ -122.34282, 37.42285 ], [ -122.33873, 37.4229 ], [ -122.33495, 37.42109 ], [ -122.33189, 37.42119 ], [ -122.33024, 37.42009 ], [ -122.33006, 37.42106 ], [ -122.3282, 37.42169 ], [ -122.32904, 37.42287 ], [ -122.32582, 37.42154 ], [ -122.32525, 37.42367 ], [ -122.32155, 37.42105 ], [ -122.32161, 37.42009 ], [ -122.32001, 37.42125 ], [ -122.3204, 37.4243 ], [ -122.31833, 37.42513 ], [ -122.31522, 37.42439 ], [ -122.31284, 37.42536 ], [ -122.31072, 37.42721 ], [ -122.31309, 37.43005 ], [ -122.31378, 37.42856 ], [ -122.3166, 37.42969 ], [ -122.31751, 37.42879 ], [ -122.31993, 37.42981 ], [ -122.32063, 37.43113 ], [ -122.33094, 37.42867 ], [ -122.33598, 37.43002 ], [ -122.34423, 37.43401 ], [ -122.35066, 37.43425 ], [ -122.35461, 37.43646 ], [ -122.35955, 37.43639 ], [ -122.37042, 37.43763 ], [ -122.36563, 37.44145 ], [ -122.36112, 37.44255 ], [ -122.35388, 37.44541 ], [ -122.35147, 37.44498 ], [ -122.35151, 37.44775 ], [ -122.36911, 37.44781 ], [ -122.36888, 37.47871 ], [ -122.36693, 37.47819 ], [ -122.36393, 37.47833 ], [ -122.36259, 37.47755 ], [ -122.35948, 37.47882 ], [ -122.35972, 37.48117 ], [ -122.35862, 37.48369 ], [ -122.35986, 37.48505 ], [ -122.36289, 37.48441 ], [ -122.36389, 37.48809 ], [ -122.36304, 37.48954 ], [ -122.36574, 37.48989 ], [ -122.36626, 37.49081 ], [ -122.36476, 37.4912 ], [ -122.36496, 37.49236 ], [ -122.36681, 37.4932 ], [ -122.36917, 37.49541 ], [ -122.37016, 37.49744 ], [ -122.36844, 37.49841 ], [ -122.3694, 37.50068 ], [ -122.37163, 37.50204 ], [ -122.37383, 37.50563 ], [ -122.37195, 37.50792 ], [ -122.3763, 37.51296 ], [ -122.37768, 37.51757 ], [ -122.37984, 37.52134 ], [ -122.38375, 37.52563 ], [ -122.38703, 37.52664 ], [ -122.39039, 37.52853 ], [ -122.39911, 37.53572 ] ] ] ] } },
{ "type": "Feature", "properties": { "zip_code": "94105", "county": "San Francisco", "band": 45.0, "band_source": "routed", "drive_min": 30.6, "distance_mi": 18.4, "memberships": 0, "regular": null, "associate": null, "median_age": null, "age_note": null, "pt_lon": -122.39469, "pt_lat": 37.79036 }, "geometry": { "type": "Polygon", "coordinates": [ [ [ -122.40346, 37.78778 ], [ -122.39632, 37.79334 ], [ -122.39696, 37.79635 ], [ -122.39512, 37.79704 ], [ -122.38767, 37.78881 ], [ -122.38767, 37.78476 ], [ -122.39029, 37.78577 ], [ -122.38964, 37.78622 ], [ -122.39018, 37.78666 ], [ -122.39454, 37.78381 ], [ -122.39516, 37.78431 ], [ -122.39402, 37.78521 ], [ -122.39565, 37.78638 ], [ -122.39781, 37.78467 ], [ -122.39937, 37.7859 ], [ -122.40047, 37.78503 ], [ -122.40257, 37.78668 ], [ -122.40183, 37.78727 ], [ -122.40284, 37.78805 ], [ -122.40346, 37.78778 ] ] ] } },
{ "type": "Feature", "properties": { "zip_code": "94939", "county": "Marin", "band": 30.0, "band_source": "routed", "drive_min": 28.2, "distance_mi": 11.6, "memberships": 1, "regular": null, "associate": null, "median_age": null, "age_note": "suppressed", "pt_lon": -122.53674, "pt_lat": 37.93765 }, "geometry": { "type": "MultiPolygon", "coordinates": [ [ [ [ -122.51535, 37.94251 ], [ -122.51496, 37.94396 ], [ -122.51358, 37.94387 ], [ -122.51321, 37.94691 ], [ -122.50954, 37.95187 ], [ -122.5058, 37.95117 ], [ -122.50498, 37.9497 ], [ -122.50174, 37.94783 ], [ -122.50239, 37.94292 ], [ -122.50138, 37.94248 ], [ -122.50199, 37.94216 ], [ -122.50506, 37.94279 ], [ -122.50506, 37.9419 ], [ -122.51078, 37.94169 ], [ -122.51346, 37.94311 ], [ -122.51471, 37.94318 ], [ -122.51535, 37.94251 ] ] ], [ [ [ -122.55945, 37.93136 ], [ -122.55286, 37.93521 ], [ -122.5514, 37.93968 ], [ -122.54637, 37.94111 ], [ -122.54832, 37.94477 ], [ -122.5496, 37.94483 ], [ -122.55034, 37.94628 ], [ -122.54935, 37.9485 ], [ -122.54967, 37.95077 ], [ -122.54579, 37.95161 ], [ -122.54494, 37.949 ], [ -122.54345, 37.94805 ], [ -122.53958, 37.94716 ], [ -122.53854, 37.9445 ], [ -122.53695, 37.94315 ], [ -122.53213, 37.94249 ], [ -122.52811, 37.9442 ], [ -122.52121, 37.94182 ], [ -122.51639, 37.94212 ], [ -122.51543, 37.94281 ], [ -122.51665, 37.94087 ], [ -122.52119, 37.93846 ], [ -122.52078, 37.93443 ], [ -122.52718, 37.93389 ], [ -122.52721, 37.93225 ], [ -122.52499, 37.93157 ], [ -122.52715, 37.92934 ], [ -122.53196, 37.92933 ], [ -122.53195, 37.92779 ], [ -122.53502, 37.92684 ], [ -122.53549, 37.92396 ], [ -122.53647, 37.9231 ], [ -122.53968, 37.92514 ], [ -122.53969, 37.92392 ], [ -122.54164, 37.92423 ], [ -122.54458, 37.92629 ], [ -122.54818, 37.92556 ], [ -122.54914, 37.92374 ], [ -122.54945, 37.9247 ], [ -122.55522, 37.92739 ], [ -122.55945, 37.93136 ] ] ] ] } },
{ "type": "Feature", "properties": { "zip_code": "94104", "county": "San Francisco", "band": 45.0, "band_source": "routed", "drive_min": 32.2, "distance_mi": 18.7, "memberships": 0, "regular": null, "associate": null, "median_age": null, "age_note": null, "pt_lon": -122.40169, "pt_lat": 37.79091 }, "geometry": { "type": "Polygon", "coordinates": [ [ [ -122.40461, 37.79357 ], [ -122.40006, 37.79369 ], [ -122.3992, 37.79106 ], [ -122.40346, 37.78778 ], [ -122.40461, 37.79357 ] ] ] } },
{ "type": "Feature", "properties": { "zip_code": "94121", "county": "San Francisco", "band": 60.0, "band_source": "routed", "drive_min": 46.4, "distance_mi": 24.4, "memberships": 0, "regular": null, "associate": null, "median_age": null, "age_note": null, "pt_lon": -122.49478, "pt_lat": 37.77705 }, "geometry": { "type": "Polygon", "coordinates": [ [ [ -122.51448, 37.78083 ], [ -122.50531, 37.78831 ], [ -122.49288, 37.78793 ], [ -122.48576, 37.79068 ], [ -122.48407, 37.78951 ], [ -122.48415, 37.78766 ], [ -122.47984, 37.7868 ], [ -122.47662, 37.7868 ], [ -122.47601, 37.78578 ], [ -122.47644, 37.78427 ], [ -122.47574, 37.78205 ], [ -122.47602, 37.77855 ], [ -122.47545, 37.77819 ], [ -122.47561, 37.77296 ], [ -122.48419, 37.77257 ], [ -122.48408, 37.77212 ], [ -122.48651, 37.77072 ], [ -122.49113, 37.77095 ], [ -122.5063, 37.76668 ], [ -122.50412, 37.76553 ], [ -122.50643, 37.76538 ], [ -122.51044, 37.76406 ], [ -122.51112, 37.77132 ], [ -122.51307, 37.77078 ], [ -122.51448, 37.78083 ] ] ] } },
{ "type": "Feature", "properties": { "zip_code": "94133", "county": "San Francisco", "band": 45.0, "band_source": "routed", "drive_min": 35.4, "distance_mi": 19.6, "memberships": 1, "regular": null, "associate": null, "median_age": null, "age_note": "suppressed", "pt_lon": -122.41046, "pt_lat": 37.8021 }, "geometry": { "type": "Polygon", "coordinates": [ [ [ -122.42074, 37.80759 ], [ -122.41909, 37.8078 ], [ -122.41911, 37.80859 ], [ -122.40953, 37.8089 ], [ -122.40556, 37.80706 ], [ -122.40517, 37.80476 ], [ -122.40595, 37.80466 ], [ -122.4048, 37.8029 ], [ -122.40316, 37.8031 ], [ -122.40191, 37.79688 ], [ -122.40555, 37.79571 ], [ -122.40665, 37.79602 ], [ -122.41117, 37.79507 ], [ -122.41483, 37.79499 ], [ -122.41557, 37.79868 ], [ -122.41757, 37.79843 ], [ -122.4186, 37.80537 ], [ -122.42074, 37.80759 ] ] ] } },
{ "type": "Feature", "properties": { "zip_code": "94513", "county": "Contra Costa", "band": null, "band_source": "routed", "drive_min": 67.8, "distance_mi": 52.3, "memberships": 1, "regular": null, "associate": null, "median_age": null, "age_note": "suppressed", "pt_lon": -121.65611, "pt_lat": 37.9344 }, "geometry": { "type": "Polygon", "coordinates": [ [ [ -121.83238, 37.93051 ], [ -121.82949, 37.93446 ], [ -121.82788, 37.93413 ], [ -121.82196, 37.93073 ], [ -121.81752, 37.93039 ], [ -121.81519, 37.92873 ], [ -121.79605, 37.92383 ], [ -121.78723, 37.91797 ], [ -121.77871, 37.91796 ], [ -121.77811, 37.92527 ], [ -121.75553, 37.92528 ], [ -121.75549, 37.93254 ], [ -121.75102, 37.93257 ], [ -121.7508, 37.96176 ], [ -121.74322, 37.96169 ], [ -121.73987, 37.96578 ], [ -121.739, 37.96877 ], [ -121.73941, 37.97135 ], [ -121.74742, 37.98307 ], [ -121.74362, 37.9831 ], [ -121.72993, 37.9688 ], [ -121.69603, 37.96879 ], [ -121.69603, 37.96796 ], [ -121.69143, 37.96793 ], [ -121.69144, 37.96615 ], [ -121.68544, 37.96615 ], [ -121.68544, 37.96886 ], [ -121.62023, 37.96886 ], [ -121.62015, 37.97671 ], [ -121.62259, 37.97622 ], [ -121.62459, 37.99785 ], [ -121.62836, 38.00891 ], [ -121.62702, 38.00883 ], [ -121.6196, 38.01277 ], [ -121.61675, 38.01152 ], [ -121.61624, 38.01376 ], [ -121.61303, 38.01376 ], [ -121.6077, 38.01793 ], [ -121.6072, 38.01908 ], [ -121.60217, 38.01982 ], [ -121.5977, 38.02265 ], [ -121.59516, 38.0252 ], [ -121.58576, 38.02968 ], [ -121.58591, 38.026 ], [ -121.58125, 38.00175 ], [ -121.58014, 37.99878 ], [ -121.57894, 37.99855 ], [ -121.5791, 37.99787 ], [ -121.57736, 37.99713 ], [ -121.57608, 37.99486 ], [ -121.58102, 37.98952 ], [ -121.58246, 37.98392 ], [ -121.57953, 37.98155 ], [ -121.57358, 37.98031 ], [ -121.57239, 37.97904 ], [ -121.57271, 37.97809 ], [ -121.57424, 37.97742 ], [ -121.57697, 37.97776 ], [ -121.57999, 37.97697 ], [ -121.57994, 37.97611 ], [ -121.57555, 37.97367 ], [ -121.57415, 37.97181 ], [ -121.57371, 37.96643 ], [ -121.56514, 37.95985 ], [ -121.56559, 37.95778 ], [ -121.5745, 37.95694 ], [ -121.57519, 37.95504 ], [ -121.57359, 37.95376 ], [ -121.56411, 37.95511 ], [ -121.56369, 37.95351 ], [ -121.56852, 37.94917 ], [ -121.56899, 37.94762 ], [ -121.5686, 37.94546 ], [ -121.56741, 37.94398 ], [ -121.56555, 37.94417 ], [ -121.56364, 37.94611 ], [ -121.56068, 37.94758 ], [ -121.55818, 37.94737 ], [ -121.55758, 37.9465 ], [ -121.55818, 37.94538 ], [ -121.56341, 37.94427 ], [ -121.56324, 37.94268 ], [ -121.56147, 37.94155 ], [ -121.56088, 37.93988 ], [ -121.56194, 37.93761 ], [ -121.56145, 37.93588 ], [ -121.55727, 37.93225 ], [ -121.5589, 37.92793 ], [ -121.55849, 37.92621 ], [ -121.55642, 37.9233 ], [ -121.55826, 37.92138 ], [ -121.56511, 37.91917 ], [ -121.56592, 37.9161 ], [ -121.57174, 37.91567 ], [ -121.57479, 37.91787 ], [ -121.57713, 37.91839 ], [ -121.58216, 37.91752 ], [ -121.58696, 37.91922 ], [ -121.58895, 37.92054 ], [ -121.5911, 37.92084 ], [ -121.59371, 37.91792 ], [ -121.60586, 37.91737 ], [ -121.60894, 37.93282 ], [ -121.62272, 37.93278 ], [ -121.62289, 37.91868 ], [ -121.61856, 37.91874 ], [ -121.61839, 37.91732 ], [ -121.6229, 37.91726 ], [ -121.62291, 37.91645 ], [ -121.62144, 37.91645 ], [ -121.62143, 37.91499 ], [ -121.62292, 37.91499 ], [ -121.62304, 37.89641 ], [ -121.6321, 37.89642 ], [ -121.6322, 37.88929 ], [ -121.63961, 37.88944 ], [ -121.64082, 37.89019 ], [ -121.6414, 37.89146 ], [ -121.64135, 37.89645 ], [ -121.66481, 37.89649 ], [ -121.65826, 37.88922 ], [ -121.65981, 37.88989 ], [ -121.65981, 37.88565 ], [ -121.6686, 37.88561 ], [ -121.67122, 37.88658 ], [ -121.67127, 37.88196 ], [ -121.67597, 37.88199 ], [ -121.67732, 37.88314 ], [ -121.67816, 37.88286 ], [ -121.67816, 37.88211 ], [ -121.68782, 37.88207 ], [ -121.67792, 37.87132 ], [ -121.65218, 37.85573 ], [ -121.64712, 37.85038 ], [ -121.64673, 37.84473 ], [ -121.65138, 37.84489 ], [ -121.65441, 37.84211 ], [ -121.65666, 37.84158 ], [ -121.66173, 37.84225 ], [ -121.6638, 37.84499 ], [ -121.66733, 37.84671 ], [ -121.67189, 37.84774 ], [ -121.67586, 37.84939 ], [ -121.67722, 37.8485 ], [ -121.6815, 37.84868 ], [ -121.68318, 37.84807 ], [ -121.68972, 37.84962 ], [ -121.69361, 37.85195 ], [ -121.6946, 37.85411 ], [ -121.6963, 37.85398 ], [ -121.69632, 37.86104 ], [ -121.69855, 37.86429 ], [ -121.69859, 37.86745 ], [ -121.72374, 37.86754 ], [ -121.72371, 37.86254 ], [ -121.72857, 37.86259 ], [ -121.73107, 37.86364 ], [ -121.73133, 37.86499 ], [ -121.73264, 37.86451 ], [ -121.73263, 37.8611 ], [ -121.73457, 37.86098 ], [ -121.74035, 37.8534 ], [ -121.74703, 37.8536 ], [ -121.74812, 37.85249 ], [ -121.75313, 37.85128 ], [ -121.75545, 37.84918 ], [ -121.75449, 37.84714 ], [ -121.75194, 37.84581 ], [ -121.77327, 37.84572 ], [ -121.77323, 37.83867 ], [ -121.77482, 37.83867 ], [ -121.7771, 37.84289 ], [ -121.78228, 37.84677 ], [ -121.78225, 37.84762 ], [ -121.77777, 37.85043 ], [ -121.77732, 37.84983 ], [ -121.7746, 37.85234 ], [ -121.77388, 37.85401 ], [ -121.77434, 37.8551 ], [ -121.77344, 37.85704 ], [ -121.77368, 37.85844 ], [ -121.7712, 37.86059 ], [ -121.77229, 37.86308 ], [ -121.76772, 37.86635 ], [ -121.76335, 37.86669 ], [ -121.75973, 37.86792 ], [ -121.75126, 37.86765 ], [ -121.75122, 37.86987 ], [ -121.75696, 37.86977 ], [ -121.75577, 37.87084 ], [ -121.75924, 37.87252 ], [ -121.75993, 37.87364 ], [ -121.76193, 37.87458 ], [ -121.76493, 37.87433 ], [ -121.76686, 37.87493 ], [ -121.76712, 37.8775 ], [ -121.77066, 37.8783 ], [ -121.77733, 37.88202 ], [ -121.77599, 37.88489 ], [ -121.78485, 37.88957 ], [ -121.78785, 37.89223 ], [ -121.79074, 37.89317 ], [ -121.79151, 37.89448 ], [ -121.79437, 37.89615 ], [ -121.79626, 37.89612 ], [ -121.79915, 37.89452 ], [ -121.79901, 37.8926 ], [ -121.80002, 37.89115 ], [ -121.80266, 37.89163 ], [ -121.80515, 37.89068 ], [ -121.80523, 37.89625 ], [ -121.83169, 37.8958 ], [ -121.83238, 37.93051 ] ] ] } },
{ "type": "Feature", "properties": { "zip_code": "94528", "county": "Contra Costa", "band": 60.0, "band_source": "routed", "drive_min": 57.4, "distance_mi": 35.8, "memberships": 0, "regular": null, "associate": null, "median_age": null, "age_note": null, "pt_lon": -121.959, "pt_lat": 37.8419 }, "geometry": { "type": "Polygon", "coordinates": [ [ [ -121.976, 37.83807 ], [ -121.96045, 37.84553 ], [ -121.96042, 37.8528 ], [ -121.95147, 37.85292 ], [ -121.95049, 37.85125 ], [ -121.95008, 37.84672 ], [ -121.94917, 37.84499 ], [ -121.95022, 37.84392 ], [ -121.94918, 37.84086 ], [ -121.94756, 37.84023 ], [ -121.94797, 37.8389 ], [ -121.95162, 37.83517 ], [ -121.95192, 37.83193 ], [ -121.95688, 37.83206 ], [ -121.95907, 37.83321 ], [ -121.96219, 37.83307 ], [ -121.9659, 37.83393 ], [ -121.9671, 37.83523 ], [ -121.96918, 37.83588 ], [ -121.96982, 37.83817 ], [ -121.976, 37.83807 ] ] ] } },
{ "type": "Feature", "properties": { "zip_code": "94553", "county": "Contra Costa", "band": 45.0, "band_source": "routed", "drive_min": 36.0, "distance_mi": 23.8, "memberships": 10, "regular": 10.0, "associate": 0.0, "median_age": 66.0, "age_note": null, "pt_lon": -122.14558, "pt_lat": 37.97724 }, "geometry": { "type": "Polygon", "coordinates": [ [ [ -122.26408, 37.94362 ], [ -122.2632, 37.94283 ], [ -122.25884, 37.94641 ], [ -122.25609, 37.94459 ], [ -122.25529, 37.94605 ], [ -122.25368, 37.94574 ], [ -122.25594, 37.9489 ], [ -122.25476, 37.94916 ], [ -122.25233, 37.95146 ], [ -122.2491, 37.95227 ], [ -122.24652, 37.95529 ], [ -122.24349, 37.95448 ], [ -122.24119, 37.95525 ], [ -122.24131, 37.95692 ], [ -122.2376, 37.95822 ], [ -122.24348, 37.96264 ], [ -122.24677, 37.96402 ], [ -122.24567, 37.96458 ], [ -122.24307, 37.96811 ], [ -122.24315, 37.97111 ], [ -122.24164, 37.97182 ], [ -122.23735, 37.9721 ], [ -122.23447, 37.97396 ], [ -122.23087, 37.97504 ], [ -122.22871, 37.97348 ], [ -122.2258, 37.97347 ], [ -122.22375, 37.97276 ], [ -122.22153, 37.9706 ], [ -122.21889, 37.96979 ], [ -122.21512, 37.97047 ], [ -122.21002, 37.96868 ], [ -122.20885, 37.9672 ], [ -122.20497, 37.96474 ], [ -122.23021, 37.99638 ], [ -122.20962, 37.99617 ], [ -122.20966, 38.00761 ], [ -122.21071, 38.00768 ], [ -122.20505, 38.00889 ], [ -122.19038, 38.01566 ], [ -122.19089, 38.01695 ], [ -122.19495, 38.01997 ], [ -122.19597, 38.02297 ], [ -122.19977, 38.02602 ], [ -122.20733, 38.02888 ], [ -122.21637, 38.03654 ], [ -122.21519, 38.03694 ], [ -122.21247, 38.03526 ], [ -122.21007, 38.0349 ], [ -122.20872, 38.03608 ], [ -122.20937, 38.03804 ], [ -122.21421, 38.04003 ], [ -122.21578, 38.04185 ], [ -122.2124, 38.04594 ], [ -122.20613, 38.04618 ], [ -122.20614, 38.04744 ], [ -122.20583, 38.04546 ], [ -122.20445, 38.04481 ], [ -122.20181, 38.04137 ], [ -122.19729, 38.03896 ], [ -122.19734, 38.03474 ], [ -122.19523, 38.03242 ], [ -122.1959, 38.03049 ], [ -122.19408, 38.02868 ], [ -122.1922, 38.03002 ], [ -122.18776, 38.02919 ], [ -122.1895, 38.03078 ], [ -122.19121, 38.03119 ], [ -122.19127, 38.03228 ], [ -122.19424, 38.03446 ], [ -122.19499, 38.03635 ], [ -122.19244, 38.04112 ], [ -122.18867, 38.04203 ], [ -122.18598, 38.04092 ], [ -122.184, 38.04095 ], [ -122.18257, 38.03949 ], [ -122.18309, 38.03845 ], [ -122.18062, 38.03793 ], [ -122.17942, 38.03566 ], [ -122.17707, 38.0363 ], [ -122.17467, 38.03597 ], [ -122.17404, 38.03412 ], [ -122.16923, 38.02946 ], [ -122.16197, 38.026 ], [ -122.1561, 38.02382 ], [ -122.1585, 38.02487 ], [ -122.15643, 38.0249 ], [ -122.15156, 38.02363 ], [ -122.14667, 38.02358 ], [ -122.14687, 38.03173 ], [ -122.13937, 38.03218 ], [ -122.13017, 38.03472 ], [ -122.13032, 38.03244 ], [ -122.12952, 38.03264 ], [ -122.12892, 38.02724 ], [ -122.1288, 38.03046 ], [ -122.12498, 38.0313 ], [ -122.12116, 38.03299 ], [ -122.1194, 38.03493 ], [ -122.11226, 38.03913 ], [ -122.10158, 38.04218 ], [ -122.09695, 38.043 ], [ -122.09652, 38.04232 ], [ -122.09654, 38.04317 ], [ -122.09345, 38.04367 ], [ -122.09099, 38.0419 ], [ -122.08588, 38.03496 ], [ -122.08002, 38.03143 ], [ -122.03151, 38.0451 ], [ -122.0299, 38.04141 ], [ -122.03374, 38.03285 ], [ -122.02777, 38.02097 ], [ -122.02816, 38.02039 ], [ -122.02992, 38.02049 ], [ -122.03085, 38.02136 ], [ -122.03067, 38.02299 ], [ -122.03359, 38.02258 ], [ -122.03552, 38.01361 ], [ -122.03992, 38.01287 ], [ -122.04192, 38.01166 ], [ -122.04601, 38.01106 ], [ -122.04541, 38.00853 ], [ -122.04839, 38.00622 ], [ -122.04803, 38.00298 ], [ -122.05059, 38.00319 ], [ -122.05372, 38.00233 ], [ -122.06485, 38.02026 ], [ -122.06934, 38.01612 ], [ -122.07031, 38.02027 ], [ -122.07015, 38.02468 ], [ -122.07818, 38.0203 ], [ -122.0775, 38.01661 ], [ -122.07581, 38.0141 ], [ -122.07622, 38.01226 ], [ -122.07833, 38.01023 ], [ -122.07841, 38.00869 ], [ -122.07732, 38.00845 ], [ -122.07895, 38.00593 ], [ -122.07493, 38.00567 ], [ -122.07705, 38.00857 ], [ -122.07495, 38.00947 ], [ -122.06966, 38.0157 ], [ -122.06574, 38.00926 ], [ -122.05813, 38.00172 ], [ -122.0564, 37.99902 ], [ -122.06144, 37.99728 ], [ -122.06308, 37.99614 ], [ -122.06295, 37.98753 ], [ -122.06375, 37.98216 ], [ -122.06555, 37.97982 ], [ -122.06597, 37.98184 ], [ -122.07408, 37.98121 ], [ -122.0773, 37.98239 ], [ -122.07891, 37.9815 ], [ -122.07709, 37.98135 ], [ -122.07619, 37.97935 ], [ -122.07659, 37.97885 ], [ -122.07713, 37.97936 ], [ -122.07782, 37.97615 ], [ -122.0999, 37.97596 ], [ -122.10437, 37.97273 ], [ -122.10201, 37.97151 ], [ -122.10231, 37.96983 ], [ -122.09883, 37.96712 ], [ -122.09401, 37.96021 ], [ -122.09235, 37.95995 ], [ -122.09116, 37.95651 ], [ -122.09322, 37.95506 ], [ -122.10314, 37.95496 ], [ -122.10488, 37.95867 ], [ -122.1076, 37.95924 ], [ -122.10806, 37.95681 ], [ -122.10917, 37.95782 ], [ -122.11159, 37.95655 ], [ -122.11163, 37.95539 ], [ -122.11565, 37.95591 ], [ -122.1157, 37.95356 ], [ -122.11747, 37.95356 ], [ -122.11789, 37.9515 ], [ -122.11707, 37.94941 ], [ -122.12586, 37.94461 ], [ -122.12655, 37.92746 ], [ -122.12919, 37.92682 ], [ -122.13097, 37.92528 ], [ -122.13356, 37.92622 ], [ -122.1359, 37.92323 ], [ -122.13474, 37.9193 ], [ -122.13784, 37.91743 ], [ -122.13947, 37.91814 ], [ -122.14232, 37.91754 ], [ -122.14988, 37.9223 ], [ -122.15627, 37.92165 ], [ -122.15621, 37.92105 ], [ -122.16084, 37.92041 ], [ -122.16088, 37.91823 ], [ -122.16193, 37.92033 ], [ -122.16455, 37.92129 ], [ -122.16638, 37.91971 ], [ -122.17117, 37.91828 ], [ -122.17472, 37.91797 ], [ -122.18473, 37.91916 ], [ -122.1918, 37.92063 ], [ -122.19564, 37.92217 ], [ -122.19683, 37.92147 ], [ -122.19726, 37.91979 ], [ -122.20015, 37.91754 ], [ -122.20072, 37.91404 ], [ -122.20433, 37.90896 ], [ -122.20534, 37.9085 ], [ -122.20892, 37.90894 ], [ -122.21193, 37.90991 ], [ -122.21249, 37.90806 ], [ -122.21577, 37.90713 ], [ -122.21429, 37.90453 ], [ -122.21487, 37.90402 ], [ -122.21498, 37.90561 ], [ -122.21676, 37.90683 ], [ -122.22274, 37.90655 ], [ -122.22477, 37.90717 ], [ -122.22525, 37.90809 ], [ -122.22765, 37.9084 ], [ -122.2308, 37.91234 ], [ -122.23249, 37.91657 ], [ -122.23453, 37.91717 ], [ -122.23695, 37.91987 ], [ -122.24005, 37.91913 ], [ -122.23799, 37.92116 ], [ -122.24008, 37.92171 ], [ -122.24576, 37.92158 ], [ -122.24807, 37.92276 ], [ -122.24968, 37.92544 ], [ -122.25405, 37.92749 ], [ -122.25544, 37.93123 ], [ -122.25737, 37.93274 ], [ -122.2594, 37.93765 ], [ -122.26164, 37.9409 ], [ -122.26572, 37.94257 ], [ -122.26408, 37.94362 ] ] ] } },
{ "type": "Feature", "properties": { "zip_code": "94188", "county": "San Francisco", "band": 45.0, "band_source": "routed", "drive_min": 38.7, "distance_mi": 22.1, "memberships": 0, "regular": null, "associate": null, "median_age": null, "age_note": null, "pt_lon": -122.38078, "pt_lat": 37.74052 }, "geometry": { "type": "Polygon", "coordinates": [ [ [ -122.38475, 37.74085 ], [ -122.38308, 37.74393 ], [ -122.37685, 37.74019 ], [ -122.37911, 37.73768 ], [ -122.38475, 37.74085 ] ] ] } },
{ "type": "Feature", "properties": { "zip_code": "94574", "county": "Napa", "band": null, "band_source": "routed", "drive_min": 112.0, "distance_mi": 65.8, "memberships": 1, "regular": null, "associate": null, "median_age": null, "age_note": "suppressed", "pt_lon": -122.40868, "pt_lat": 38.53601 }, "geometry": { "type": "Polygon", "coordinates": [ [ [ -122.56749, 38.53038 ], [ -122.56572, 38.53191 ], [ -122.56597, 38.53586 ], [ -122.56499, 38.5368 ], [ -122.56218, 38.53815 ], [ -122.55848, 38.53863 ], [ -122.55135, 38.54159 ], [ -122.54175, 38.54325 ], [ -122.54108, 38.54403 ], [ -122.54149, 38.53456 ], [ -122.5231, 38.53455 ], [ -122.52306, 38.54144 ], [ -122.51681, 38.54162 ], [ -122.51862, 38.54373 ], [ -122.50345, 38.55015 ], [ -122.50059, 38.54815 ], [ -122.50097, 38.54946 ], [ -122.49482, 38.5568 ], [ -122.49483, 38.5661 ], [ -122.46758, 38.56701 ], [ -122.46762, 38.54548 ], [ -122.44784, 38.54459 ], [ -122.42145, 38.54496 ], [ -122.4213, 38.54742 ], [ -122.41833, 38.54638 ], [ -122.40409, 38.57252 ], [ -122.4115, 38.5873 ], [ -122.41194, 38.59843 ], [ -122.41087, 38.59843 ], [ -122.41158, 38.60023 ], [ -122.4116, 38.60646 ], [ -122.411, 38.60626 ], [ -122.42403, 38.61153 ], [ -122.43032, 38.61153 ], [ -122.42779, 38.61294 ], [ -122.42819, 38.61522 ], [ -122.42572, 38.61704 ], [ -122.42149, 38.61777 ], [ -122.41763, 38.61748 ], [ -122.41538, 38.61493 ], [ -122.40459, 38.61465 ], [ -122.39953, 38.61291 ], [ -122.39712, 38.61283 ], [ -122.3906, 38.62272 ], [ -122.38758, 38.62858 ], [ -122.38657, 38.63498 ], [ -122.38475, 38.63779 ], [ -122.37486, 38.64371 ], [ -122.37224, 38.64444 ], [ -122.36749, 38.64362 ], [ -122.36237, 38.64762 ], [ -122.3552, 38.64631 ], [ -122.35088, 38.64378 ], [ -122.3487, 38.63931 ], [ -122.34578, 38.63781 ], [ -122.3459, 38.63686 ], [ -122.33975, 38.63492 ], [ -122.33715, 38.63225 ], [ -122.33285, 38.63016 ], [ -122.33061, 38.62775 ], [ -122.32853, 38.62804 ], [ -122.32733, 38.62746 ], [ -122.32814, 38.60937 ], [ -122.32806, 38.58029 ], [ -122.27952, 38.57738 ], [ -122.27966, 38.56494 ], [ -122.26, 38.56244 ], [ -122.26, 38.55009 ], [ -122.25086, 38.55009 ], [ -122.25178, 38.53585 ], [ -122.25361, 38.53591 ], [ -122.25204, 38.53529 ], [ -122.25217, 38.50728 ], [ -122.24413, 38.50707 ], [ -122.24435, 38.49995 ], [ -122.2567, 38.50025 ], [ -122.25603, 38.49869 ], [ -122.25304, 38.49679 ], [ -122.25117, 38.49663 ], [ -122.24674, 38.49403 ], [ -122.24712, 38.49173 ], [ -122.2447, 38.48608 ], [ -122.24368, 38.4851 ], [ -122.24356, 38.47578 ], [ -122.30143, 38.47865 ], [ -122.30043, 38.46497 ], [ -122.30788, 38.46431 ], [ -122.33777, 38.46566 ], [ -122.34535, 38.46523 ], [ -122.34818, 38.46743 ], [ -122.35414, 38.46538 ], [ -122.36118, 38.46895 ], [ -122.36132, 38.47041 ], [ -122.35846, 38.47065 ], [ -122.35804, 38.47377 ], [ -122.3569, 38.47503 ], [ -122.35487, 38.47545 ], [ -122.35629, 38.47612 ], [ -122.35595, 38.47814 ], [ -122.35777, 38.47854 ], [ -122.35718, 38.47966 ], [ -122.35818, 38.48059 ], [ -122.35522, 38.48055 ], [ -122.35604, 38.48287 ], [ -122.35752, 38.48327 ], [ -122.36044, 38.48164 ], [ -122.36423, 38.48174 ], [ -122.36619, 38.48066 ], [ -122.37019, 38.48108 ], [ -122.37073, 38.47982 ], [ -122.37225, 38.47907 ], [ -122.37259, 38.48026 ], [ -122.37672, 38.48065 ], [ -122.38168, 38.48287 ], [ -122.38611, 38.48573 ], [ -122.39178, 38.48751 ], [ -122.39843, 38.48677 ], [ -122.40269, 38.48788 ], [ -122.40438, 38.48689 ], [ -122.4057, 38.48474 ], [ -122.40452, 38.48352 ], [ -122.40419, 38.47981 ], [ -122.4006, 38.47587 ], [ -122.39891, 38.47015 ], [ -122.41034, 38.4658 ], [ -122.41479, 38.46341 ], [ -122.42728, 38.46992 ], [ -122.43024, 38.46865 ], [ -122.43273, 38.46283 ], [ -122.43183, 38.46138 ], [ -122.434, 38.4582 ], [ -122.43197, 38.456 ], [ -122.43325, 38.45318 ], [ -122.43746, 38.45175 ], [ -122.43846, 38.45038 ], [ -122.43997, 38.45084 ], [ -122.43568, 38.44685 ], [ -122.44258, 38.4418 ], [ -122.4376, 38.43185 ], [ -122.45589, 38.42583 ], [ -122.4568, 38.44291 ], [ -122.47999, 38.44382 ], [ -122.47996, 38.44873 ], [ -122.48299, 38.45271 ], [ -122.48539, 38.45291 ], [ -122.48839, 38.45431 ], [ -122.49209, 38.45451 ], [ -122.49369, 38.45651 ], [ -122.49685, 38.45563 ], [ -122.50155, 38.45592 ], [ -122.50407, 38.45714 ], [ -122.50729, 38.45725 ], [ -122.50973, 38.45825 ], [ -122.50857, 38.45918 ], [ -122.50884, 38.4608 ], [ -122.51005, 38.46216 ], [ -122.50819, 38.46431 ], [ -122.50582, 38.46449 ], [ -122.5088, 38.467 ], [ -122.51112, 38.46715 ], [ -122.51624, 38.47087 ], [ -122.51717, 38.47025 ], [ -122.52032, 38.47129 ], [ -122.52264, 38.47018 ], [ -122.52959, 38.46961 ], [ -122.52963, 38.47313 ], [ -122.53133, 38.47634 ], [ -122.53106, 38.47778 ], [ -122.53353, 38.48073 ], [ -122.53608, 38.48234 ], [ -122.53822, 38.48654 ], [ -122.54054, 38.48831 ], [ -122.54098, 38.49168 ], [ -122.54289, 38.49391 ], [ -122.54987, 38.49529 ], [ -122.55225, 38.49667 ], [ -122.56331, 38.49823 ], [ -122.56125, 38.50463 ], [ -122.56133, 38.50714 ], [ -122.5623, 38.50842 ], [ -122.56536, 38.50976 ], [ -122.56627, 38.51108 ], [ -122.55847, 38.514 ], [ -122.55753, 38.5155 ], [ -122.55503, 38.51741 ], [ -122.55313, 38.51785 ], [ -122.55253, 38.51892 ], [ -122.5518, 38.51887 ], [ -122.5482, 38.52205 ], [ -122.55062, 38.52213 ], [ -122.55278, 38.52569 ], [ -122.55713, 38.52549 ], [ -122.5619, 38.52679 ], [ -122.56361, 38.52537 ], [ -122.56664, 38.52554 ], [ -122.56663, 38.52863 ], [ -122.56947, 38.52966 ], [ -122.56749, 38.53038 ] ], [ [ -122.48094, 38.54862 ], [ -122.4778, 38.54423 ], [ -122.4745, 38.53735 ], [ -122.47613, 38.54616 ], [ -122.47205, 38.54636 ], [ -122.47195, 38.5547 ], [ -122.47324, 38.55915 ], [ -122.47369, 38.55874 ], [ -122.47312, 38.55782 ], [ -122.47636, 38.55378 ], [ -122.47636, 38.55148 ], [ -122.48095, 38.5515 ], [ -122.48094, 38.54862 ] ] ] } },
{ "type": "Feature", "properties": { "zip_code": "94576", "county": "Napa", "band": null, "band_source": "routed", "drive_min": 74.6, "distance_mi": 57.6, "memberships": 1, "regular": null, "associate": null, "median_age": null, "age_note": "suppressed", "pt_lon": -122.4764, "pt_lat": 38.5483 }, "geometry": { "type": "Polygon", "coordinates": [ [ [ -122.48095, 38.5515 ], [ -122.47636, 38.55148 ], [ -122.47636, 38.55378 ], [ -122.47312, 38.55782 ], [ -122.47369, 38.55874 ], [ -122.47324, 38.55915 ], [ -122.47195, 38.5547 ], [ -122.47205, 38.54636 ], [ -122.47613, 38.54616 ], [ -122.4745, 38.53735 ], [ -122.4778, 38.54423 ], [ -122.48094, 38.54862 ], [ -122.48095, 38.5515 ] ] ] } },
{ "type": "Feature", "properties": { "zip_code": "94599", "county": "Napa", "band": 60.0, "band_source": "routed", "drive_min": 59.8, "distance_mi": 45.6, "memberships": 0, "regular": null, "associate": null, "median_age": null, "age_note": null, "pt_lon": -122.36149, "pt_lat": 38.41475 }, "geometry": { "type": "Polygon", "coordinates": [ [ [ -122.41007, 38.40664 ], [ -122.39295, 38.40676 ], [ -122.39152, 38.40873 ], [ -122.39437, 38.41048 ], [ -122.39507, 38.40891 ], [ -122.39721, 38.40764 ], [ -122.39736, 38.41002 ], [ -122.40117, 38.40974 ], [ -122.40122, 38.41474 ], [ -122.39486, 38.41074 ], [ -122.39547, 38.41293 ], [ -122.38962, 38.41816 ], [ -122.38469, 38.41291 ], [ -122.38178, 38.41119 ], [ -122.36898, 38.40588 ], [ -122.35967, 38.39732 ], [ -122.35916, 38.39756 ], [ -122.36867, 38.40608 ], [ -122.38141, 38.41139 ], [ -122.37901, 38.41181 ], [ -122.3702, 38.40824 ], [ -122.36666, 38.41029 ], [ -122.36583, 38.41338 ], [ -122.36726, 38.41553 ], [ -122.37038, 38.41766 ], [ -122.37127, 38.41999 ], [ -122.36998, 38.42118 ], [ -122.37332, 38.42292 ], [ -122.37432, 38.42443 ], [ -122.37369, 38.42372 ], [ -122.37342, 38.42553 ], [ -122.37552, 38.42885 ], [ -122.37415, 38.43356 ], [ -122.37268, 38.4354 ], [ -122.37319, 38.43851 ], [ -122.37384, 38.4389 ], [ -122.365, 38.44422 ], [ -122.36795, 38.44744 ], [ -122.36076, 38.45063 ], [ -122.35346, 38.44513 ], [ -122.35139, 38.43962 ], [ -122.34582, 38.43149 ], [ -122.34117, 38.42761 ], [ -122.35736, 38.41406 ], [ -122.35211, 38.40914 ], [ -122.35651, 38.40571 ], [ -122.35016, 38.39978 ], [ -122.35596, 38.39526 ], [ -122.35389, 38.39301 ], [ -122.3701, 38.38578 ], [ -122.37421, 38.39117 ], [ -122.37538, 38.39066 ], [ -122.37794, 38.38718 ], [ -122.37797, 38.3821 ], [ -122.3819, 38.37988 ], [ -122.38184, 38.3803 ], [ -122.39557, 38.38022 ], [ -122.39565, 38.3838 ], [ -122.40021, 38.38376 ], [ -122.40064, 38.39453 ], [ -122.40972, 38.39475 ], [ -122.41007, 38.40664 ] ] ] } },
{ "type": "Feature", "properties": { "zip_code": "94613", "county": "Alameda", "band": 30.0, "band_source": "routed", "drive_min": 26.7, "distance_mi": 19.2, "memberships": 0, "regular": null, "associate": null, "median_age": null, "age_note": null, "pt_lon": -122.18247, "pt_lat": 37.77998 }, "geometry": { "type": "Polygon", "coordinates": [ [ [ -122.18859, 37.78445 ], [ -122.17887, 37.78342 ], [ -122.17566, 37.7816 ], [ -122.17509, 37.78029 ], [ -122.17989, 37.7799 ], [ -122.18537, 37.77542 ], [ -122.18802, 37.77761 ], [ -122.18697, 37.78002 ], [ -122.18859, 37.78445 ] ] ] } },
{ "type": "Feature", "properties": { "zip_code": "94709", "county": "Alameda", "band": 30.0, "band_source": "routed", "drive_min": 21.3, "distance_mi": 10.3, "memberships": 2, "regular": null, "associate": null, "median_age": null, "age_note": "suppressed", "pt_lon": -122.26931, "pt_lat": 37.8793 }, "geometry": { "type": "Polygon", "coordinates": [ [ [ -122.27551, 37.87338 ], [ -122.27333, 37.87399 ], [ -122.27394, 37.87959 ], [ -122.27465, 37.88012 ], [ -122.27454, 37.88489 ], [ -122.27288, 37.88566 ], [ -122.26464, 37.88587 ], [ -122.26574, 37.88415 ], [ -122.26456, 37.87896 ], [ -122.25825, 37.87938 ], [ -122.25508, 37.88026 ], [ -122.25472, 37.87563 ], [ -122.25686, 37.87551 ], [ -122.25539, 37.87386 ], [ -122.25919, 37.87261 ], [ -122.26617, 37.87249 ], [ -122.26633, 37.87419 ], [ -122.27204, 37.87304 ], [ -122.27551, 37.87338 ] ] ] } },
{ "type": "Feature", "properties": { "zip_code": "94941", "county": "Marin", "band": 60.0, "band_source": "routed", "drive_min": 60.0, "distance_mi": 24.9, "memberships": 3, "regular": null, "associate": null, "median_age": null, "age_note": "suppressed", "pt_lon": -122.58123, "pt_lat": 37.92797 }, "geometry": { "type": "Polygon", "coordinates": [ [ [ -122.7193, 37.99735 ], [ -122.71572, 37.99823 ], [ -122.71557, 37.9999 ], [ -122.71316, 37.99876 ], [ -122.71334, 37.99962 ], [ -122.71098, 37.99864 ], [ -122.71027, 37.9976 ], [ -122.70877, 37.99909 ], [ -122.70925, 38.00015 ], [ -122.70855, 38.00457 ], [ -122.70776, 38.00156 ], [ -122.70698, 38.00427 ], [ -122.70586, 38.00366 ], [ -122.70504, 38.00135 ], [ -122.70375, 38.00113 ], [ -122.70084, 37.99868 ], [ -122.69916, 37.99553 ], [ -122.69873, 37.99883 ], [ -122.69641, 38.00157 ], [ -122.69233, 38.00451 ], [ -122.68744, 38.00294 ], [ -122.68517, 38.00349 ], [ -122.68121, 38.00245 ], [ -122.67971, 38.00353 ], [ -122.67751, 38.00293 ], [ -122.67624, 38.00083 ], [ -122.6743, 38.00081 ], [ -122.67345, 37.99883 ], [ -122.67123, 37.99692 ], [ -122.66862, 37.99965 ], [ -122.66546, 38.00031 ], [ -122.66144, 37.99883 ], [ -122.65895, 37.99962 ], [ -122.65762, 37.99937 ], [ -122.65676, 37.99789 ], [ -122.65388, 37.99995 ], [ -122.65323, 37.99811 ], [ -122.65065, 37.99539 ], [ -122.64777, 37.99667 ], [ -122.64621, 37.99606 ], [ -122.64234, 37.99615 ], [ -122.64009, 37.99378 ], [ -122.6373, 37.99476 ], [ -122.63445, 37.99459 ], [ -122.63632, 37.99409 ], [ -122.64652, 37.98251 ], [ -122.64372, 37.97916 ], [ -122.63837, 37.97488 ], [ -122.63791, 37.97325 ], [ -122.62931, 37.96945 ], [ -122.62657, 37.96679 ], [ -122.62596, 37.96395 ], [ -122.62498, 37.9635 ], [ -122.62616, 37.96277 ], [ -122.62758, 37.96546 ], [ -122.63125, 37.96754 ], [ -122.62905, 37.96462 ], [ -122.62967, 37.96329 ], [ -122.63188, 37.96326 ], [ -122.62887, 37.95954 ], [ -122.63027, 37.95601 ], [ -122.6322, 37.95508 ], [ -122.63333, 37.95565 ], [ -122.63513, 37.95496 ], [ -122.6371, 37.95582 ], [ -122.63649, 37.9541 ], [ -122.63337, 37.95194 ], [ -122.63172, 37.94883 ], [ -122.63462, 37.94879 ], [ -122.63301, 37.94668 ], [ -122.63386, 37.94538 ], [ -122.63249, 37.94385 ], [ -122.63374, 37.94189 ], [ -122.63525, 37.94199 ], [ -122.63867, 37.94074 ], [ -122.63744, 37.93556 ], [ -122.63598, 37.93438 ], [ -122.63354, 37.92788 ], [ -122.63387, 37.92569 ], [ -122.6315, 37.92442 ], [ -122.62937, 37.92432 ], [ -122.62695, 37.92341 ], [ -122.62661, 37.92207 ], [ -122.62527, 37.92221 ], [ -122.62303, 37.92091 ], [ -122.6167, 37.92228 ], [ -122.61639, 37.9241 ], [ -122.61525, 37.92495 ], [ -122.61361, 37.92442 ], [ -122.60898, 37.92481 ], [ -122.60697, 37.92396 ], [ -122.60616, 37.92484 ], [ -122.60711, 37.92599 ], [ -122.60503, 37.92902 ], [ -122.60322, 37.92999 ], [ -122.60408, 37.9312 ], [ -122.60427, 37.93375 ], [ -122.60637, 37.93732 ], [ -122.60596, 37.93878 ], [ -122.60728, 37.93951 ], [ -122.60563, 37.94086 ], [ -122.60327, 37.94056 ], [ -122.60166, 37.94156 ], [ -122.60148, 37.94324 ], [ -122.59964, 37.94538 ], [ -122.59753, 37.94486 ], [ -122.59685, 37.94582 ], [ -122.59844, 37.94774 ], [ -122.59833, 37.94969 ], [ -122.59734, 37.94895 ], [ -122.59489, 37.94958 ], [ -122.59363, 37.94786 ], [ -122.58891, 37.94562 ], [ -122.58668, 37.94542 ], [ -122.58313, 37.94677 ], [ -122.57946, 37.94311 ], [ -122.58035, 37.94177 ], [ -122.57949, 37.93934 ], [ -122.57641, 37.93906 ], [ -122.57589, 37.9367 ], [ -122.57392, 37.9369 ], [ -122.57287, 37.93565 ], [ -122.57343, 37.93412 ], [ -122.57039, 37.93299 ], [ -122.56727, 37.93478 ], [ -122.55933, 37.92998 ], [ -122.55819, 37.93035 ], [ -122.55522, 37.92739 ], [ -122.54945, 37.9247 ], [ -122.54914, 37.92374 ], [ -122.54818, 37.92556 ], [ -122.54638, 37.92589 ], [ -122.54646, 37.92506 ], [ -122.54467, 37.9237 ], [ -122.54299, 37.92371 ], [ -122.54084, 37.922 ], [ -122.53892, 37.92192 ], [ -122.53414, 37.91899 ], [ -122.53324, 37.91782 ], [ -122.5317, 37.91795 ], [ -122.5285, 37.91616 ], [ -122.52577, 37.91712 ], [ -122.51835, 37.91776 ], [ -122.51403, 37.90856 ], [ -122.51059, 37.90783 ], [ -122.51076, 37.90923 ], [ -122.50338, 37.90933 ], [ -122.50488, 37.91192 ], [ -122.49885, 37.91173 ], [ -122.49882, 37.9107 ], [ -122.50622, 37.90687 ], [ -122.50715, 37.90433 ], [ -122.50574, 37.90341 ], [ -122.50414, 37.90066 ], [ -122.5047, 37.89918 ], [ -122.503, 37.89888 ], [ -122.50113, 37.89461 ], [ -122.49988, 37.89366 ], [ -122.50102, 37.89366 ], [ -122.4965, 37.87734 ], [ -122.49847, 37.87579 ], [ -122.51658, 37.88415 ], [ -122.5162, 37.88031 ], [ -122.51464, 37.87853 ], [ -122.51152, 37.87672 ], [ -122.51662, 37.87687 ], [ -122.51851, 37.8787 ], [ -122.52068, 37.87938 ], [ -122.52003, 37.87707 ], [ -122.52095, 37.87576 ], [ -122.5196, 37.87555 ], [ -122.51934, 37.87451 ], [ -122.52025, 37.87011 ], [ -122.5128, 37.8635 ], [ -122.51172, 37.86322 ], [ -122.50842, 37.85894 ], [ -122.51017, 37.85685 ], [ -122.50742, 37.85572 ], [ -122.50941, 37.85575 ], [ -122.51143, 37.85488 ], [ -122.5159, 37.85672 ], [ -122.5198, 37.85618 ], [ -122.52182, 37.85655 ], [ -122.52491, 37.85467 ], [ -122.52397, 37.85234 ], [ -122.52634, 37.85004 ], [ -122.53315, 37.85384 ], [ -122.53264, 37.85552 ], [ -122.53512, 37.85697 ], [ -122.53355, 37.85747 ], [ -122.53305, 37.85884 ], [ -122.53405, 37.85937 ], [ -122.53756, 37.85854 ], [ -122.53901, 37.85579 ], [ -122.5444, 37.85949 ], [ -122.54554, 37.8611 ], [ -122.54777, 37.86121 ], [ -122.54644, 37.86229 ], [ -122.55142, 37.86423 ], [ -122.55072, 37.86549 ], [ -122.55122, 37.86803 ], [ -122.54905, 37.86923 ], [ -122.55116, 37.86912 ], [ -122.55075, 37.87052 ], [ -122.55197, 37.87046 ], [ -122.55275, 37.87168 ], [ -122.55106, 37.87315 ], [ -122.55229, 37.87453 ], [ -122.55176, 37.87638 ], [ -122.55383, 37.87771 ], [ -122.55372, 37.88419 ], [ -122.55428, 37.88341 ], [ -122.55504, 37.88934 ], [ -122.55615, 37.89034 ], [ -122.55718, 37.89348 ], [ -122.55872, 37.89353 ], [ -122.56176, 37.89623 ], [ -122.56202, 37.89549 ], [ -122.56414, 37.89516 ], [ -122.56433, 37.89355 ], [ -122.56559, 37.8925 ], [ -122.56369, 37.89275 ], [ -122.56379, 37.89374 ], [ -122.56206, 37.89457 ], [ -122.56128, 37.89217 ], [ -122.56329, 37.89063 ], [ -122.56237, 37.88942 ], [ -122.56578, 37.88865 ], [ -122.5643, 37.88798 ], [ -122.56628, 37.88707 ], [ -122.56753, 37.88848 ], [ -122.56792, 37.88644 ], [ -122.57708, 37.8821 ], [ -122.57906, 37.87891 ], [ -122.58238, 37.87635 ], [ -122.58372, 37.87312 ], [ -122.57627, 37.86305 ], [ -122.57938, 37.86453 ], [ -122.58259, 37.86517 ], [ -122.58506, 37.86407 ], [ -122.58667, 37.86464 ], [ -122.58761, 37.86769 ], [ -122.59398, 37.87503 ], [ -122.59875, 37.87488 ], [ -122.60188, 37.87717 ], [ -122.60017, 37.87846 ], [ -122.60345, 37.87727 ], [ -122.60444, 37.87595 ], [ -122.61394, 37.87843 ], [ -122.61744, 37.87723 ], [ -122.62112, 37.87882 ], [ -122.62409, 37.88105 ], [ -122.62693, 37.88074 ], [ -122.62871, 37.88169 ], [ -122.62821, 37.88451 ], [ -122.62896, 37.88522 ], [ -122.62414, 37.88749 ], [ -122.61912, 37.89321 ], [ -122.61642, 37.89519 ], [ -122.61294, 37.8965 ], [ -122.61058, 37.89916 ], [ -122.6232, 37.90516 ], [ -122.61593, 37.90909 ], [ -122.61922, 37.90922 ], [ -122.62076, 37.91059 ], [ -122.62521, 37.91123 ], [ -122.62464, 37.91249 ], [ -122.6275, 37.91633 ], [ -122.6286, 37.91643 ], [ -122.62874, 37.91888 ], [ -122.6302, 37.9205 ], [ -122.63311, 37.9214 ], [ -122.63903, 37.92474 ], [ -122.64032, 37.92459 ], [ -122.64653, 37.93384 ], [ -122.65052, 37.93574 ], [ -122.65351, 37.93548 ], [ -122.65675, 37.93689 ], [ -122.65799, 37.93834 ], [ -122.65845, 37.94057 ], [ -122.66315, 37.9453 ], [ -122.66717, 37.94698 ], [ -122.66878, 37.94703 ], [ -122.669, 37.94899 ], [ -122.67248, 37.95019 ], [ -122.67343, 37.95167 ], [ -122.67483, 37.95206 ], [ -122.67588, 37.9513 ], [ -122.6767, 37.95349 ], [ -122.68074, 37.95524 ], [ -122.68364, 37.95894 ], [ -122.68261, 37.95973 ], [ -122.68408, 37.96189 ], [ -122.68628, 37.96237 ], [ -122.6888, 37.96538 ], [ -122.69426, 37.96814 ], [ -122.697, 37.97205 ], [ -122.70379, 37.9774 ], [ -122.70511, 37.98051 ], [ -122.71072, 37.984 ], [ -122.71327, 37.98353 ], [ -122.71638, 37.99149 ], [ -122.72028, 37.99599 ], [ -122.7193, 37.99735 ] ] ] } },
{ "type": "Feature", "properties": { "zip_code": "94952", "county": "Sonoma", "band": 60.0, "band_source": "routed", "drive_min": 55.7, "distance_mi": 36.8, "memberships": 3, "regular": null, "associate": null, "median_age": null, "age_note": "suppressed", "pt_lon": -122.71984, "pt_lat": 38.22859 }, "geometry": { "type": "Polygon", "coordinates": [ [ [ -123.00279, 38.29571 ], [ -123.00159, 38.29715 ], [ -122.99871, 38.29841 ], [ -122.99411, 38.29938 ], [ -122.99358, 38.30008 ], [ -122.99475, 38.30619 ], [ -122.99312, 38.30644 ], [ -122.99163, 38.30553 ], [ -122.98771, 38.30812 ], [ -122.98413, 38.30822 ], [ -122.98316, 38.31041 ], [ -122.98161, 38.31114 ], [ -122.97716, 38.31093 ], [ -122.97487, 38.31147 ], [ -122.97108, 38.30994 ], [ -122.96905, 38.3108 ], [ -122.96612, 38.31697 ], [ -122.96245, 38.31685 ], [ -122.95993, 38.31593 ], [ -122.95454, 38.31871 ], [ -122.95111, 38.32679 ], [ -122.94453, 38.32562 ], [ -122.94174, 38.32587 ], [ -122.92942, 38.3249 ], [ -122.92831, 38.32437 ], [ -122.93068, 38.3219 ], [ -122.93558, 38.31981 ], [ -122.93608, 38.31558 ], [ -122.93506, 38.31395 ], [ -122.9338, 38.31359 ], [ -122.93457, 38.31257 ], [ -122.93655, 38.31185 ], [ -122.9367, 38.31045 ], [ -122.93543, 38.30961 ], [ -122.93252, 38.31171 ], [ -122.92841, 38.3128 ], [ -122.92564, 38.31274 ], [ -122.92381, 38.31152 ], [ -122.92287, 38.30903 ], [ -122.92159, 38.30855 ], [ -122.91788, 38.31048 ], [ -122.9166, 38.31321 ], [ -122.91964, 38.31465 ], [ -122.92092, 38.3164 ], [ -122.91979, 38.31722 ], [ -122.9218, 38.31729 ], [ -122.92638, 38.3187 ], [ -122.92771, 38.32039 ], [ -122.92791, 38.32382 ], [ -122.92526, 38.33105 ], [ -122.91685, 38.34067 ], [ -122.91594, 38.3463 ], [ -122.91632, 38.34952 ], [ -122.9124, 38.35015 ], [ -122.90963, 38.34932 ], [ -122.90456, 38.3506 ], [ -122.90341, 38.35171 ], [ -122.89996, 38.35287 ], [ -122.8967, 38.35339 ], [ -122.89418, 38.35483 ], [ -122.88821, 38.35613 ], [ -122.88849, 38.35061 ], [ -122.89101, 38.35003 ], [ -122.8882, 38.34584 ], [ -122.88761, 38.32803 ], [ -122.88289, 38.32797 ], [ -122.88131, 38.33203 ], [ -122.88078, 38.3386 ], [ -122.87643, 38.33953 ], [ -122.87067, 38.33969 ], [ -122.86986, 38.34162 ], [ -122.86993, 38.34442 ], [ -122.85583, 38.34114 ], [ -122.85705, 38.34231 ], [ -122.8455, 38.33976 ], [ -122.8471, 38.34425 ], [ -122.84466, 38.34418 ], [ -122.84073, 38.33865 ], [ -122.83423, 38.33806 ], [ -122.83611, 38.33759 ], [ -122.83307, 38.33619 ], [ -122.82495, 38.33553 ], [ -122.82491, 38.32873 ], [ -122.82367, 38.32874 ], [ -122.8237, 38.32802 ], [ -122.81503, 38.32796 ], [ -122.81434, 38.32645 ], [ -122.80988, 38.32643 ], [ -122.81, 38.33231 ], [ -122.80946, 38.33248 ], [ -122.80542, 38.33126 ], [ -122.80537, 38.32843 ], [ -122.78871, 38.32843 ], [ -122.78715, 38.32903 ], [ -122.77771, 38.32909 ], [ -122.77765, 38.32595 ], [ -122.76956, 38.32595 ], [ -122.76959, 38.32969 ], [ -122.76851, 38.32962 ], [ -122.76847, 38.32608 ], [ -122.76475, 38.32603 ], [ -122.7635, 38.32858 ], [ -122.7607, 38.32858 ], [ -122.76022, 38.33137 ], [ -122.75853, 38.33362 ], [ -122.75174, 38.33501 ], [ -122.74483, 38.33044 ], [ -122.74455, 38.32894 ], [ -122.74204, 38.32609 ], [ -122.73699, 38.3275 ], [ -122.7353, 38.32411 ], [ -122.71947, 38.3138 ], [ -122.72155, 38.31231 ], [ -122.72597, 38.31139 ], [ -122.72917, 38.30787 ], [ -122.70515, 38.29514 ], [ -122.69999, 38.29144 ], [ -122.68956, 38.28599 ], [ -122.68768, 38.28442 ], [ -122.68626, 38.2843 ], [ -122.66998, 38.27219 ], [ -122.66154, 38.26508 ], [ -122.62445, 38.24467 ], [ -122.61556, 38.22853 ], [ -122.61412, 38.2284 ], [ -122.60627, 38.22446 ], [ -122.60323, 38.2211 ], [ -122.59466, 38.2207 ], [ -122.58386, 38.20973 ], [ -122.57683, 38.20681 ], [ -122.56891, 38.20419 ], [ -122.56569, 38.20942 ], [ -122.56617, 38.2109 ], [ -122.56808, 38.21189 ], [ -122.57139, 38.2116 ], [ -122.56865, 38.21206 ], [ -122.5703, 38.21266 ], [ -122.56655, 38.21154 ], [ -122.56528, 38.21011 ], [ -122.56676, 38.20603 ], [ -122.56655, 38.20422 ], [ -122.56535, 38.20172 ], [ -122.56256, 38.19872 ], [ -122.55898, 38.19821 ], [ -122.55492, 38.19989 ], [ -122.55128, 38.20006 ], [ -122.54974, 38.19953 ], [ -122.54751, 38.19684 ], [ -122.54484, 38.18501 ], [ -122.54372, 38.18307 ], [ -122.54056, 38.17917 ], [ -122.53303, 38.173 ], [ -122.53175, 38.17132 ], [ -122.53212, 38.16907 ], [ -122.53413, 38.16715 ], [ -122.54189, 38.16472 ], [ -122.54469, 38.16236 ], [ -122.54463, 38.15987 ], [ -122.54538, 38.15873 ], [ -122.5476, 38.15747 ], [ -122.54962, 38.15729 ], [ -122.5548, 38.15866 ], [ -122.55714, 38.15958 ], [ -122.55844, 38.16197 ], [ -122.55799, 38.16353 ], [ -122.55599, 38.16547 ], [ -122.55349, 38.16662 ], [ -122.55198, 38.169 ], [ -122.55329, 38.16998 ], [ -122.55628, 38.16971 ], [ -122.55924, 38.16862 ], [ -122.56319, 38.16932 ], [ -122.56426, 38.17069 ], [ -122.56446, 38.17508 ], [ -122.56838, 38.17684 ], [ -122.56646, 38.17913 ], [ -122.56509, 38.18222 ], [ -122.56788, 38.1838 ], [ -122.57073, 38.18714 ], [ -122.5725, 38.18707 ], [ -122.57317, 38.18588 ], [ -122.57093, 38.18459 ], [ -122.57069, 38.18352 ], [ -122.57324, 38.1833 ], [ -122.5782, 38.18358 ], [ -122.5798, 38.18554 ], [ -122.58186, 38.18611 ], [ -122.58212, 38.18802 ], [ -122.58371, 38.18704 ], [ -122.58451, 38.18807 ], [ -122.58681, 38.18772 ], [ -122.58722, 38.18699 ], [ -122.59115, 38.18599 ], [ -122.59146, 38.18763 ], [ -122.5926, 38.18878 ], [ -122.59493, 38.18838 ], [ -122.59817, 38.18719 ], [ -122.60092, 38.18526 ], [ -122.59959, 38.18113 ], [ -122.59753, 38.17903 ], [ -122.57161, 38.1603 ], [ -122.56963, 38.15822 ], [ -122.5649, 38.14538 ], [ -122.56387, 38.13565 ], [ -122.56446, 38.13187 ], [ -122.56526, 38.1349 ], [ -122.5679, 38.13507 ], [ -122.56889, 38.13606 ], [ -122.57776, 38.1384 ], [ -122.58049, 38.13628 ], [ -122.5921, 38.14589 ], [ -122.59909, 38.14702 ], [ -122.60734, 38.14695 ], [ -122.60879, 38.14782 ], [ -122.6089, 38.13878 ], [ -122.612, 38.13984 ], [ -122.61398, 38.13975 ], [ -122.6167, 38.13852 ], [ -122.62201, 38.13731 ], [ -122.62408, 38.13086 ], [ -122.62405, 38.1228 ], [ -122.62555, 38.12314 ], [ -122.62652, 38.12443 ], [ -122.62859, 38.13021 ], [ -122.63054, 38.13287 ], [ -122.6363, 38.13539 ], [ -122.63948, 38.13877 ], [ -122.64159, 38.14632 ], [ -122.65286, 38.14801 ], [ -122.66009, 38.14555 ], [ -122.66198, 38.1457 ], [ -122.6648, 38.14814 ], [ -122.66692, 38.14858 ], [ -122.68324, 38.14916 ], [ -122.68722, 38.14722 ], [ -122.69221, 38.14582 ], [ -122.69658, 38.14245 ], [ -122.6996, 38.13753 ], [ -122.7002, 38.13417 ], [ -122.69868, 38.12095 ], [ -122.698, 38.11967 ], [ -122.70061, 38.11939 ], [ -122.70305, 38.12335 ], [ -122.70684, 38.12278 ], [ -122.71412, 38.12685 ], [ -122.71615, 38.12292 ], [ -122.71566, 38.12144 ], [ -122.71402, 38.11995 ], [ -122.71529, 38.11376 ], [ -122.71847, 38.11312 ], [ -122.7201, 38.11185 ], [ -122.72172, 38.10927 ], [ -122.72685, 38.10608 ], [ -122.73217, 38.09809 ], [ -122.73378, 38.09704 ], [ -122.73706, 38.09265 ], [ -122.7426, 38.09225 ], [ -122.74405, 38.09486 ], [ -122.7453, 38.0946 ], [ -122.74774, 38.09641 ], [ -122.74982, 38.09672 ], [ -122.75067, 38.09857 ], [ -122.7502, 38.10057 ], [ -122.75082, 38.10234 ], [ -122.75227, 38.10371 ], [ -122.75289, 38.10854 ], [ -122.75503, 38.10976 ], [ -122.75477, 38.11105 ], [ -122.75601, 38.11111 ], [ -122.75918, 38.11297 ], [ -122.76137, 38.11273 ], [ -122.7658, 38.11532 ], [ -122.76636, 38.11638 ], [ -122.76821, 38.11602 ], [ -122.77375, 38.11748 ], [ -122.80172, 38.13738 ], [ -122.80503, 38.14037 ], [ -122.80441, 38.14492 ], [ -122.81676, 38.15257 ], [ -122.82246, 38.14934 ], [ -122.82655, 38.15025 ], [ -122.82889, 38.14958 ], [ -122.83219, 38.15017 ], [ -122.83562, 38.14831 ], [ -122.83975, 38.14868 ], [ -122.84541, 38.15174 ], [ -122.8512, 38.15098 ], [ -122.85271, 38.15003 ], [ -122.85457, 38.15019 ], [ -122.86134, 38.15356 ], [ -122.86235, 38.15581 ], [ -122.86424, 38.15593 ], [ -122.8668, 38.15912 ], [ -122.87413, 38.16407 ], [ -122.87416, 38.16477 ], [ -122.87013, 38.16618 ], [ -122.87011, 38.16741 ], [ -122.86807, 38.17099 ], [ -122.8651, 38.17488 ], [ -122.85897, 38.17854 ], [ -122.85886, 38.1795 ], [ -122.85689, 38.18131 ], [ -122.85692, 38.18256 ], [ -122.85289, 38.18625 ], [ -122.85338, 38.18696 ], [ -122.85249, 38.19027 ], [ -122.85131, 38.19102 ], [ -122.85017, 38.19344 ], [ -122.84848, 38.1933 ], [ -122.84707, 38.19168 ], [ -122.84156, 38.19115 ], [ -122.83976, 38.18962 ], [ -122.83917, 38.18794 ], [ -122.83911, 38.18988 ], [ -122.84164, 38.19284 ], [ -122.84292, 38.19235 ], [ -122.8459, 38.19381 ], [ -122.84628, 38.19538 ], [ -122.84839, 38.19678 ], [ -122.84967, 38.19615 ], [ -122.85345, 38.19778 ], [ -122.8545, 38.19914 ], [ -122.85487, 38.20226 ], [ -122.85646, 38.2022 ], [ -122.85683, 38.20002 ], [ -122.8593, 38.19903 ], [ -122.86047, 38.19924 ], [ -122.85867, 38.20195 ], [ -122.85875, 38.20361 ], [ -122.86008, 38.20517 ], [ -122.85917, 38.20636 ], [ -122.86039, 38.20824 ], [ -122.85988, 38.21221 ], [ -122.85839, 38.21227 ], [ -122.8575, 38.21488 ], [ -122.85553, 38.21426 ], [ -122.85536, 38.21261 ], [ -122.85208, 38.20991 ], [ -122.85169, 38.20849 ], [ -122.85037, 38.20861 ], [ -122.84885, 38.21209 ], [ -122.84288, 38.21035 ], [ -122.83706, 38.21032 ], [ -122.83486, 38.21144 ], [ -122.82985, 38.21189 ], [ -122.826, 38.21595 ], [ -122.82563, 38.21737 ], [ -122.82689, 38.21798 ], [ -122.81766, 38.23578 ], [ -122.81055, 38.23614 ], [ -122.81026, 38.23963 ], [ -122.81113, 38.24184 ], [ -122.81138, 38.24669 ], [ -122.81408, 38.2508 ], [ -122.81605, 38.25564 ], [ -122.84067, 38.25302 ], [ -122.84897, 38.25304 ], [ -122.85778, 38.25544 ], [ -122.85939, 38.2552 ], [ -122.85931, 38.2585 ], [ -122.86099, 38.26061 ], [ -122.85985, 38.26255 ], [ -122.86021, 38.26384 ], [ -122.8619, 38.2643 ], [ -122.86606, 38.26303 ], [ -122.86824, 38.26333 ], [ -122.8698, 38.26653 ], [ -122.87226, 38.26737 ], [ -122.87308, 38.2664 ], [ -122.87313, 38.26435 ], [ -122.875, 38.26416 ], [ -122.87744, 38.26651 ], [ -122.87861, 38.26611 ], [ -122.88517, 38.26677 ], [ -122.89114, 38.26284 ], [ -122.89566, 38.26244 ], [ -122.89806, 38.26316 ], [ -122.89828, 38.26524 ], [ -122.90082, 38.26723 ], [ -122.90229, 38.27085 ], [ -122.90212, 38.27219 ], [ -122.90424, 38.27226 ], [ -122.90642, 38.27014 ], [ -122.90914, 38.27037 ], [ -122.91558, 38.26885 ], [ -122.91716, 38.26942 ], [ -122.91793, 38.27223 ], [ -122.92029, 38.27293 ], [ -122.92212, 38.27175 ], [ -122.92157, 38.26573 ], [ -122.92254, 38.26313 ], [ -122.92354, 38.26238 ], [ -122.92472, 38.26241 ], [ -122.92735, 38.26426 ], [ -122.92678, 38.26158 ], [ -122.92745, 38.25745 ], [ -122.92399, 38.25153 ], [ -122.92381, 38.24799 ], [ -122.92513, 38.248 ], [ -122.93099, 38.24578 ], [ -122.93785, 38.24174 ], [ -122.93948, 38.24167 ], [ -122.9414, 38.24279 ], [ -122.94271, 38.24509 ], [ -122.94272, 38.24878 ], [ -122.94507, 38.25075 ], [ -122.94653, 38.25111 ], [ -122.95218, 38.25586 ], [ -122.95726, 38.25594 ], [ -122.95855, 38.25761 ], [ -122.96019, 38.25747 ], [ -122.96432, 38.26082 ], [ -122.96932, 38.26371 ], [ -122.97101, 38.26376 ], [ -122.97391, 38.26606 ], [ -122.97663, 38.2672 ], [ -122.9764, 38.26975 ], [ -122.97766, 38.26997 ], [ -122.97725, 38.268 ], [ -122.98632, 38.27316 ], [ -122.98945, 38.28024 ], [ -122.9946, 38.2831 ], [ -122.99711, 38.28946 ], [ -123.00279, 38.29571 ] ] ] } },
{ "type": "Feature", "properties": { "zip_code": "94963", "county": "Marin", "band": 45.0, "band_source": "routed", "drive_min": 44.2, "distance_mi": 20.1, "memberships": 1, "regular": null, "associate": null, "median_age": null, "age_note": "suppressed", "pt_lon": -122.66305, "pt_lat": 38.00815 }, "geometry": { "type": "Polygon", "coordinates": [ [ [ -122.6803, 38.01271 ], [ -122.6748, 38.01262 ], [ -122.67401, 38.01506 ], [ -122.67522, 38.01499 ], [ -122.67602, 38.01638 ], [ -122.67419, 38.01607 ], [ -122.67369, 38.01925 ], [ -122.66947, 38.01942 ], [ -122.66493, 38.01838 ], [ -122.66217, 38.02002 ], [ -122.66381, 38.01784 ], [ -122.66298, 38.01257 ], [ -122.65999, 38.01295 ], [ -122.65799, 38.01182 ], [ -122.65078, 38.01317 ], [ -122.64753, 38.0132 ], [ -122.64694, 38.01282 ], [ -122.64883, 38.01287 ], [ -122.65376, 38.01165 ], [ -122.65265, 38.00941 ], [ -122.65043, 38.00886 ], [ -122.65022, 38.007 ], [ -122.64764, 38.00704 ], [ -122.64622, 38.00631 ], [ -122.65389, 38.00073 ], [ -122.65388, 37.99995 ], [ -122.65676, 37.99789 ], [ -122.65762, 37.99937 ], [ -122.65895, 37.99962 ], [ -122.66144, 37.99883 ], [ -122.66546, 38.00031 ], [ -122.66862, 37.99965 ], [ -122.67123, 37.99692 ], [ -122.67345, 37.99883 ], [ -122.6743, 38.00081 ], [ -122.67624, 38.00083 ], [ -122.67751, 38.00293 ], [ -122.67971, 38.00353 ], [ -122.67733, 38.00474 ], [ -122.67553, 38.00712 ], [ -122.67685, 38.00992 ], [ -122.67901, 38.01094 ], [ -122.6803, 38.01271 ] ] ] } },
{ "type": "Feature", "properties": { "zip_code": "95476", "county": "Sonoma", "band": 60.0, "band_source": "routed", "drive_min": 50.9, "distance_mi": 34.2, "memberships": 5, "regular": 5.0, "associate": 0.0, "median_age": 73.0, "age_note": null, "pt_lon": -122.43543, "pt_lat": 38.24238 }, "geometry": { "type": "Polygon", "coordinates": [ [ [ -122.57457, 38.32486 ], [ -122.57353, 38.32755 ], [ -122.56952, 38.32707 ], [ -122.56722, 38.3275 ], [ -122.56683, 38.33047 ], [ -122.57, 38.33278 ], [ -122.56986, 38.33471 ], [ -122.56325, 38.33767 ], [ -122.56169, 38.34094 ], [ -122.55972, 38.3409 ], [ -122.55691, 38.34477 ], [ -122.55543, 38.34525 ], [ -122.55225, 38.34431 ], [ -122.54973, 38.34451 ], [ -122.54214, 38.34801 ], [ -122.54119, 38.34907 ], [ -122.53639, 38.35066 ], [ -122.53358, 38.35076 ], [ -122.52474, 38.35457 ], [ -122.52292, 38.35285 ], [ -122.5225, 38.3509 ], [ -122.51935, 38.35134 ], [ -122.51741, 38.34941 ], [ -122.52112, 38.34889 ], [ -122.51994, 38.34768 ], [ -122.52084, 38.347 ], [ -122.51878, 38.34508 ], [ -122.51896, 38.34448 ], [ -122.51829, 38.34512 ], [ -122.51876, 38.34581 ], [ -122.51705, 38.34617 ], [ -122.51579, 38.34801 ], [ -122.51445, 38.34666 ], [ -122.51279, 38.33861 ], [ -122.50899, 38.3399 ], [ -122.50616, 38.34004 ], [ -122.50078, 38.34252 ], [ -122.49703, 38.34286 ], [ -122.49546, 38.34398 ], [ -122.4929, 38.3447 ], [ -122.49024, 38.34782 ], [ -122.48507, 38.34985 ], [ -122.48194, 38.35001 ], [ -122.48011, 38.35129 ], [ -122.47854, 38.35865 ], [ -122.47742, 38.35747 ], [ -122.477, 38.35546 ], [ -122.47407, 38.35366 ], [ -122.47268, 38.35891 ], [ -122.47308, 38.35963 ], [ -122.47105, 38.36132 ], [ -122.4699, 38.36382 ], [ -122.4704, 38.36515 ], [ -122.46882, 38.36555 ], [ -122.46968, 38.36697 ], [ -122.46951, 38.36837 ], [ -122.46803, 38.36877 ], [ -122.4663, 38.36784 ], [ -122.46181, 38.36867 ], [ -122.45939, 38.37036 ], [ -122.45744, 38.36862 ], [ -122.45774, 38.36747 ], [ -122.45449, 38.36562 ], [ -122.45225, 38.36207 ], [ -122.44969, 38.36101 ], [ -122.4472, 38.35903 ], [ -122.44228, 38.35903 ], [ -122.43951, 38.35811 ], [ -122.43743, 38.35666 ], [ -122.43668, 38.35514 ], [ -122.42933, 38.351 ], [ -122.42911, 38.34945 ], [ -122.42733, 38.34914 ], [ -122.42721, 38.34604 ], [ -122.42499, 38.34511 ], [ -122.42151, 38.33951 ], [ -122.41968, 38.33854 ], [ -122.41875, 38.33959 ], [ -122.41726, 38.33932 ], [ -122.41756, 38.33801 ], [ -122.4144, 38.33627 ], [ -122.41199, 38.33401 ], [ -122.4135, 38.33209 ], [ -122.41373, 38.33069 ], [ -122.4121, 38.32787 ], [ -122.40972, 38.32596 ], [ -122.40946, 38.32113 ], [ -122.40858, 38.32011 ], [ -122.40687, 38.3218 ], [ -122.4054, 38.32212 ], [ -122.40374, 38.31972 ], [ -122.40195, 38.31419 ], [ -122.39634, 38.30918 ], [ -122.39538, 38.30643 ], [ -122.39217, 38.30688 ], [ -122.38547, 38.29863 ], [ -122.38677, 38.29809 ], [ -122.37855, 38.28418 ], [ -122.37709, 38.27962 ], [ -122.38927, 38.26787 ], [ -122.38907, 38.26439 ], [ -122.3899, 38.2607 ], [ -122.38816, 38.25834 ], [ -122.38559, 38.25671 ], [ -122.38434, 38.2545 ], [ -122.38249, 38.25411 ], [ -122.37899, 38.25071 ], [ -122.37729, 38.24992 ], [ -122.37719, 38.24842 ], [ -122.37386, 38.24744 ], [ -122.37459, 38.24452 ], [ -122.37048, 38.24532 ], [ -122.37039, 38.24692 ], [ -122.36679, 38.24701 ], [ -122.35992, 38.2305 ], [ -122.35804, 38.21471 ], [ -122.35902, 38.20958 ], [ -122.35753, 38.20887 ], [ -122.35638, 38.2068 ], [ -122.35407, 38.20542 ], [ -122.35228, 38.20267 ], [ -122.35068, 38.20183 ], [ -122.35085, 38.19693 ], [ -122.34956, 38.19397 ], [ -122.3505, 38.19261 ], [ -122.35513, 38.19686 ], [ -122.3591, 38.19757 ], [ -122.36026, 38.19711 ], [ -122.36054, 38.19506 ], [ -122.35705, 38.19063 ], [ -122.35737, 38.18396 ], [ -122.35856, 38.18197 ], [ -122.36008, 38.18193 ], [ -122.36282, 38.18343 ], [ -122.36679, 38.18382 ], [ -122.36905, 38.18178 ], [ -122.3697, 38.18236 ], [ -122.37904, 38.18083 ], [ -122.37961, 38.18217 ], [ -122.37861, 38.18393 ], [ -122.37625, 38.18595 ], [ -122.37369, 38.18633 ], [ -122.37277, 38.18765 ], [ -122.37348, 38.18919 ], [ -122.37514, 38.19031 ], [ -122.37899, 38.19146 ], [ -122.38325, 38.19138 ], [ -122.38552, 38.19257 ], [ -122.38694, 38.19552 ], [ -122.38663, 38.19794 ], [ -122.38525, 38.19967 ], [ -122.38172, 38.20082 ], [ -122.38002, 38.20249 ], [ -122.37938, 38.20648 ], [ -122.37789, 38.20671 ], [ -122.37564, 38.20466 ], [ -122.37448, 38.20547 ], [ -122.37672, 38.20753 ], [ -122.37869, 38.20808 ], [ -122.38021, 38.20748 ], [ -122.38087, 38.20596 ], [ -122.38051, 38.2037 ], [ -122.38277, 38.20097 ], [ -122.39014, 38.20063 ], [ -122.39196, 38.1994 ], [ -122.39275, 38.19748 ], [ -122.39929, 38.20151 ], [ -122.40371, 38.20675 ], [ -122.40634, 38.20748 ], [ -122.41021, 38.20716 ], [ -122.41237, 38.20826 ], [ -122.41418, 38.21189 ], [ -122.4167, 38.21314 ], [ -122.41841, 38.21297 ], [ -122.41895, 38.20933 ], [ -122.4208, 38.20657 ], [ -122.42307, 38.20658 ], [ -122.42615, 38.20751 ], [ -122.42584, 38.20925 ], [ -122.42776, 38.21017 ], [ -122.42856, 38.2083 ], [ -122.43579, 38.19939 ], [ -122.43681, 38.19695 ], [ -122.43781, 38.18818 ], [ -122.44001, 38.18447 ], [ -122.43949, 38.18204 ], [ -122.44002, 38.18106 ], [ -122.4437, 38.17903 ], [ -122.44178, 38.17755 ], [ -122.44132, 38.17535 ], [ -122.4427, 38.17199 ], [ -122.44006, 38.17095 ], [ -122.43452, 38.17117 ], [ -122.42608, 38.17034 ], [ -122.4234, 38.16906 ], [ -122.42501, 38.16601 ], [ -122.42196, 38.16417 ], [ -122.42073, 38.16082 ], [ -122.41904, 38.16046 ], [ -122.41317, 38.16185 ], [ -122.40982, 38.16092 ], [ -122.4086, 38.15918 ], [ -122.40766, 38.15346 ], [ -122.40562, 38.15077 ], [ -122.40563, 38.1493 ], [ -122.40453, 38.14795 ], [ -122.40783, 38.1401 ], [ -122.41074, 38.13662 ], [ -122.41994, 38.12935 ], [ -122.433, 38.1233 ], [ -122.4435, 38.11698 ], [ -122.44896, 38.11772 ], [ -122.45093, 38.12034 ], [ -122.44837, 38.12612 ], [ -122.44145, 38.13485 ], [ -122.44478, 38.13834 ], [ -122.46382, 38.13082 ], [ -122.49752, 38.11513 ], [ -122.4988, 38.1113 ], [ -122.50163, 38.11233 ], [ -122.49142, 38.12019 ], [ -122.48715, 38.12239 ], [ -122.4891, 38.12596 ], [ -122.47629, 38.13398 ], [ -122.48945, 38.15147 ], [ -122.49405, 38.15409 ], [ -122.49815, 38.15734 ], [ -122.49711, 38.16028 ], [ -122.49999, 38.15877 ], [ -122.50115, 38.16222 ], [ -122.51848, 38.17618 ], [ -122.51947, 38.17615 ], [ -122.52311, 38.1733 ], [ -122.53636, 38.18313 ], [ -122.53883, 38.18557 ], [ -122.53776, 38.18699 ], [ -122.54188, 38.19019 ], [ -122.54426, 38.1945 ], [ -122.53571, 38.20362 ], [ -122.53114, 38.20418 ], [ -122.52948, 38.2049 ], [ -122.5254, 38.20448 ], [ -122.52179, 38.20537 ], [ -122.51182, 38.19906 ], [ -122.51034, 38.19644 ], [ -122.50833, 38.19511 ], [ -122.50278, 38.19424 ], [ -122.50091, 38.19459 ], [ -122.49853, 38.19175 ], [ -122.497, 38.19157 ], [ -122.49378, 38.18934 ], [ -122.49047, 38.18915 ], [ -122.48663, 38.18784 ], [ -122.48519, 38.18657 ], [ -122.48122, 38.18551 ], [ -122.48047, 38.18453 ], [ -122.47485, 38.18284 ], [ -122.47286, 38.18098 ], [ -122.47162, 38.18072 ], [ -122.46953, 38.17733 ], [ -122.46383, 38.1739 ], [ -122.46079, 38.17129 ], [ -122.45934, 38.1712 ], [ -122.45739, 38.17004 ], [ -122.45356, 38.17518 ], [ -122.44724, 38.17711 ], [ -122.44543, 38.17946 ], [ -122.44872, 38.17821 ], [ -122.45051, 38.1783 ], [ -122.45604, 38.18079 ], [ -122.46145, 38.18487 ], [ -122.46348, 38.18536 ], [ -122.46111, 38.18803 ], [ -122.45804, 38.18996 ], [ -122.49839, 38.22288 ], [ -122.49544, 38.22542 ], [ -122.50246, 38.23877 ], [ -122.50762, 38.23707 ], [ -122.50544, 38.24002 ], [ -122.50539, 38.24267 ], [ -122.50022, 38.24766 ], [ -122.50316, 38.2467 ], [ -122.50739, 38.24729 ], [ -122.51232, 38.25484 ], [ -122.52205, 38.25928 ], [ -122.52489, 38.26115 ], [ -122.53345, 38.26281 ], [ -122.5358, 38.26517 ], [ -122.5459, 38.27112 ], [ -122.54612, 38.27266 ], [ -122.54982, 38.27451 ], [ -122.55107, 38.27623 ], [ -122.56322, 38.28535 ], [ -122.55994, 38.28765 ], [ -122.55534, 38.28847 ], [ -122.55362, 38.29384 ], [ -122.56761, 38.31286 ], [ -122.57268, 38.3162 ], [ -122.57357, 38.31753 ], [ -122.57457, 38.32486 ] ], [ [ -122.51279, 38.33861 ], [ -122.51692, 38.33922 ], [ -122.52034, 38.34168 ], [ -122.52337, 38.3399 ], [ -122.52416, 38.33881 ], [ -122.5275, 38.33904 ], [ -122.53011, 38.3402 ], [ -122.5351, 38.33882 ], [ -122.53526, 38.33678 ], [ -122.53746, 38.33773 ], [ -122.53866, 38.33731 ], [ -122.53744, 38.33463 ], [ -122.53539, 38.33274 ], [ -122.53521, 38.33136 ], [ -122.53375, 38.33015 ], [ -122.53535, 38.32929 ], [ -122.53407, 38.32794 ], [ -122.53571, 38.32567 ], [ -122.53484, 38.32519 ], [ -122.53315, 38.3261 ], [ -122.53138, 38.32545 ], [ -122.53157, 38.32662 ], [ -122.52991, 38.32556 ], [ -122.52904, 38.3262 ], [ -122.52569, 38.32511 ], [ -122.5245, 38.3269 ], [ -122.52488, 38.32966 ], [ -122.52664, 38.33173 ], [ -122.52491, 38.33256 ], [ -122.52374, 38.3353 ], [ -122.52462, 38.33628 ], [ -122.51859, 38.33628 ], [ -122.51735, 38.33412 ], [ -122.51419, 38.33526 ], [ -122.51383, 38.33709 ], [ -122.51193, 38.33712 ], [ -122.51279, 38.33861 ] ] ] } },
{ "type": "Feature", "properties": { "zip_code": "94129", "county": "San Francisco", "band": 45.0, "band_source": "routed", "drive_min": 44.5, "distance_mi": 23.2, "memberships": 0, "regular": null, "associate": null, "median_age": null, "age_note": null, "pt_lon": -122.46463, "pt_lat": 37.79857 }, "geometry": { "type": "Polygon", "coordinates": [ [ [ -122.48576, 37.79068 ], [ -122.4803, 37.80129 ], [ -122.47817, 37.80835 ], [ -122.47678, 37.80944 ], [ -122.4707, 37.80855 ], [ -122.46379, 37.80465 ], [ -122.44848, 37.80602 ], [ -122.44946, 37.80245 ], [ -122.44782, 37.80163 ], [ -122.44634, 37.79216 ], [ -122.44772, 37.79189 ], [ -122.44794, 37.7929 ], [ -122.44943, 37.79164 ], [ -122.47091, 37.78722 ], [ -122.47555, 37.78678 ], [ -122.47984, 37.7868 ], [ -122.48415, 37.78766 ], [ -122.48407, 37.78951 ], [ -122.48576, 37.79068 ] ] ] } },
{ "type": "Feature", "properties": { "zip_code": "94550", "county": "Alameda", "band": null, "band_source": "routed", "drive_min": 130.0, "distance_mi": 72.6, "memberships": 3, "regular": null, "associate": null, "median_age": null, "age_note": "suppressed", "pt_lon": -121.57195, "pt_lat": 37.49257 }, "geometry": { "type": "Polygon", "coordinates": [ [ [ -121.82629, 37.67279 ], [ -121.82373, 37.67345 ], [ -121.82373, 37.67415 ], [ -121.78748, 37.67811 ], [ -121.78812, 37.67895 ], [ -121.77744, 37.68219 ], [ -121.76487, 37.68589 ], [ -121.76434, 37.6855 ], [ -121.75884, 37.68665 ], [ -121.76173, 37.68511 ], [ -121.75872, 37.68659 ], [ -121.75129, 37.68827 ], [ -121.74454, 37.69102 ], [ -121.74235, 37.68942 ], [ -121.74442, 37.69107 ], [ -121.71954, 37.70131 ], [ -121.72053, 37.7028 ], [ -121.71929, 37.70141 ], [ -121.70232, 37.70838 ], [ -121.69885, 37.71094 ], [ -121.69893, 37.70968 ], [ -121.69702, 37.70549 ], [ -121.697, 37.70677 ], [ -121.69866, 37.70967 ], [ -121.69668, 37.71566 ], [ -121.69661, 37.71851 ], [ -121.68111, 37.72175 ], [ -121.67541, 37.72113 ], [ -121.67056, 37.71854 ], [ -121.66745, 37.71783 ], [ -121.66521, 37.71795 ], [ -121.65709, 37.72074 ], [ -121.64651, 37.72549 ], [ -121.64049, 37.72634 ], [ -121.63712, 37.7276 ], [ -121.63291, 37.73196 ], [ -121.6295, 37.7342 ], [ -121.62704, 37.73181 ], [ -121.62381, 37.73187 ], [ -121.62139, 37.73124 ], [ -121.6087, 37.73227 ], [ -121.60502, 37.73414 ], [ -121.60292, 37.7332 ], [ -121.59768, 37.72545 ], [ -121.59613, 37.72439 ], [ -121.59373, 37.72435 ], [ -121.59076, 37.72581 ], [ -121.58776, 37.72534 ], [ -121.58544, 37.72287 ], [ -121.5815, 37.72147 ], [ -121.57528, 37.72355 ], [ -121.57271, 37.72575 ], [ -121.57009, 37.72664 ], [ -121.56812, 37.72626 ], [ -121.56803, 37.72544 ], [ -121.56511, 37.72315 ], [ -121.56288, 37.71913 ], [ -121.56166, 37.71489 ], [ -121.56773, 37.7149 ], [ -121.56819, 37.71295 ], [ -121.57089, 37.71058 ], [ -121.57351, 37.70941 ], [ -121.57634, 37.70603 ], [ -121.5818, 37.70295 ], [ -121.58369, 37.70124 ], [ -121.58505, 37.69858 ], [ -121.58759, 37.69726 ], [ -121.5891, 37.69737 ], [ -121.58939, 37.69598 ], [ -121.59202, 37.69328 ], [ -121.59249, 37.69121 ], [ -121.59384, 37.69078 ], [ -121.59716, 37.68706 ], [ -121.60007, 37.68636 ], [ -121.60793, 37.68744 ], [ -121.62489, 37.68643 ], [ -121.62952, 37.68683 ], [ -121.62862, 37.68509 ], [ -121.62973, 37.68469 ], [ -121.62828, 37.68356 ], [ -121.62656, 37.68374 ], [ -121.62493, 37.68258 ], [ -121.62475, 37.68064 ], [ -121.62371, 37.67904 ], [ -121.62228, 37.67271 ], [ -121.62362, 37.67211 ], [ -121.62533, 37.66973 ], [ -121.62445, 37.66883 ], [ -121.61824, 37.66658 ], [ -121.61362, 37.66785 ], [ -121.60986, 37.66813 ], [ -121.60904, 37.66706 ], [ -121.60793, 37.66722 ], [ -121.60548, 37.66633 ], [ -121.60549, 37.66475 ], [ -121.55696, 37.66423 ], [ -121.55666, 37.54273 ], [ -121.55045, 37.53933 ], [ -121.54836, 37.53593 ], [ -121.54685, 37.53503 ], [ -121.54575, 37.53253 ], [ -121.54328, 37.53159 ], [ -121.54183, 37.53021 ], [ -121.53362, 37.52889 ], [ -121.5299, 37.52705 ], [ -121.52882, 37.52806 ], [ -121.52386, 37.52621 ], [ -121.52233, 37.52471 ], [ -121.51913, 37.52445 ], [ -121.51675, 37.52551 ], [ -121.51367, 37.52476 ], [ -121.50788, 37.52477 ], [ -121.50442, 37.52586 ], [ -121.50147, 37.525 ], [ -121.49827, 37.52243 ], [ -121.49958, 37.52014 ], [ -121.50237, 37.51847 ], [ -121.49723, 37.51246 ], [ -121.49668, 37.50921 ], [ -121.49552, 37.50866 ], [ -121.49521, 37.50686 ], [ -121.49602, 37.50494 ], [ -121.49318, 37.50242 ], [ -121.48659, 37.50139 ], [ -121.48206, 37.50144 ], [ -121.47936, 37.49648 ], [ -121.4759, 37.49527 ], [ -121.47376, 37.49278 ], [ -121.47094, 37.49118 ], [ -121.46921, 37.48936 ], [ -121.4712, 37.48503 ], [ -121.47106, 37.48332 ], [ -121.47192, 37.48178 ], [ -121.47265, 37.48217 ], [ -121.47298, 37.48068 ], [ -121.47453, 37.47934 ], [ -121.47634, 37.48029 ], [ -121.47889, 37.47971 ], [ -121.48341, 37.47542 ], [ -121.48677, 37.47565 ], [ -121.48425, 37.46603 ], [ -121.4831, 37.46516 ], [ -121.4772, 37.46325 ], [ -121.47451, 37.46153 ], [ -121.47345, 37.46017 ], [ -121.47309, 37.45676 ], [ -121.46955, 37.45574 ], [ -121.46893, 37.45387 ], [ -121.46718, 37.45334 ], [ -121.46533, 37.45455 ], [ -121.46402, 37.45384 ], [ -121.46405, 37.45248 ], [ -121.46292, 37.45149 ], [ -121.46265, 37.44844 ], [ -121.46348, 37.44569 ], [ -121.46215, 37.44233 ], [ -121.46186, 37.4388 ], [ -121.46414, 37.4376 ], [ -121.46994, 37.43087 ], [ -121.47034, 37.42771 ], [ -121.46876, 37.42529 ], [ -121.4722, 37.42413 ], [ -121.47261, 37.42334 ], [ -121.46625, 37.41503 ], [ -121.46355, 37.41593 ], [ -121.45635, 37.40673 ], [ -121.45565, 37.40103 ], [ -121.45825, 37.39814 ], [ -121.45665, 37.39553 ], [ -121.45155, 37.39463 ], [ -121.4498, 37.39229 ], [ -121.44816, 37.39168 ], [ -121.44458, 37.39336 ], [ -121.44274, 37.39276 ], [ -121.44025, 37.39453 ], [ -121.43896, 37.39462 ], [ -121.43609, 37.39613 ], [ -121.43155, 37.39423 ], [ -121.42405, 37.39364 ], [ -121.41945, 37.39073 ], [ -121.41255, 37.38944 ], [ -121.41216, 37.38727 ], [ -121.41063, 37.38611 ], [ -121.40908, 37.38067 ], [ -121.41105, 37.37838 ], [ -121.41585, 37.37592 ], [ -121.41929, 37.36444 ], [ -121.4225, 37.36309 ], [ -121.42365, 37.35884 ], [ -121.41981, 37.35281 ], [ -121.41955, 37.35112 ], [ -121.42046, 37.35047 ], [ -121.4206, 37.34776 ], [ -121.41982, 37.34654 ], [ -121.42075, 37.34474 ], [ -121.40915, 37.33064 ], [ -121.41115, 37.32754 ], [ -121.41022, 37.32506 ], [ -121.41194, 37.32445 ], [ -121.4094, 37.32146 ], [ -121.40748, 37.31311 ], [ -121.40633, 37.31276 ], [ -121.40575, 37.31099 ], [ -121.40752, 37.30984 ], [ -121.40894, 37.30988 ], [ -121.41812, 37.30342 ], [ -121.42275, 37.29914 ], [ -121.42345, 37.29529 ], [ -121.42724, 37.29591 ], [ -121.43139, 37.29499 ], [ -121.43402, 37.29293 ], [ -121.43682, 37.29197 ], [ -121.4385, 37.29317 ], [ -121.44112, 37.29386 ], [ -121.44355, 37.29664 ], [ -121.44965, 37.29394 ], [ -121.44892, 37.29009 ], [ -121.45297, 37.28673 ], [ -121.45401, 37.28405 ], [ -121.45805, 37.28414 ], [ -121.45907, 37.28232 ], [ -121.45397, 37.27718 ], [ -121.45479, 37.27397 ], [ -121.48272, 37.27372 ], [ -121.4835, 37.27492 ], [ -121.48986, 37.27521 ], [ -121.48684, 37.27324 ], [ -121.48582, 37.26819 ], [ -121.48292, 37.26688 ], [ -121.48034, 37.26446 ], [ -121.48009, 37.25859 ], [ -121.48071, 37.25769 ], [ -121.47943, 37.25703 ], [ -121.47845, 37.25443 ], [ -121.47981, 37.2536 ], [ -121.48053, 37.25417 ], [ -121.4841, 37.25249 ], [ -121.48374, 37.25381 ], [ -121.48636, 37.25416 ], [ -121.48628, 37.25544 ], [ -121.48746, 37.25644 ], [ -121.49081, 37.25764 ], [ -121.48938, 37.25809 ], [ -121.48982, 37.25923 ], [ -121.49153, 37.25886 ], [ -121.4915, 37.25986 ], [ -121.49278, 37.26025 ], [ -121.49545, 37.25932 ], [ -121.50069, 37.25987 ], [ -121.50303, 37.2592 ], [ -121.50471, 37.26044 ], [ -121.50733, 37.2601 ], [ -121.51303, 37.26377 ], [ -121.51375, 37.26619 ], [ -121.51616, 37.26796 ], [ -121.51688, 37.27003 ], [ -121.51842, 37.27157 ], [ -121.51859, 37.27351 ], [ -121.5554, 37.27381 ], [ -121.55577, 37.27529 ], [ -121.53445, 37.27527 ], [ -121.53594, 37.27888 ], [ -121.53783, 37.28025 ], [ -121.53841, 37.28283 ], [ -121.53797, 37.28343 ], [ -121.54009, 37.28666 ], [ -121.53851, 37.28845 ], [ -121.53978, 37.29037 ], [ -121.54157, 37.29092 ], [ -121.54557, 37.29577 ], [ -121.54667, 37.29556 ], [ -121.54818, 37.29392 ], [ -121.54803, 37.29153 ], [ -121.5499, 37.29091 ], [ -121.55181, 37.28884 ], [ -121.55326, 37.28918 ], [ -121.55543, 37.28733 ], [ -121.55739, 37.28865 ], [ -121.56172, 37.28823 ], [ -121.56389, 37.29318 ], [ -121.56604, 37.2946 ], [ -121.56757, 37.29836 ], [ -121.56712, 37.29941 ], [ -121.56774, 37.30335 ], [ -121.56437, 37.30505 ], [ -121.56166, 37.30534 ], [ -121.5522, 37.30487 ], [ -121.54983, 37.30549 ], [ -121.54929, 37.30713 ], [ -121.54789, 37.30777 ], [ -121.54675, 37.30656 ], [ -121.54624, 37.30931 ], [ -121.54699, 37.30982 ], [ -121.54445, 37.31246 ], [ -121.54588, 37.31571 ], [ -121.54347, 37.3171 ], [ -121.5386, 37.31839 ], [ -121.54042, 37.31978 ], [ -121.5379, 37.326 ], [ -121.53504, 37.32752 ], [ -121.53534, 37.32858 ], [ -121.53369, 37.3336 ], [ -121.52971, 37.336 ], [ -121.53219, 37.33822 ], [ -121.5281, 37.33852 ], [ -121.52587, 37.34213 ], [ -121.5272, 37.34233 ], [ -121.52802, 37.34384 ], [ -121.53142, 37.34625 ], [ -121.53407, 37.34712 ], [ -121.53748, 37.35071 ], [ -121.53971, 37.35178 ], [ -121.54103, 37.35171 ], [ -121.54301, 37.35272 ], [ -121.5435, 37.35154 ], [ -121.54483, 37.35163 ], [ -121.54487, 37.35047 ], [ -121.54829, 37.3526 ], [ -121.55248, 37.35416 ], [ -121.5554, 37.35369 ], [ -121.56204, 37.35498 ], [ -121.56453, 37.35646 ], [ -121.56726, 37.35602 ], [ -121.5714, 37.35805 ], [ -121.5724, 37.35803 ], [ -121.57311, 37.35929 ], [ -121.57195, 37.36122 ], [ -121.57505, 37.36285 ], [ -121.57894, 37.36256 ], [ -121.58025, 37.36432 ], [ -121.58058, 37.36654 ], [ -121.57957, 37.36779 ], [ -121.58056, 37.37022 ], [ -121.5799, 37.3732 ], [ -121.58132, 37.37494 ], [ -121.58146, 37.3766 ], [ -121.58485, 37.37932 ], [ -121.58475, 37.38044 ], [ -121.58703, 37.38344 ], [ -121.58629, 37.38432 ], [ -121.58713, 37.38939 ], [ -121.58974, 37.39255 ], [ -121.59141, 37.39334 ], [ -121.59242, 37.39562 ], [ -121.59661, 37.40006 ], [ -121.59952, 37.40049 ], [ -121.6012, 37.40011 ], [ -121.60269, 37.39851 ], [ -121.60277, 37.40188 ], [ -121.60437, 37.40372 ], [ -121.60383, 37.40451 ], [ -121.59134, 37.40456 ], [ -121.59173, 37.43957 ], [ -121.59299, 37.44138 ], [ -121.5946, 37.44224 ], [ -121.59635, 37.44192 ], [ -121.59666, 37.44395 ], [ -121.59872, 37.44533 ], [ -121.59999, 37.44907 ], [ -121.60368, 37.45091 ], [ -121.60356, 37.45164 ], [ -121.60155, 37.45187 ], [ -121.59858, 37.45387 ], [ -121.59818, 37.45553 ], [ -121.59692, 37.4566 ], [ -121.59684, 37.46086 ], [ -121.59453, 37.46349 ], [ -121.59433, 37.46459 ], [ -121.59612, 37.46559 ], [ -121.59694, 37.46942 ], [ -121.59617, 37.47107 ], [ -121.59744, 37.47135 ], [ -121.59871, 37.47407 ], [ -121.59972, 37.47441 ], [ -121.60117, 37.47662 ], [ -121.60621, 37.47876 ], [ -121.60687, 37.48136 ], [ -121.60828, 37.48263 ], [ -121.66094, 37.48283 ], [ -121.66248, 37.48493 ], [ -121.66267, 37.48711 ], [ -121.66542, 37.48909 ], [ -121.66734, 37.48948 ], [ -121.67037, 37.49228 ], [ -121.67149, 37.49938 ], [ -121.67314, 37.5012 ], [ -121.67072, 37.50196 ], [ -121.67261, 37.50364 ], [ -121.67301, 37.50559 ], [ -121.6762, 37.50804 ], [ -121.67829, 37.51207 ], [ -121.67672, 37.51245 ], [ -121.67725, 37.51431 ], [ -121.67622, 37.51622 ], [ -121.67669, 37.51737 ], [ -121.67544, 37.51845 ], [ -121.67532, 37.52016 ], [ -121.68231, 37.53026 ], [ -121.68097, 37.5312 ], [ -121.68008, 37.52965 ], [ -121.67851, 37.5288 ], [ -121.67749, 37.53315 ], [ -121.67613, 37.53444 ], [ -121.67648, 37.53768 ], [ -121.67503, 37.5391 ], [ -121.67849, 37.54045 ], [ -121.6771, 37.54208 ], [ -121.68318, 37.54749 ], [ -121.68721, 37.54723 ], [ -121.68834, 37.5464 ], [ -121.69088, 37.54719 ], [ -121.69193, 37.54852 ], [ -121.69441, 37.54843 ], [ -121.69447, 37.54779 ], [ -121.69575, 37.55018 ], [ -121.69772, 37.55143 ], [ -121.69807, 37.55234 ], [ -121.70067, 37.55296 ], [ -121.7008, 37.55619 ], [ -121.70312, 37.55821 ], [ -121.70752, 37.55967 ], [ -121.71148, 37.56484 ], [ -121.71369, 37.56458 ], [ -121.71548, 37.56677 ], [ -121.71996, 37.56927 ], [ -121.71942, 37.57331 ], [ -121.72077, 37.57455 ], [ -121.72106, 37.57686 ], [ -121.72197, 37.57759 ], [ -121.72557, 37.57748 ], [ -121.72718, 37.57865 ], [ -121.72827, 37.5805 ], [ -121.73083, 37.58139 ], [ -121.73229, 37.58448 ], [ -121.73699, 37.58475 ], [ -121.73795, 37.58594 ], [ -121.73635, 37.5865 ], [ -121.73384, 37.5863 ], [ -121.73235, 37.59132 ], [ -121.7302, 37.59268 ], [ -121.73263, 37.59328 ], [ -121.73465, 37.59265 ], [ -121.73346, 37.59411 ], [ -121.73489, 37.59445 ], [ -121.73521, 37.59558 ], [ -121.73353, 37.59664 ], [ -121.73691, 37.59792 ], [ -121.73756, 37.59907 ], [ -121.74074, 37.60089 ], [ -121.74127, 37.59957 ], [ -121.75647, 37.60031 ], [ -121.77857, 37.60041 ], [ -121.8102, 37.61976 ], [ -121.80782, 37.62568 ], [ -121.80228, 37.62947 ], [ -121.80207, 37.63398 ], [ -121.80151, 37.63545 ], [ -121.79957, 37.63672 ], [ -121.79905, 37.64032 ], [ -121.79986, 37.64243 ], [ -121.80454, 37.64759 ], [ -121.80567, 37.65097 ], [ -121.80608, 37.65555 ], [ -121.8238, 37.66249 ], [ -121.82376, 37.67108 ], [ -121.82508, 37.67111 ], [ -121.82538, 37.67049 ], [ -121.82629, 37.67279 ] ] ] } },
{ "type": "Feature", "properties": { "zip_code": "94552", "county": "Alameda", "band": 45.0, "band_source": "routed", "drive_min": 38.4, "distance_mi": 31.6, "memberships": 1, "regular": null, "associate": null, "median_age": null, "age_note": "suppressed", "pt_lon": -122.01612, "pt_lat": 37.69678 }, "geometry": { "type": "Polygon", "coordinates": [ [ [ -122.12099, 37.79298 ], [ -122.11913, 37.79411 ], [ -122.11668, 37.79919 ], [ -122.11526, 37.79999 ], [ -122.11381, 37.80273 ], [ -122.11279, 37.80284 ], [ -122.04547, 37.79813 ], [ -122.03047, 37.78773 ], [ -122.02197, 37.78423 ], [ -122.01777, 37.78123 ], [ -122.01407, 37.78023 ], [ -121.99741, 37.76336 ], [ -122.01077, 37.75513 ], [ -122.01177, 37.74743 ], [ -122.00107, 37.73903 ], [ -121.9995, 37.73843 ], [ -121.99543, 37.73835 ], [ -121.9881, 37.73315 ], [ -121.9801, 37.73111 ], [ -121.97194, 37.73032 ], [ -121.97126, 37.72956 ], [ -121.97529, 37.72628 ], [ -121.97425, 37.72582 ], [ -121.97323, 37.72715 ], [ -121.97142, 37.72612 ], [ -121.97192, 37.72225 ], [ -121.97114, 37.72122 ], [ -121.97372, 37.72054 ], [ -121.97574, 37.71874 ], [ -121.97532, 37.71428 ], [ -121.97268, 37.71266 ], [ -121.97383, 37.7094 ], [ -121.9878, 37.70932 ], [ -121.98759, 37.70051 ], [ -121.97931, 37.699 ], [ -121.97967, 37.69803 ], [ -121.97332, 37.69703 ], [ -121.97474, 37.69605 ], [ -121.976, 37.69612 ], [ -121.97469, 37.69535 ], [ -121.97684, 37.68967 ], [ -121.98349, 37.68901 ], [ -121.97982, 37.68023 ], [ -121.97681, 37.67548 ], [ -121.97483, 37.67404 ], [ -121.97333, 37.67414 ], [ -121.9676, 37.67143 ], [ -121.96354, 37.67175 ], [ -121.96398, 37.66966 ], [ -121.96684, 37.66732 ], [ -121.96785, 37.6639 ], [ -121.9637, 37.66316 ], [ -121.95983, 37.65992 ], [ -121.96042, 37.65896 ], [ -121.95946, 37.65782 ], [ -121.95327, 37.65321 ], [ -121.95142, 37.65394 ], [ -121.94982, 37.65299 ], [ -121.94839, 37.65086 ], [ -121.9458, 37.64893 ], [ -121.94504, 37.64733 ], [ -121.94267, 37.64568 ], [ -121.94144, 37.64398 ], [ -121.94174, 37.6432 ], [ -121.93934, 37.64245 ], [ -121.93869, 37.64023 ], [ -121.93529, 37.63815 ], [ -121.93414, 37.6349 ], [ -121.93161, 37.63227 ], [ -121.93099, 37.63054 ], [ -121.92924, 37.62911 ], [ -121.92762, 37.62866 ], [ -121.92752, 37.60729 ], [ -121.93197, 37.60726 ], [ -121.93183, 37.59255 ], [ -121.93277, 37.59173 ], [ -121.93487, 37.591 ], [ -121.93629, 37.59115 ], [ -121.93813, 37.59506 ], [ -121.93801, 37.59767 ], [ -121.93961, 37.59883 ], [ -121.94602, 37.59751 ], [ -121.9497, 37.59811 ], [ -121.95165, 37.59753 ], [ -121.95724, 37.59102 ], [ -121.95764, 37.58949 ], [ -121.96794, 37.5982 ], [ -121.96766, 37.5968 ], [ -121.9666, 37.59582 ], [ -121.96861, 37.59606 ], [ -121.97001, 37.59497 ], [ -121.97795, 37.59438 ], [ -121.98353, 37.59915 ], [ -121.98623, 37.59895 ], [ -121.9877, 37.59973 ], [ -121.98348, 37.60286 ], [ -121.98607, 37.60517 ], [ -121.99317, 37.60665 ], [ -121.99575, 37.60605 ], [ -121.99781, 37.6067 ], [ -121.99988, 37.60828 ], [ -122.00252, 37.60796 ], [ -122.00475, 37.60637 ], [ -122.00713, 37.60615 ], [ -122.01161, 37.6088 ], [ -122.00924, 37.60875 ], [ -122.00535, 37.61113 ], [ -122.00585, 37.61188 ], [ -122.00437, 37.61316 ], [ -122.00364, 37.61583 ], [ -122.00196, 37.61693 ], [ -122.00323, 37.62277 ], [ -122.00278, 37.6247 ], [ -122.00443, 37.62619 ], [ -122.00659, 37.62706 ], [ -122.00509, 37.62748 ], [ -122.00229, 37.6272 ], [ -121.99911, 37.62903 ], [ -121.99889, 37.63042 ], [ -121.99615, 37.63151 ], [ -121.99134, 37.63082 ], [ -121.99039, 37.63341 ], [ -121.98659, 37.63415 ], [ -121.98662, 37.6507 ], [ -121.99616, 37.65048 ], [ -121.99673, 37.65859 ], [ -122.00078, 37.65852 ], [ -122.00087, 37.66223 ], [ -122.00387, 37.66275 ], [ -122.00993, 37.66635 ], [ -122.0058, 37.67302 ], [ -122.01342, 37.67473 ], [ -122.02042, 37.67427 ], [ -122.02279, 37.67248 ], [ -122.02813, 37.67919 ], [ -122.03148, 37.67887 ], [ -122.02896, 37.6769 ], [ -122.02925, 37.67482 ], [ -122.03126, 37.67462 ], [ -122.03209, 37.67526 ], [ -122.02986, 37.6758 ], [ -122.02941, 37.67687 ], [ -122.0316, 37.67885 ], [ -122.04078, 37.67937 ], [ -122.04374, 37.68672 ], [ -122.04715, 37.68967 ], [ -122.04727, 37.69094 ], [ -122.04604, 37.69203 ], [ -122.04515, 37.69168 ], [ -122.04446, 37.69253 ], [ -122.04452, 37.69573 ], [ -122.04925, 37.69356 ], [ -122.05708, 37.6936 ], [ -122.0588, 37.69206 ], [ -122.06244, 37.69161 ], [ -122.06233, 37.6926 ], [ -122.06014, 37.6932 ], [ -122.05828, 37.69573 ], [ -122.05703, 37.69506 ], [ -122.05656, 37.6981 ], [ -122.05528, 37.69903 ], [ -122.05447, 37.70157 ], [ -122.05582, 37.70309 ], [ -122.0554, 37.70378 ], [ -122.05656, 37.70417 ], [ -122.05585, 37.70652 ], [ -122.05594, 37.71144 ], [ -122.05779, 37.7112 ], [ -122.05932, 37.7123 ], [ -122.05838, 37.7144 ], [ -122.05993, 37.7147 ], [ -122.05858, 37.71846 ], [ -122.06178, 37.7177 ], [ -122.06326, 37.71794 ], [ -122.06275, 37.71967 ], [ -122.06399, 37.72036 ], [ -122.06308, 37.72092 ], [ -122.06264, 37.72318 ], [ -122.06418, 37.72347 ], [ -122.06169, 37.72955 ], [ -122.05993, 37.73878 ], [ -122.06221, 37.74843 ], [ -122.0636, 37.74916 ], [ -122.06256, 37.74997 ], [ -122.0631, 37.75119 ], [ -122.06775, 37.75617 ], [ -122.07065, 37.75675 ], [ -122.06892, 37.75707 ], [ -122.0683, 37.75885 ], [ -122.06921, 37.75981 ], [ -122.06841, 37.76209 ], [ -122.07033, 37.76182 ], [ -122.07614, 37.76265 ], [ -122.0786, 37.7614 ], [ -122.07934, 37.75993 ], [ -122.08077, 37.75902 ], [ -122.08124, 37.75959 ], [ -122.08144, 37.75851 ], [ -122.08046, 37.75727 ], [ -122.08177, 37.75576 ], [ -122.08099, 37.7532 ], [ -122.07985, 37.75161 ], [ -122.07972, 37.74963 ], [ -122.07747, 37.74976 ], [ -122.07772, 37.74821 ], [ -122.08026, 37.74935 ], [ -122.08876, 37.75632 ], [ -122.09063, 37.76289 ], [ -122.09205, 37.76497 ], [ -122.09407, 37.76433 ], [ -122.0908, 37.77121 ], [ -122.08948, 37.77223 ], [ -122.09119, 37.7739 ], [ -122.09208, 37.77607 ], [ -122.09322, 37.77676 ], [ -122.09223, 37.78021 ], [ -122.093, 37.78175 ], [ -122.09657, 37.78236 ], [ -122.09401, 37.78371 ], [ -122.09312, 37.78849 ], [ -122.09426, 37.7884 ], [ -122.09638, 37.78594 ], [ -122.0964, 37.78494 ], [ -122.09892, 37.78427 ], [ -122.10204, 37.78484 ], [ -122.10344, 37.78714 ], [ -122.10606, 37.78863 ], [ -122.10789, 37.78867 ], [ -122.11264, 37.78707 ], [ -122.11547, 37.7829 ], [ -122.11689, 37.78469 ], [ -122.11852, 37.78947 ], [ -122.12108, 37.79147 ], [ -122.12099, 37.79298 ] ] ] } },
{ "type": "Feature", "properties": { "zip_code": "94558", "county": "Napa", "band": null, "band_source": "isochrone", "drive_min": null, "distance_mi": null, "memberships": 1, "regular": null, "associate": null, "median_age": null, "age_note": "suppressed", "pt_lon": -122.19562, "pt_lat": 38.56481 }, "geometry": { "type": "MultiPolygon", "coordinates": [ [ [ [ -122.31044, 38.22061 ], [ -122.30683, 38.22594 ], [ -122.30333, 38.22698 ], [ -122.30493, 38.22874 ], [ -122.30342, 38.23192 ], [ -122.3072, 38.23572 ], [ -122.30603, 38.23646 ], [ -122.30829, 38.2387 ], [ -122.29599, 38.24581 ], [ -122.30533, 38.24884 ], [ -122.30637, 38.25802 ], [ -122.30358, 38.25401 ], [ -122.30181, 38.24979 ], [ -122.30022, 38.24841 ], [ -122.29762, 38.24716 ], [ -122.28528, 38.24413 ], [ -122.28467, 38.24563 ], [ -122.28471, 38.25391 ], [ -122.28366, 38.25672 ], [ -122.28393, 38.25866 ], [ -122.28617, 38.25983 ], [ -122.28668, 38.26152 ], [ -122.2845, 38.26507 ], [ -122.28697, 38.2706 ], [ -122.28649, 38.27213 ], [ -122.28306, 38.27456 ], [ -122.28191, 38.2783 ], [ -122.28521, 38.28168 ], [ -122.27401, 38.28048 ], [ -122.2737, 38.27831 ], [ -122.26819, 38.27809 ], [ -122.26788, 38.27927 ], [ -122.26714, 38.27936 ], [ -122.26554, 38.27927 ], [ -122.2656, 38.27795 ], [ -122.25506, 38.27726 ], [ -122.25215, 38.27754 ], [ -122.25143, 38.2748 ], [ -122.25528, 38.27251 ], [ -122.25493, 38.26801 ], [ -122.27148, 38.26881 ], [ -122.27077, 38.26396 ], [ -122.27143, 38.25379 ], [ -122.26719, 38.24014 ], [ -122.25313, 38.22846 ], [ -122.25326, 38.2226 ], [ -122.258, 38.22313 ], [ -122.25649, 38.21146 ], [ -122.26724, 38.21162 ], [ -122.26527, 38.2085 ], [ -122.2805, 38.20556 ], [ -122.28084, 38.202 ], [ -122.28375, 38.20191 ], [ -122.30675, 38.20904 ], [ -122.30994, 38.2155 ], [ -122.31074, 38.21869 ], [ -122.31044, 38.22061 ] ] ], [ [ [ -122.49748, 38.42431 ], [ -122.49349, 38.42921 ], [ -122.49419, 38.43111 ], [ -122.49139, 38.43441 ], [ -122.48711, 38.43172 ], [ -122.48551, 38.43748 ], [ -122.4842, 38.43801 ], [ -122.48304, 38.44039 ], [ -122.48, 38.44303 ], [ -122.47999, 38.44382 ], [ -122.4568, 38.44291 ], [ -122.45589, 38.42583 ], [ -122.4376, 38.43185 ], [ -122.44258, 38.4418 ], [ -122.43568, 38.44685 ], [ -122.43175, 38.44772 ], [ -122.42778, 38.44712 ], [ -122.42538, 38.44606 ], [ -122.41697, 38.45248 ], [ -122.41482, 38.45008 ], [ -122.40786, 38.45558 ], [ -122.4096, 38.45905 ], [ -122.41184, 38.46046 ], [ -122.41067, 38.46444 ], [ -122.41218, 38.46459 ], [ -122.41034, 38.4658 ], [ -122.39891, 38.47015 ], [ -122.4006, 38.47587 ], [ -122.40419, 38.47981 ], [ -122.40452, 38.48352 ], [ -122.4057, 38.48474 ], [ -122.40438, 38.48689 ], [ -122.40269, 38.48788 ], [ -122.39843, 38.48677 ], [ -122.39178, 38.48751 ], [ -122.38611, 38.48573 ], [ -122.38168, 38.48287 ], [ -122.37672, 38.48065 ], [ -122.37259, 38.48026 ], [ -122.37225, 38.47907 ], [ -122.37073, 38.47982 ], [ -122.37019, 38.48108 ], [ -122.36619, 38.48066 ], [ -122.36423, 38.48174 ], [ -122.36044, 38.48164 ], [ -122.35752, 38.48327 ], [ -122.35604, 38.48287 ], [ -122.35522, 38.48055 ], [ -122.35818, 38.48059 ], [ -122.35718, 38.47966 ], [ -122.35777, 38.47854 ], [ -122.35595, 38.47814 ], [ -122.35629, 38.47612 ], [ -122.35487, 38.47545 ], [ -122.3569, 38.47503 ], [ -122.35804, 38.47377 ], [ -122.35846, 38.47065 ], [ -122.36132, 38.47041 ], [ -122.36118, 38.46895 ], [ -122.35414, 38.46538 ], [ -122.34818, 38.46743 ], [ -122.34535, 38.46523 ], [ -122.33777, 38.46566 ], [ -122.30788, 38.46431 ], [ -122.30043, 38.46497 ], [ -122.30143, 38.47865 ], [ -122.24356, 38.47578 ], [ -122.24368, 38.4851 ], [ -122.2447, 38.48608 ], [ -122.24712, 38.49173 ], [ -122.24674, 38.49403 ], [ -122.25117, 38.49663 ], [ -122.25304, 38.49679 ], [ -122.25603, 38.49869 ], [ -122.2567, 38.50025 ], [ -122.24435, 38.49995 ], [ -122.24413, 38.50707 ], [ -122.25217, 38.50728 ], [ -122.25204, 38.53529 ], [ -122.25361, 38.53591 ], [ -122.25178, 38.53585 ], [ -122.25086, 38.55009 ], [ -122.26, 38.55009 ], [ -122.26, 38.56244 ], [ -122.27966, 38.56494 ], [ -122.27952, 38.57738 ], [ -122.32806, 38.58029 ], [ -122.32814, 38.60937 ], [ -122.32732, 38.62772 ], [ -122.32266, 38.62417 ], [ -122.32273, 38.62261 ], [ -122.32177, 38.62181 ], [ -122.3188, 38.6209 ], [ -122.31682, 38.61954 ], [ -122.31332, 38.61954 ], [ -122.3104, 38.61858 ], [ -122.30563, 38.61872 ], [ -122.30364, 38.61998 ], [ -122.30105, 38.62007 ], [ -122.29873, 38.62152 ], [ -122.29608, 38.62094 ], [ -122.29226, 38.61872 ], [ -122.28918, 38.61845 ], [ -122.28994, 38.6199 ], [ -122.28935, 38.62184 ], [ -122.2903, 38.62387 ], [ -122.28981, 38.6261 ], [ -122.2885, 38.62689 ], [ -122.29054, 38.63013 ], [ -122.28903, 38.63286 ], [ -122.29199, 38.63312 ], [ -122.292, 38.6348 ], [ -122.29372, 38.63655 ], [ -122.29522, 38.63538 ], [ -122.29604, 38.63775 ], [ -122.29476, 38.63778 ], [ -122.29263, 38.63665 ], [ -122.29267, 38.63833 ], [ -122.29607, 38.64003 ], [ -122.29548, 38.64089 ], [ -122.29907, 38.64704 ], [ -122.30257, 38.64907 ], [ -122.3062, 38.65498 ], [ -122.30381, 38.64874 ], [ -122.30244, 38.64809 ], [ -122.30712, 38.64799 ], [ -122.30789, 38.64886 ], [ -122.31138, 38.64938 ], [ -122.31503, 38.65253 ], [ -122.3151, 38.65698 ], [ -122.31675, 38.65901 ], [ -122.32061, 38.65889 ], [ -122.32591, 38.66359 ], [ -122.3274, 38.66358 ], [ -122.32938, 38.66513 ], [ -122.33021, 38.66894 ], [ -122.33047, 38.66558 ], [ -122.33234, 38.66731 ], [ -122.3331, 38.67056 ], [ -122.33461, 38.67231 ], [ -122.33884, 38.67525 ], [ -122.34123, 38.67523 ], [ -122.34444, 38.6763 ], [ -122.3541, 38.68549 ], [ -122.35092, 38.68763 ], [ -122.35403, 38.6864 ], [ -122.35523, 38.6877 ], [ -122.35445, 38.6905 ], [ -122.35703, 38.69219 ], [ -122.36016, 38.69268 ], [ -122.361, 38.69417 ], [ -122.37144, 38.69905 ], [ -122.37169, 38.70087 ], [ -122.37089, 38.70233 ], [ -122.37267, 38.70521 ], [ -122.37541, 38.70571 ], [ -122.37821, 38.70522 ], [ -122.37921, 38.70571 ], [ -122.38118, 38.70508 ], [ -122.38098, 38.71943 ], [ -122.39028, 38.71929 ], [ -122.38973, 38.73393 ], [ -122.39448, 38.73401 ], [ -122.39335, 38.73031 ], [ -122.39935, 38.7305 ], [ -122.39953, 38.72684 ], [ -122.41817, 38.72727 ], [ -122.41805, 38.73087 ], [ -122.41336, 38.73078 ], [ -122.41336, 38.74161 ], [ -122.4087, 38.74161 ], [ -122.4088, 38.75265 ], [ -122.42729, 38.75299 ], [ -122.41579, 38.768 ], [ -122.40289, 38.7729 ], [ -122.40899, 38.7763 ], [ -122.41009, 38.7855 ], [ -122.41229, 38.7858 ], [ -122.39799, 38.804 ], [ -122.37939, 38.8021 ], [ -122.37349, 38.817 ], [ -122.38199, 38.8338 ], [ -122.40389, 38.8556 ], [ -122.39506, 38.86424 ], [ -122.39346, 38.86294 ], [ -122.38984, 38.85681 ], [ -122.38525, 38.85379 ], [ -122.38518, 38.85247 ], [ -122.37954, 38.84924 ], [ -122.37696, 38.84921 ], [ -122.37358, 38.84718 ], [ -122.37302, 38.84574 ], [ -122.37155, 38.84465 ], [ -122.36666, 38.84321 ], [ -122.3543, 38.83715 ], [ -122.34997, 38.83576 ], [ -122.34862, 38.83606 ], [ -122.34355, 38.84129 ], [ -122.34208, 38.84208 ], [ -122.33834, 38.84217 ], [ -122.33544, 38.84347 ], [ -122.33267, 38.84236 ], [ -122.32976, 38.84236 ], [ -122.32621, 38.84593 ], [ -122.32405, 38.84625 ], [ -122.31997, 38.84385 ], [ -122.31765, 38.8408 ], [ -122.31536, 38.83947 ], [ -122.30701, 38.84107 ], [ -122.30301, 38.8424 ], [ -122.30245, 38.83985 ], [ -122.29603, 38.83868 ], [ -122.288, 38.83993 ], [ -122.28165, 38.82462 ], [ -122.27878, 38.82206 ], [ -122.27661, 38.81862 ], [ -122.27398, 38.80944 ], [ -122.26928, 38.80187 ], [ -122.26702, 38.8007 ], [ -122.2656, 38.7968 ], [ -122.26181, 38.79316 ], [ -122.26153, 38.791 ], [ -122.25965, 38.78992 ], [ -122.25978, 38.78625 ], [ -122.25833, 38.78553 ], [ -122.2557, 38.78113 ], [ -122.25198, 38.76773 ], [ -122.25006, 38.75833 ], [ -122.25011, 38.75526 ], [ -122.24787, 38.75232 ], [ -122.24694, 38.74985 ], [ -122.24442, 38.7488 ], [ -122.24261, 38.74637 ], [ -122.24149, 38.74315 ], [ -122.2395, 38.74297 ], [ -122.23513, 38.74022 ], [ -122.23483, 38.73854 ], [ -122.2335, 38.73782 ], [ -122.23417, 38.73688 ], [ -122.23195, 38.73496 ], [ -122.23019, 38.73219 ], [ -122.23082, 38.73078 ], [ -122.22966, 38.73003 ], [ -122.22832, 38.72749 ], [ -122.22646, 38.72669 ], [ -122.22694, 38.72547 ], [ -122.22504, 38.72233 ], [ -122.22567, 38.72097 ], [ -122.22841, 38.72062 ], [ -122.22304, 38.70451 ], [ -122.22421, 38.69998 ], [ -122.22165, 38.69602 ], [ -122.21382, 38.69341 ], [ -122.21235, 38.69421 ], [ -122.21209, 38.69592 ], [ -122.21099, 38.69488 ], [ -122.20821, 38.69554 ], [ -122.2072, 38.69334 ], [ -122.20454, 38.69147 ], [ -122.202, 38.68834 ], [ -122.20206, 38.6864 ], [ -122.19973, 38.68331 ], [ -122.20048, 38.68027 ], [ -122.20291, 38.67864 ], [ -122.20342, 38.67718 ], [ -122.19997, 38.67318 ], [ -122.19803, 38.66906 ], [ -122.19357, 38.66581 ], [ -122.19193, 38.66331 ], [ -122.18324, 38.65714 ], [ -122.18206, 38.65781 ], [ -122.17564, 38.65858 ], [ -122.1683, 38.6553 ], [ -122.16648, 38.65267 ], [ -122.16317, 38.64696 ], [ -122.16299, 38.64318 ], [ -122.16593, 38.64192 ], [ -122.16595, 38.64026 ], [ -122.16121, 38.63576 ], [ -122.16254, 38.63269 ], [ -122.16665, 38.63165 ], [ -122.17043, 38.6296 ], [ -122.16942, 38.62581 ], [ -122.16846, 38.62464 ], [ -122.16835, 38.6193 ], [ -122.16597, 38.61768 ], [ -122.16251, 38.61939 ], [ -122.16092, 38.6193 ], [ -122.15756, 38.62269 ], [ -122.15497, 38.62325 ], [ -122.15321, 38.62474 ], [ -122.15147, 38.62525 ], [ -122.15083, 38.62443 ], [ -122.15107, 38.6219 ], [ -122.14529, 38.61552 ], [ -122.14441, 38.61221 ], [ -122.14198, 38.60968 ], [ -122.14036, 38.60987 ], [ -122.13939, 38.60917 ], [ -122.13382, 38.5976 ], [ -122.13416, 38.59507 ], [ -122.13241, 38.59165 ], [ -122.13048, 38.59024 ], [ -122.12899, 38.58699 ], [ -122.12812, 38.5837 ], [ -122.12897, 38.58295 ], [ -122.12884, 38.58019 ], [ -122.12775, 38.57695 ], [ -122.12619, 38.57514 ], [ -122.12232, 38.56243 ], [ -122.12073, 38.55986 ], [ -122.11728, 38.54643 ], [ -122.11403, 38.53789 ], [ -122.11529, 38.5352 ], [ -122.11495, 38.53373 ], [ -122.11323, 38.53269 ], [ -122.11164, 38.53064 ], [ -122.11295, 38.52899 ], [ -122.11273, 38.52663 ], [ -122.11156, 38.52405 ], [ -122.10939, 38.52314 ], [ -122.10959, 38.52141 ], [ -122.10492, 38.51704 ], [ -122.10328, 38.51335 ], [ -122.10344, 38.51219 ], [ -122.10628, 38.50831 ], [ -122.10718, 38.49451 ], [ -122.10498, 38.49281 ], [ -122.10488, 38.49081 ], [ -122.10818, 38.48611 ], [ -122.11118, 38.47721 ], [ -122.11318, 38.47482 ], [ -122.12053, 38.45393 ], [ -122.12358, 38.44761 ], [ -122.12663, 38.43545 ], [ -122.12639, 38.42892 ], [ -122.12495, 38.42392 ], [ -122.12346, 38.42307 ], [ -122.11972, 38.41803 ], [ -122.11798, 38.41411 ], [ -122.11469, 38.41391 ], [ -122.11498, 38.41231 ], [ -122.11408, 38.4122 ], [ -122.11218, 38.40951 ], [ -122.10971, 38.40744 ], [ -122.10958, 38.40461 ], [ -122.09847, 38.39301 ], [ -122.09278, 38.38851 ], [ -122.08916, 38.38466 ], [ -122.08607, 38.3805 ], [ -122.07768, 38.36371 ], [ -122.07608, 38.36371 ], [ -122.07338, 38.36091 ], [ -122.07338, 38.35841 ], [ -122.06968, 38.35081 ], [ -122.07068, 38.34641 ], [ -122.06948, 38.34421 ], [ -122.06978, 38.34281 ], [ -122.06478, 38.33341 ], [ -122.06298, 38.33351 ], [ -122.06138, 38.32961 ], [ -122.06208, 38.32511 ], [ -122.06338, 38.32481 ], [ -122.06527, 38.3232 ], [ -122.06818, 38.31841 ], [ -122.06508, 38.31711 ], [ -122.06478, 38.31591 ], [ -122.20598, 38.31571 ], [ -122.20618, 38.31401 ], [ -122.20408, 38.31011 ], [ -122.2014, 38.30801 ], [ -122.20258, 38.30411 ], [ -122.19938, 38.30159 ], [ -122.19908, 38.30011 ], [ -122.20378, 38.29391 ], [ -122.20348, 38.29291 ], [ -122.20168, 38.29241 ], [ -122.20148, 38.28931 ], [ -122.19828, 38.28481 ], [ -122.19668, 38.28441 ], [ -122.19638, 38.28191 ], [ -122.19068, 38.27751 ], [ -122.19108, 38.27591 ], [ -122.18838, 38.27161 ], [ -122.19568, 38.27151 ], [ -122.19738, 38.27271 ], [ -122.20638, 38.27161 ], [ -122.20848, 38.27221 ], [ -122.20881, 38.27891 ], [ -122.2104, 38.28005 ], [ -122.21378, 38.27967 ], [ -122.21795, 38.28254 ], [ -122.21792, 38.27993 ], [ -122.22718, 38.27987 ], [ -122.22729, 38.28694 ], [ -122.23464, 38.28704 ], [ -122.23443, 38.28939 ], [ -122.23694, 38.28963 ], [ -122.2367, 38.29217 ], [ -122.23898, 38.29262 ], [ -122.23903, 38.29143 ], [ -122.24049, 38.29129 ], [ -122.24036, 38.29351 ], [ -122.24114, 38.29449 ], [ -122.24222, 38.29459 ], [ -122.24232, 38.29322 ], [ -122.24451, 38.29335 ], [ -122.24413, 38.2887 ], [ -122.24767, 38.29048 ], [ -122.24747, 38.29336 ], [ -122.2489, 38.29327 ], [ -122.25011, 38.29195 ], [ -122.25147, 38.29483 ], [ -122.25185, 38.29342 ], [ -122.25729, 38.29212 ], [ -122.26123, 38.28956 ], [ -122.2602, 38.28864 ], [ -122.26407, 38.28942 ], [ -122.26335, 38.29393 ], [ -122.2581, 38.29253 ], [ -122.25694, 38.29526 ], [ -122.26122, 38.29638 ], [ -122.26862, 38.29593 ], [ -122.26944, 38.29712 ], [ -122.27167, 38.29709 ], [ -122.27166, 38.29771 ], [ -122.26739, 38.29697 ], [ -122.26612, 38.30051 ], [ -122.26467, 38.3005 ], [ -122.2654, 38.29863 ], [ -122.26348, 38.29793 ], [ -122.26123, 38.29823 ], [ -122.25989, 38.30184 ], [ -122.26043, 38.3025 ], [ -122.25819, 38.30267 ], [ -122.25765, 38.30356 ], [ -122.2591, 38.30424 ], [ -122.25963, 38.30736 ], [ -122.26238, 38.30806 ], [ -122.2643, 38.30634 ], [ -122.26646, 38.30765 ], [ -122.26746, 38.3109 ], [ -122.26633, 38.31175 ], [ -122.27089, 38.31115 ], [ -122.26954, 38.31227 ], [ -122.27036, 38.31467 ], [ -122.27179, 38.31373 ], [ -122.27573, 38.31316 ], [ -122.27444, 38.31163 ], [ -122.27645, 38.31065 ], [ -122.28514, 38.31023 ], [ -122.28508, 38.30856 ], [ -122.28788, 38.3077 ], [ -122.28939, 38.30952 ], [ -122.29438, 38.30862 ], [ -122.29474, 38.30799 ], [ -122.29501, 38.30851 ], [ -122.29838, 38.30791 ], [ -122.29825, 38.30734 ], [ -122.30096, 38.30696 ], [ -122.30127, 38.30642 ], [ -122.30153, 38.30734 ], [ -122.30478, 38.30679 ], [ -122.30184, 38.29628 ], [ -122.30223, 38.2922 ], [ -122.29899, 38.27465 ], [ -122.29935, 38.26619 ], [ -122.30066, 38.26219 ], [ -122.30242, 38.2608 ], [ -122.30645, 38.25983 ], [ -122.30638, 38.25836 ], [ -122.31215, 38.25883 ], [ -122.31853, 38.26159 ], [ -122.31937, 38.26298 ], [ -122.31987, 38.26583 ], [ -122.31846, 38.26732 ], [ -122.31964, 38.26868 ], [ -122.32113, 38.27294 ], [ -122.32077, 38.27513 ], [ -122.32175, 38.27733 ], [ -122.32475, 38.27987 ], [ -122.32534, 38.28125 ], [ -122.32478, 38.27805 ], [ -122.32646, 38.2747 ], [ -122.33002, 38.2722 ], [ -122.33126, 38.27009 ], [ -122.33472, 38.27401 ], [ -122.33377, 38.2768 ], [ -122.33505, 38.27888 ], [ -122.34743, 38.27992 ], [ -122.36001, 38.2897 ], [ -122.37249, 38.29049 ], [ -122.37256, 38.2924 ], [ -122.37863, 38.30146 ], [ -122.38547, 38.29863 ], [ -122.39217, 38.30688 ], [ -122.39538, 38.30643 ], [ -122.39634, 38.30918 ], [ -122.40195, 38.31419 ], [ -122.40374, 38.31972 ], [ -122.4054, 38.32212 ], [ -122.40687, 38.3218 ], [ -122.40858, 38.32011 ], [ -122.40946, 38.32113 ], [ -122.40972, 38.32596 ], [ -122.4121, 38.32787 ], [ -122.41373, 38.33069 ], [ -122.4135, 38.33209 ], [ -122.41199, 38.33401 ], [ -122.4144, 38.33627 ], [ -122.41756, 38.33801 ], [ -122.41726, 38.33932 ], [ -122.41875, 38.33959 ], [ -122.41968, 38.33854 ], [ -122.42151, 38.33951 ], [ -122.42499, 38.34511 ], [ -122.42721, 38.34604 ], [ -122.42733, 38.34914 ], [ -122.42911, 38.34945 ], [ -122.42933, 38.351 ], [ -122.43668, 38.35514 ], [ -122.43743, 38.35666 ], [ -122.43951, 38.35811 ], [ -122.44228, 38.35903 ], [ -122.4472, 38.35903 ], [ -122.44969, 38.36101 ], [ -122.45225, 38.36207 ], [ -122.45449, 38.36562 ], [ -122.45774, 38.36747 ], [ -122.45712, 38.37055 ], [ -122.45287, 38.37467 ], [ -122.44999, 38.37491 ], [ -122.44789, 38.37931 ], [ -122.45352, 38.38239 ], [ -122.45399, 38.38391 ], [ -122.46049, 38.38811 ], [ -122.46589, 38.39041 ], [ -122.47019, 38.39751 ], [ -122.46809, 38.40001 ], [ -122.47079, 38.40281 ], [ -122.47059, 38.40491 ], [ -122.47539, 38.40651 ], [ -122.47559, 38.40911 ], [ -122.4944, 38.42272 ], [ -122.49748, 38.42431 ] ], [ [ -122.4165, 38.42927 ], [ -122.41277, 38.42472 ], [ -122.41188, 38.42446 ], [ -122.4005, 38.43425 ], [ -122.40273, 38.43672 ], [ -122.4165, 38.42927 ] ], [ [ -122.40972, 38.39475 ], [ -122.40064, 38.39453 ], [ -122.40021, 38.38376 ], [ -122.39565, 38.3838 ], [ -122.39557, 38.38022 ], [ -122.38184, 38.3803 ], [ -122.3819, 38.37988 ], [ -122.37797, 38.3821 ], [ -122.37794, 38.38718 ], [ -122.37538, 38.39066 ], [ -122.37421, 38.39117 ], [ -122.3701, 38.38578 ], [ -122.35389, 38.39301 ], [ -122.35596, 38.39526 ], [ -122.35016, 38.39978 ], [ -122.35651, 38.40571 ], [ -122.35211, 38.40914 ], [ -122.35736, 38.41406 ], [ -122.34117, 38.42761 ], [ -122.34582, 38.43149 ], [ -122.35139, 38.43962 ], [ -122.35346, 38.44513 ], [ -122.36076, 38.45063 ], [ -122.36795, 38.44744 ], [ -122.365, 38.44422 ], [ -122.37384, 38.4389 ], [ -122.37319, 38.43851 ], [ -122.37268, 38.4354 ], [ -122.37415, 38.43356 ], [ -122.37552, 38.42885 ], [ -122.37342, 38.42553 ], [ -122.37369, 38.42372 ], [ -122.37432, 38.42443 ], [ -122.37332, 38.42292 ], [ -122.36998, 38.42118 ], [ -122.37127, 38.41999 ], [ -122.37038, 38.41766 ], [ -122.36726, 38.41553 ], [ -122.36583, 38.41338 ], [ -122.36666, 38.41029 ], [ -122.3702, 38.40824 ], [ -122.37901, 38.41181 ], [ -122.38141, 38.41139 ], [ -122.36867, 38.40608 ], [ -122.35916, 38.39756 ], [ -122.35967, 38.39732 ], [ -122.36898, 38.40588 ], [ -122.38178, 38.41119 ], [ -122.38469, 38.41291 ], [ -122.38962, 38.41816 ], [ -122.39547, 38.41293 ], [ -122.39486, 38.41074 ], [ -122.40122, 38.41474 ], [ -122.40117, 38.40974 ], [ -122.39736, 38.41002 ], [ -122.39721, 38.40764 ], [ -122.39507, 38.40891 ], [ -122.39437, 38.41048 ], [ -122.39152, 38.40873 ], [ -122.39295, 38.40676 ], [ -122.41007, 38.40664 ], [ -122.40972, 38.39475 ] ] ] ] } },
{ "type": "Feature", "properties": { "zip_code": "94612", "county": "Alameda", "band": 30.0, "band_source": "routed", "drive_min": 23.0, "distance_mi": 14.3, "memberships": 0, "regular": null, "associate": null, "median_age": null, "age_note": null, "pt_lon": -122.26931, "pt_lat": 37.80911 }, "geometry": { "type": "Polygon", "coordinates": [ [ [ -122.27868, 37.80728 ], [ -122.27991, 37.80778 ], [ -122.27479, 37.81491 ], [ -122.27563, 37.81763 ], [ -122.274, 37.81823 ], [ -122.27375, 37.81913 ], [ -122.27214, 37.81888 ], [ -122.27246, 37.81762 ], [ -122.27032, 37.81793 ], [ -122.27075, 37.81676 ], [ -122.26799, 37.81626 ], [ -122.26749, 37.81824 ], [ -122.2677, 37.81686 ], [ -122.26613, 37.8166 ], [ -122.26594, 37.81598 ], [ -122.26256, 37.81615 ], [ -122.26307, 37.81506 ], [ -122.2615, 37.81303 ], [ -122.26231, 37.81093 ], [ -122.2596, 37.80987 ], [ -122.2589, 37.80765 ], [ -122.25951, 37.80623 ], [ -122.25894, 37.80552 ], [ -122.25728, 37.80588 ], [ -122.256, 37.80746 ], [ -122.25305, 37.80786 ], [ -122.25277, 37.80875 ], [ -122.24915, 37.80839 ], [ -122.2506, 37.80524 ], [ -122.25345, 37.80361 ], [ -122.25451, 37.80056 ], [ -122.25781, 37.7997 ], [ -122.25955, 37.79813 ], [ -122.2685, 37.80154 ], [ -122.26924, 37.8027 ], [ -122.27087, 37.80247 ], [ -122.28048, 37.80629 ], [ -122.27868, 37.80728 ] ] ] } },
{ "type": "Feature", "properties": { "zip_code": "94549", "county": "Contra Costa", "band": 45.0, "band_source": "routed", "drive_min": 38.9, "distance_mi": 24.4, "memberships": 8, "regular": 8.0, "associate": 0.0, "median_age": 67.0, "age_note": null, "pt_lon": -122.12362, "pt_lat": 37.90386 }, "geometry": { "type": "Polygon", "coordinates": [ [ [ -122.2111, 37.90789 ], [ -122.21037, 37.90861 ], [ -122.20892, 37.90894 ], [ -122.20534, 37.9085 ], [ -122.20433, 37.90896 ], [ -122.20072, 37.91404 ], [ -122.20015, 37.91754 ], [ -122.19726, 37.91979 ], [ -122.19683, 37.92147 ], [ -122.19564, 37.92217 ], [ -122.1918, 37.92063 ], [ -122.18473, 37.91916 ], [ -122.17472, 37.91797 ], [ -122.17117, 37.91828 ], [ -122.16638, 37.91971 ], [ -122.16455, 37.92129 ], [ -122.16193, 37.92033 ], [ -122.16088, 37.91823 ], [ -122.16084, 37.92041 ], [ -122.15621, 37.92105 ], [ -122.15627, 37.92165 ], [ -122.14988, 37.9223 ], [ -122.14232, 37.91754 ], [ -122.13947, 37.91814 ], [ -122.13784, 37.91743 ], [ -122.13474, 37.9193 ], [ -122.1359, 37.92323 ], [ -122.13356, 37.92622 ], [ -122.13097, 37.92528 ], [ -122.12919, 37.92682 ], [ -122.12655, 37.92746 ], [ -122.12586, 37.94461 ], [ -122.11707, 37.94941 ], [ -122.11789, 37.9515 ], [ -122.11747, 37.95356 ], [ -122.1157, 37.95356 ], [ -122.11565, 37.95591 ], [ -122.11163, 37.95539 ], [ -122.11159, 37.95655 ], [ -122.10917, 37.95782 ], [ -122.10806, 37.95681 ], [ -122.1076, 37.95924 ], [ -122.10488, 37.95867 ], [ -122.10314, 37.95496 ], [ -122.10239, 37.95498 ], [ -122.09893, 37.95188 ], [ -122.10092, 37.95061 ], [ -122.09849, 37.94744 ], [ -122.09674, 37.94704 ], [ -122.09806, 37.94563 ], [ -122.09802, 37.9436 ], [ -122.09468, 37.94319 ], [ -122.09321, 37.94082 ], [ -122.08988, 37.94086 ], [ -122.08958, 37.93676 ], [ -122.09069, 37.9354 ], [ -122.08843, 37.93187 ], [ -122.08675, 37.93186 ], [ -122.08645, 37.92786 ], [ -122.08875, 37.92726 ], [ -122.088, 37.92526 ], [ -122.08947, 37.92494 ], [ -122.08952, 37.92143 ], [ -122.09104, 37.92074 ], [ -122.09118, 37.92113 ], [ -122.09245, 37.92083 ], [ -122.09326, 37.92249 ], [ -122.09589, 37.92188 ], [ -122.0965, 37.92075 ], [ -122.09471, 37.91933 ], [ -122.09255, 37.92033 ], [ -122.09177, 37.9173 ], [ -122.10001, 37.9174 ], [ -122.09842, 37.91237 ], [ -122.09906, 37.91021 ], [ -122.08657, 37.91059 ], [ -122.08471, 37.90812 ], [ -122.08064, 37.90641 ], [ -122.08066, 37.90475 ], [ -122.08396, 37.90417 ], [ -122.08387, 37.90057 ], [ -122.08602, 37.89908 ], [ -122.08529, 37.89869 ], [ -122.0907, 37.89978 ], [ -122.09227, 37.90262 ], [ -122.0929, 37.90073 ], [ -122.09278, 37.89763 ], [ -122.08306, 37.8976 ], [ -122.08221, 37.89643 ], [ -122.0822, 37.89285 ], [ -122.08388, 37.89138 ], [ -122.08586, 37.89094 ], [ -122.08838, 37.88654 ], [ -122.08661, 37.88517 ], [ -122.09176, 37.88567 ], [ -122.08807, 37.88178 ], [ -122.0897, 37.88132 ], [ -122.08933, 37.87527 ], [ -122.08306, 37.86824 ], [ -122.07805, 37.85724 ], [ -122.07799, 37.85675 ], [ -122.07998, 37.85676 ], [ -122.07993, 37.8542 ], [ -122.07798, 37.8525 ], [ -122.07984, 37.8513 ], [ -122.07962, 37.84944 ], [ -122.08823, 37.84927 ], [ -122.08783, 37.85095 ], [ -122.10774, 37.85071 ], [ -122.10573, 37.85288 ], [ -122.10298, 37.85799 ], [ -122.10615, 37.85799 ], [ -122.10666, 37.86289 ], [ -122.10973, 37.86461 ], [ -122.10974, 37.86648 ], [ -122.1082, 37.86777 ], [ -122.10677, 37.86776 ], [ -122.10713, 37.86886 ], [ -122.10569, 37.87193 ], [ -122.11231, 37.8733 ], [ -122.11252, 37.87432 ], [ -122.11587, 37.87462 ], [ -122.11621, 37.87364 ], [ -122.12677, 37.87269 ], [ -122.12844, 37.87357 ], [ -122.12841, 37.875 ], [ -122.13379, 37.87479 ], [ -122.13379, 37.8757 ], [ -122.13607, 37.87572 ], [ -122.1361, 37.87209 ], [ -122.14179, 37.87213 ], [ -122.14183, 37.8685 ], [ -122.14526, 37.86852 ], [ -122.15668, 37.8716 ], [ -122.15555, 37.87263 ], [ -122.15586, 37.88139 ], [ -122.15544, 37.88257 ], [ -122.15368, 37.88303 ], [ -122.15573, 37.88357 ], [ -122.15581, 37.88186 ], [ -122.15817, 37.88116 ], [ -122.16324, 37.88113 ], [ -122.16169, 37.88309 ], [ -122.16499, 37.88535 ], [ -122.16503, 37.88955 ], [ -122.16688, 37.8895 ], [ -122.16692, 37.89205 ], [ -122.16506, 37.89236 ], [ -122.16522, 37.90949 ], [ -122.16094, 37.90954 ], [ -122.16091, 37.91304 ], [ -122.16535, 37.91551 ], [ -122.16679, 37.91703 ], [ -122.17406, 37.91539 ], [ -122.17566, 37.91582 ], [ -122.17696, 37.91814 ], [ -122.18485, 37.91873 ], [ -122.18849, 37.91983 ], [ -122.19261, 37.92018 ], [ -122.1957, 37.92155 ], [ -122.19801, 37.9186 ], [ -122.19986, 37.91751 ], [ -122.20002, 37.91489 ], [ -122.20329, 37.90952 ], [ -122.2049, 37.90841 ], [ -122.20856, 37.90879 ], [ -122.2105, 37.90837 ], [ -122.21113, 37.90725 ], [ -122.21054, 37.90582 ], [ -122.21126, 37.90685 ], [ -122.2111, 37.90789 ] ] ] } },
{ "type": "Feature", "properties": { "zip_code": "95818", "county": "Sacramento", "band": null, "band_source": "routed", "drive_min": 88.7, "distance_mi": 75.7, "memberships": 1, "regular": null, "associate": null, "median_age": null, "age_note": "suppressed", "pt_lon": -121.49568, "pt_lat": 38.55618 }, "geometry": { "type": "Polygon", "coordinates": [ [ [ -121.51897, 38.5687 ], [ -121.51157, 38.575 ], [ -121.50914, 38.57556 ], [ -121.50852, 38.57453 ], [ -121.50888, 38.57131 ], [ -121.51067, 38.56843 ], [ -121.50855, 38.56788 ], [ -121.50776, 38.57123 ], [ -121.50535, 38.56997 ], [ -121.50354, 38.57071 ], [ -121.4969, 38.56894 ], [ -121.49582, 38.56803 ], [ -121.48998, 38.5671 ], [ -121.48889, 38.56618 ], [ -121.486, 38.56603 ], [ -121.47917, 38.56359 ], [ -121.47399, 38.56283 ], [ -121.47348, 38.56146 ], [ -121.47539, 38.56035 ], [ -121.47808, 38.56027 ], [ -121.47858, 38.55913 ], [ -121.4759, 38.55842 ], [ -121.47643, 38.55736 ], [ -121.47584, 38.5572 ], [ -121.47581, 38.54978 ], [ -121.47522, 38.54978 ], [ -121.47517, 38.54872 ], [ -121.47581, 38.54636 ], [ -121.47576, 38.54106 ], [ -121.49283, 38.53813 ], [ -121.4921, 38.54051 ], [ -121.49451, 38.54194 ], [ -121.49675, 38.54192 ], [ -121.49758, 38.54301 ], [ -121.50856, 38.5457 ], [ -121.50992, 38.5404 ], [ -121.51262, 38.54167 ], [ -121.51129, 38.54629 ], [ -121.52097, 38.5662 ], [ -121.51897, 38.5687 ] ] ] } },
{ "type": "Feature", "properties": { "zip_code": "94945", "county": "Marin", "band": 45.0, "band_source": "routed", "drive_min": 39.0, "distance_mi": 23.9, "memberships": 6, "regular": 6.0, "associate": 0.0, "median_age": 71.5, "age_note": null, "pt_lon": -122.59431, "pt_lat": 38.13298 }, "geometry": { "type": "Polygon", "coordinates": [ [ [ -122.62408, 38.13086 ], [ -122.62201, 38.13731 ], [ -122.6167, 38.13852 ], [ -122.61398, 38.13975 ], [ -122.612, 38.13984 ], [ -122.6089, 38.13878 ], [ -122.60879, 38.14782 ], [ -122.60734, 38.14695 ], [ -122.59909, 38.14702 ], [ -122.5921, 38.14589 ], [ -122.58049, 38.13628 ], [ -122.57776, 38.1384 ], [ -122.56889, 38.13606 ], [ -122.5679, 38.13507 ], [ -122.56526, 38.1349 ], [ -122.56446, 38.13187 ], [ -122.56387, 38.13565 ], [ -122.5649, 38.14538 ], [ -122.56963, 38.15822 ], [ -122.57963, 38.16641 ], [ -122.59753, 38.17903 ], [ -122.59959, 38.18113 ], [ -122.60092, 38.18526 ], [ -122.59817, 38.18719 ], [ -122.5926, 38.18878 ], [ -122.59146, 38.18763 ], [ -122.59115, 38.18599 ], [ -122.58722, 38.18699 ], [ -122.58681, 38.18772 ], [ -122.58451, 38.18807 ], [ -122.58371, 38.18704 ], [ -122.58212, 38.18802 ], [ -122.58186, 38.18611 ], [ -122.5798, 38.18554 ], [ -122.5782, 38.18358 ], [ -122.57324, 38.1833 ], [ -122.57069, 38.18352 ], [ -122.57093, 38.18459 ], [ -122.57317, 38.18588 ], [ -122.5725, 38.18707 ], [ -122.57073, 38.18714 ], [ -122.56788, 38.1838 ], [ -122.56509, 38.18222 ], [ -122.56646, 38.17913 ], [ -122.56838, 38.17684 ], [ -122.56446, 38.17508 ], [ -122.56426, 38.17069 ], [ -122.56319, 38.16932 ], [ -122.55924, 38.16862 ], [ -122.55628, 38.16971 ], [ -122.55329, 38.16998 ], [ -122.55198, 38.169 ], [ -122.55349, 38.16662 ], [ -122.55599, 38.16547 ], [ -122.55799, 38.16353 ], [ -122.55844, 38.16197 ], [ -122.55714, 38.15958 ], [ -122.54962, 38.15729 ], [ -122.5476, 38.15747 ], [ -122.54538, 38.15873 ], [ -122.54371, 38.15807 ], [ -122.5377, 38.15151 ], [ -122.53326, 38.14812 ], [ -122.52396, 38.14351 ], [ -122.51902, 38.13974 ], [ -122.5131, 38.13212 ], [ -122.51129, 38.12492 ], [ -122.50793, 38.1181 ], [ -122.50282, 38.113 ], [ -122.48795, 38.10512 ], [ -122.48605, 38.10119 ], [ -122.48591, 38.09924 ], [ -122.48716, 38.09927 ], [ -122.48947, 38.09502 ], [ -122.49382, 38.09218 ], [ -122.49378, 38.09432 ], [ -122.49654, 38.09337 ], [ -122.50241, 38.08963 ], [ -122.50554, 38.08539 ], [ -122.50919, 38.08446 ], [ -122.51226, 38.0853 ], [ -122.51329, 38.08639 ], [ -122.51481, 38.09107 ], [ -122.51533, 38.09162 ], [ -122.51785, 38.0916 ], [ -122.5195, 38.09093 ], [ -122.52318, 38.08764 ], [ -122.52699, 38.08811 ], [ -122.52848, 38.08774 ], [ -122.5291, 38.08608 ], [ -122.52755, 38.08291 ], [ -122.52823, 38.08153 ], [ -122.53039, 38.08216 ], [ -122.53385, 38.08431 ], [ -122.53483, 38.08736 ], [ -122.54611, 38.08008 ], [ -122.55906, 38.09232 ], [ -122.56182, 38.09045 ], [ -122.56187, 38.09394 ], [ -122.56361, 38.09373 ], [ -122.56655, 38.09513 ], [ -122.56631, 38.09762 ], [ -122.57671, 38.10686 ], [ -122.57861, 38.10674 ], [ -122.58916, 38.11163 ], [ -122.58991, 38.11115 ], [ -122.58802, 38.11383 ], [ -122.59396, 38.11619 ], [ -122.59509, 38.11586 ], [ -122.59954, 38.11668 ], [ -122.60406, 38.11465 ], [ -122.60599, 38.11635 ], [ -122.61349, 38.11929 ], [ -122.61237, 38.12222 ], [ -122.61275, 38.12389 ], [ -122.61696, 38.12466 ], [ -122.61679, 38.1251 ], [ -122.61887, 38.12085 ], [ -122.62405, 38.1228 ], [ -122.62408, 38.13086 ] ] ] } },
{ "type": "Feature", "properties": { "zip_code": "94534", "county": "Solano", "band": 60.0, "band_source": "routed", "drive_min": 46.0, "distance_mi": 32.0, "memberships": 1, "regular": null, "associate": null, "median_age": null, "age_note": "suppressed", "pt_lon": -122.10552, "pt_lat": 38.2198 }, "geometry": { "type": "Polygon", "coordinates": [ [ [ -122.21648, 38.26601 ], [ -122.21228, 38.27281 ], [ -122.21098, 38.27191 ], [ -122.20848, 38.27221 ], [ -122.20638, 38.27161 ], [ -122.19738, 38.27271 ], [ -122.19568, 38.27151 ], [ -122.18838, 38.27161 ], [ -122.19108, 38.27591 ], [ -122.19068, 38.27751 ], [ -122.19638, 38.28191 ], [ -122.19668, 38.28441 ], [ -122.19828, 38.28481 ], [ -122.20148, 38.28931 ], [ -122.20168, 38.29241 ], [ -122.20348, 38.29291 ], [ -122.20378, 38.29391 ], [ -122.19908, 38.30011 ], [ -122.19938, 38.30159 ], [ -122.20258, 38.30411 ], [ -122.2014, 38.30801 ], [ -122.20408, 38.31011 ], [ -122.20618, 38.31401 ], [ -122.20598, 38.31571 ], [ -122.06478, 38.31591 ], [ -122.06508, 38.31711 ], [ -122.06818, 38.31841 ], [ -122.06527, 38.3232 ], [ -122.04457, 38.32354 ], [ -122.03412, 38.3231 ], [ -122.03399, 38.31601 ], [ -122.03181, 38.31537 ], [ -122.03342, 38.30889 ], [ -122.03438, 38.29161 ], [ -122.06952, 38.24978 ], [ -122.07081, 38.24868 ], [ -122.08659, 38.24229 ], [ -122.08442, 38.2408 ], [ -122.08412, 38.23967 ], [ -122.0711, 38.24009 ], [ -122.07109, 38.23865 ], [ -122.07331, 38.23859 ], [ -122.07902, 38.23678 ], [ -122.07901, 38.23419 ], [ -122.07496, 38.23503 ], [ -122.07123, 38.23678 ], [ -122.07022, 38.235 ], [ -122.06665, 38.23501 ], [ -122.07107, 38.23274 ], [ -122.07116, 38.2291 ], [ -122.064, 38.23096 ], [ -122.05368, 38.23598 ], [ -122.04567, 38.23585 ], [ -122.08958, 38.15249 ], [ -122.10045, 38.15654 ], [ -122.10164, 38.15837 ], [ -122.10311, 38.15895 ], [ -122.10701, 38.15556 ], [ -122.10913, 38.15468 ], [ -122.11197, 38.15528 ], [ -122.11447, 38.15872 ], [ -122.11375, 38.16255 ], [ -122.1085, 38.16398 ], [ -122.11038, 38.16645 ], [ -122.11381, 38.16841 ], [ -122.11389, 38.17091 ], [ -122.11773, 38.17151 ], [ -122.12771, 38.17137 ], [ -122.11509, 38.15626 ], [ -122.11482, 38.15371 ], [ -122.11325, 38.15206 ], [ -122.11261, 38.14823 ], [ -122.11113, 38.14672 ], [ -122.11559, 38.14668 ], [ -122.11681, 38.14506 ], [ -122.1211, 38.14324 ], [ -122.1232, 38.1416 ], [ -122.12301, 38.13962 ], [ -122.12431, 38.1374 ], [ -122.123, 38.13559 ], [ -122.12145, 38.13012 ], [ -122.12189, 38.1294 ], [ -122.12782, 38.12497 ], [ -122.12907, 38.12463 ], [ -122.13107, 38.12512 ], [ -122.13244, 38.12616 ], [ -122.14127, 38.12195 ], [ -122.14153, 38.12014 ], [ -122.14075, 38.11992 ], [ -122.14017, 38.11768 ], [ -122.1476, 38.12151 ], [ -122.14832, 38.12429 ], [ -122.14861, 38.12089 ], [ -122.15402, 38.12109 ], [ -122.15479, 38.12016 ], [ -122.15654, 38.12177 ], [ -122.15808, 38.12197 ], [ -122.16142, 38.12128 ], [ -122.16351, 38.11988 ], [ -122.16357, 38.11857 ], [ -122.16466, 38.12082 ], [ -122.16573, 38.12099 ], [ -122.16542, 38.12348 ], [ -122.16617, 38.12488 ], [ -122.16552, 38.12606 ], [ -122.16714, 38.13169 ], [ -122.16905, 38.13448 ], [ -122.16948, 38.13758 ], [ -122.16839, 38.13925 ], [ -122.16833, 38.14132 ], [ -122.16729, 38.14266 ], [ -122.16615, 38.14705 ], [ -122.15479, 38.16739 ], [ -122.15278, 38.16816 ], [ -122.15191, 38.17361 ], [ -122.15344, 38.17486 ], [ -122.15429, 38.17747 ], [ -122.15359, 38.1784 ], [ -122.15592, 38.18021 ], [ -122.15737, 38.18794 ], [ -122.16011, 38.18924 ], [ -122.16178, 38.19142 ], [ -122.1765, 38.18488 ], [ -122.1801, 38.18483 ], [ -122.18264, 38.18586 ], [ -122.18431, 38.18767 ], [ -122.18621, 38.18817 ], [ -122.18996, 38.18776 ], [ -122.19588, 38.18836 ], [ -122.19706, 38.18895 ], [ -122.19946, 38.18844 ], [ -122.20023, 38.19008 ], [ -122.19611, 38.19019 ], [ -122.19486, 38.19179 ], [ -122.19217, 38.19166 ], [ -122.18846, 38.19338 ], [ -122.18679, 38.19289 ], [ -122.18455, 38.1958 ], [ -122.18041, 38.19474 ], [ -122.18108, 38.19704 ], [ -122.17832, 38.19688 ], [ -122.17735, 38.1976 ], [ -122.17194, 38.1985 ], [ -122.1709, 38.19736 ], [ -122.16727, 38.19894 ], [ -122.16596, 38.19883 ], [ -122.16752, 38.1975 ], [ -122.16487, 38.19745 ], [ -122.16533, 38.19579 ], [ -122.16295, 38.19756 ], [ -122.16289, 38.20639 ], [ -122.15664, 38.20695 ], [ -122.15668, 38.20768 ], [ -122.15094, 38.20848 ], [ -122.1513, 38.20962 ], [ -122.1495, 38.21062 ], [ -122.14946, 38.2132 ], [ -122.15374, 38.21573 ], [ -122.1544, 38.21674 ], [ -122.15735, 38.2169 ], [ -122.15746, 38.22169 ], [ -122.15936, 38.22082 ], [ -122.15962, 38.22231 ], [ -122.16704, 38.23508 ], [ -122.16635, 38.23565 ], [ -122.16297, 38.23604 ], [ -122.163, 38.23997 ], [ -122.16484, 38.24183 ], [ -122.17043, 38.24292 ], [ -122.17199, 38.24197 ], [ -122.17875, 38.24345 ], [ -122.18421, 38.24047 ], [ -122.19032, 38.24046 ], [ -122.19373, 38.24267 ], [ -122.19492, 38.24417 ], [ -122.19826, 38.2452 ], [ -122.199, 38.24811 ], [ -122.2008, 38.24941 ], [ -122.19948, 38.25092 ], [ -122.19518, 38.25072 ], [ -122.19328, 38.25641 ], [ -122.19678, 38.25841 ], [ -122.20298, 38.25921 ], [ -122.20848, 38.25841 ], [ -122.21298, 38.25911 ], [ -122.21688, 38.26231 ], [ -122.21648, 38.26601 ] ] ] } },
{ "type": "Feature", "properties": { "zip_code": "94303", "county": "Santa Clara", "band": null, "band_source": "routed", "drive_min": 69.2, "distance_mi": 48.6, "memberships": 2, "regular": null, "associate": null, "median_age": null, "age_note": "suppressed", "pt_lon": -122.11408, "pt_lat": 37.45186 }, "geometry": { "type": "Polygon", "coordinates": [ [ [ -122.15632, 37.46941 ], [ -122.15369, 37.4745 ], [ -122.14718, 37.47357 ], [ -122.14586, 37.47559 ], [ -122.13952, 37.47593 ], [ -122.13976, 37.48085 ], [ -122.13867, 37.48188 ], [ -122.13126, 37.48419 ], [ -122.12497, 37.48738 ], [ -122.12398, 37.48555 ], [ -122.12501, 37.48211 ], [ -122.12434, 37.47627 ], [ -122.12168, 37.47738 ], [ -122.12103, 37.47657 ], [ -122.12314, 37.474 ], [ -122.11755, 37.46757 ], [ -122.11539, 37.4664 ], [ -122.11566, 37.46591 ], [ -122.1133, 37.46379 ], [ -122.11239, 37.46048 ], [ -122.11106, 37.45934 ], [ -122.11275, 37.46321 ], [ -122.10955, 37.46324 ], [ -122.10636, 37.46129 ], [ -122.10291, 37.46277 ], [ -122.1018, 37.46273 ], [ -122.10075, 37.4618 ], [ -122.10116, 37.45934 ], [ -122.09909, 37.45798 ], [ -122.09695, 37.45844 ], [ -122.08957, 37.45288 ], [ -122.09013, 37.44802 ], [ -122.09101, 37.44696 ], [ -122.09425, 37.44565 ], [ -122.09423, 37.44435 ], [ -122.09251, 37.44241 ], [ -122.09312, 37.44102 ], [ -122.09643, 37.44001 ], [ -122.09914, 37.43633 ], [ -122.09761, 37.43587 ], [ -122.0887, 37.43591 ], [ -122.0852, 37.43497 ], [ -122.08659, 37.43285 ], [ -122.08655, 37.42347 ], [ -122.08999, 37.42382 ], [ -122.0938, 37.42573 ], [ -122.09534, 37.42741 ], [ -122.09703, 37.42791 ], [ -122.09666, 37.43196 ], [ -122.09743, 37.43343 ], [ -122.09971, 37.43356 ], [ -122.10076, 37.42769 ], [ -122.10115, 37.42791 ], [ -122.09776, 37.4248 ], [ -122.09815, 37.42165 ], [ -122.10025, 37.42177 ], [ -122.10216, 37.41559 ], [ -122.1035, 37.4163 ], [ -122.10817, 37.41583 ], [ -122.1111, 37.41938 ], [ -122.11005, 37.41993 ], [ -122.11211, 37.42238 ], [ -122.11383, 37.42174 ], [ -122.11518, 37.42249 ], [ -122.11607, 37.42347 ], [ -122.11472, 37.42419 ], [ -122.12257, 37.42915 ], [ -122.12211, 37.43081 ], [ -122.12575, 37.43371 ], [ -122.12862, 37.43296 ], [ -122.14321, 37.44215 ], [ -122.13975, 37.44314 ], [ -122.13973, 37.44874 ], [ -122.14116, 37.45079 ], [ -122.13932, 37.45019 ], [ -122.13671, 37.45434 ], [ -122.13877, 37.4548 ], [ -122.14191, 37.45783 ], [ -122.14493, 37.4582 ], [ -122.14505, 37.46079 ], [ -122.15, 37.46175 ], [ -122.15126, 37.46274 ], [ -122.15056, 37.46599 ], [ -122.15632, 37.46941 ] ] ] } },
{ "type": "Feature", "properties": { "zip_code": "94517", "county": "Contra Costa", "band": null, "band_source": "routed", "drive_min": 66.0, "distance_mi": 41.4, "memberships": 3, "regular": null, "associate": null, "median_age": null, "age_note": "suppressed", "pt_lon": -121.89422, "pt_lat": 37.89224 }, "geometry": { "type": "Polygon", "coordinates": [ [ [ -121.98946, 37.89978 ], [ -121.98154, 37.91096 ], [ -121.97323, 37.92071 ], [ -121.96751, 37.92597 ], [ -121.96035, 37.92925 ], [ -121.95809, 37.93121 ], [ -121.95703, 37.93407 ], [ -121.94486, 37.93398 ], [ -121.94601, 37.93736 ], [ -121.94426, 37.93734 ], [ -121.94427, 37.94123 ], [ -121.95094, 37.94124 ], [ -121.95092, 37.9485 ], [ -121.95734, 37.95211 ], [ -121.9524, 37.95565 ], [ -121.95169, 37.95425 ], [ -121.95247, 37.95362 ], [ -121.95135, 37.953 ], [ -121.951, 37.95193 ], [ -121.94807, 37.95108 ], [ -121.94794, 37.95149 ], [ -121.94681, 37.95119 ], [ -121.94466, 37.95413 ], [ -121.94023, 37.95511 ], [ -121.93933, 37.95586 ], [ -121.91462, 37.95514 ], [ -121.91446, 37.94299 ], [ -121.91132, 37.94127 ], [ -121.90592, 37.94027 ], [ -121.90546, 37.9382 ], [ -121.89866, 37.93242 ], [ -121.89376, 37.93098 ], [ -121.88997, 37.93072 ], [ -121.88811, 37.92435 ], [ -121.88629, 37.9223 ], [ -121.88404, 37.92142 ], [ -121.88132, 37.92255 ], [ -121.87991, 37.9247 ], [ -121.87674, 37.9233 ], [ -121.87689, 37.93323 ], [ -121.87202, 37.93095 ], [ -121.87048, 37.92927 ], [ -121.86797, 37.92447 ], [ -121.86796, 37.91814 ], [ -121.83238, 37.91811 ], [ -121.83169, 37.8958 ], [ -121.80523, 37.89625 ], [ -121.80515, 37.89068 ], [ -121.80266, 37.89163 ], [ -121.80002, 37.89115 ], [ -121.79901, 37.8926 ], [ -121.79915, 37.89452 ], [ -121.79626, 37.89612 ], [ -121.79437, 37.89615 ], [ -121.79151, 37.89448 ], [ -121.79074, 37.89317 ], [ -121.78785, 37.89223 ], [ -121.78485, 37.88957 ], [ -121.77599, 37.88489 ], [ -121.77733, 37.88202 ], [ -121.77066, 37.8783 ], [ -121.76712, 37.8775 ], [ -121.76686, 37.87493 ], [ -121.76493, 37.87433 ], [ -121.76193, 37.87458 ], [ -121.75993, 37.87364 ], [ -121.75924, 37.87252 ], [ -121.75577, 37.87084 ], [ -121.75696, 37.86977 ], [ -121.75122, 37.86987 ], [ -121.75126, 37.86765 ], [ -121.75973, 37.86792 ], [ -121.76335, 37.86669 ], [ -121.76772, 37.86635 ], [ -121.77229, 37.86308 ], [ -121.7712, 37.86059 ], [ -121.77368, 37.85844 ], [ -121.77344, 37.85704 ], [ -121.77434, 37.8551 ], [ -121.77388, 37.85401 ], [ -121.7746, 37.85234 ], [ -121.77732, 37.84983 ], [ -121.77777, 37.85043 ], [ -121.78225, 37.84762 ], [ -121.78423, 37.85342 ], [ -121.78979, 37.85665 ], [ -121.79267, 37.85719 ], [ -121.79375, 37.85852 ], [ -121.79475, 37.86209 ], [ -121.79668, 37.86315 ], [ -121.79669, 37.86395 ], [ -121.80018, 37.86521 ], [ -121.80309, 37.86774 ], [ -121.80407, 37.86982 ], [ -121.80534, 37.86991 ], [ -121.80932, 37.86865 ], [ -121.81175, 37.86934 ], [ -121.81494, 37.86702 ], [ -121.81401, 37.86434 ], [ -121.81398, 37.86031 ], [ -121.82297, 37.86019 ], [ -121.82314, 37.85292 ], [ -121.83213, 37.85309 ], [ -121.83217, 37.83897 ], [ -121.8231, 37.83906 ], [ -121.82322, 37.8282 ], [ -121.82469, 37.83104 ], [ -121.82761, 37.83199 ], [ -121.82733, 37.83331 ], [ -121.82876, 37.83381 ], [ -121.83015, 37.83573 ], [ -121.83245, 37.83591 ], [ -121.83251, 37.83792 ], [ -121.83557, 37.83764 ], [ -121.83914, 37.83963 ], [ -121.8425, 37.83984 ], [ -121.84327, 37.84037 ], [ -121.84684, 37.84585 ], [ -121.911, 37.84609 ], [ -121.91099, 37.85834 ], [ -121.91438, 37.86215 ], [ -121.91406, 37.88195 ], [ -121.94089, 37.88144 ], [ -121.94074, 37.88815 ], [ -121.9629, 37.88821 ], [ -121.97771, 37.88527 ], [ -121.98179, 37.8899 ], [ -121.98546, 37.89217 ], [ -121.98799, 37.89469 ], [ -121.98882, 37.89718 ], [ -121.98817, 37.89812 ], [ -121.99064, 37.89958 ], [ -121.98946, 37.89978 ] ] ] } },
{ "type": "Feature", "properties": { "zip_code": "94706", "county": "Alameda", "band": 30.0, "band_source": "routed", "drive_min": 15.3, "distance_mi": 7.9, "memberships": 12, "regular": 10.0, "associate": 2.0, "median_age": 59.5, "age_note": null, "pt_lon": -122.29595, "pt_lat": 37.88954 }, "geometry": { "type": "Polygon", "coordinates": [ [ [ -122.30926, 37.89773 ], [ -122.30218, 37.89852 ], [ -122.29965, 37.8981 ], [ -122.29621, 37.89892 ], [ -122.28988, 37.89755 ], [ -122.28817, 37.89783 ], [ -122.28805, 37.89931 ], [ -122.28709, 37.89956 ], [ -122.28705, 37.89092 ], [ -122.28447, 37.89106 ], [ -122.28311, 37.88868 ], [ -122.28436, 37.88701 ], [ -122.28045, 37.88576 ], [ -122.28197, 37.88458 ], [ -122.28292, 37.88251 ], [ -122.28268, 37.88125 ], [ -122.2847, 37.88014 ], [ -122.2909, 37.88144 ], [ -122.29642, 37.88031 ], [ -122.29743, 37.88333 ], [ -122.30579, 37.88202 ], [ -122.30722, 37.88707 ], [ -122.30869, 37.88747 ], [ -122.30783, 37.89041 ], [ -122.30926, 37.89773 ] ] ] } },
{ "type": "Feature", "properties": { "zip_code": "94507", "county": "Contra Costa", "band": 60.0, "band_source": "routed", "drive_min": 46.7, "distance_mi": 31.7, "memberships": 1, "regular": null, "associate": null, "median_age": null, "age_note": "suppressed", "pt_lon": -122.00442, "pt_lat": 37.85604 }, "geometry": { "type": "Polygon", "coordinates": [ [ [ -122.05376, 37.87313 ], [ -122.05181, 37.87471 ], [ -122.05229, 37.87612 ], [ -122.05485, 37.87644 ], [ -122.05456, 37.88058 ], [ -122.05159, 37.88166 ], [ -122.05084, 37.88073 ], [ -122.05007, 37.88085 ], [ -122.0409, 37.86967 ], [ -122.03879, 37.86872 ], [ -122.03703, 37.86571 ], [ -122.03545, 37.86784 ], [ -122.02893, 37.8679 ], [ -122.0286, 37.86583 ], [ -122.02615, 37.86649 ], [ -122.02605, 37.8734 ], [ -122.02317, 37.87195 ], [ -122.02324, 37.86641 ], [ -122.02016, 37.86647 ], [ -122.02003, 37.87352 ], [ -122.01029, 37.87187 ], [ -122.01172, 37.87456 ], [ -122.00989, 37.87789 ], [ -122.00642, 37.87978 ], [ -122.00347, 37.87776 ], [ -122.00049, 37.87699 ], [ -122.00181, 37.87372 ], [ -121.99713, 37.87233 ], [ -121.99834, 37.86983 ], [ -121.98991, 37.86837 ], [ -121.98909, 37.86181 ], [ -121.9693, 37.86243 ], [ -121.96667, 37.85979 ], [ -121.96584, 37.86059 ], [ -121.96396, 37.86057 ], [ -121.95647, 37.85792 ], [ -121.95531, 37.85517 ], [ -121.95455, 37.85578 ], [ -121.95084, 37.8542 ], [ -121.94997, 37.85518 ], [ -121.94528, 37.85533 ], [ -121.94358, 37.85474 ], [ -121.94081, 37.8551 ], [ -121.93973, 37.85438 ], [ -121.93699, 37.85435 ], [ -121.93349, 37.85235 ], [ -121.93387, 37.85039 ], [ -121.92776, 37.84606 ], [ -121.92375, 37.84474 ], [ -121.92107, 37.84302 ], [ -121.92234, 37.84258 ], [ -121.92267, 37.84088 ], [ -121.92522, 37.84115 ], [ -121.92708, 37.84278 ], [ -121.92919, 37.84184 ], [ -121.93134, 37.84219 ], [ -121.93242, 37.84156 ], [ -121.93376, 37.84402 ], [ -121.93603, 37.84362 ], [ -121.93726, 37.84427 ], [ -121.93722, 37.84269 ], [ -121.93816, 37.84117 ], [ -121.9407, 37.84192 ], [ -121.94034, 37.84319 ], [ -121.94165, 37.84341 ], [ -121.94393, 37.84198 ], [ -121.94613, 37.84331 ], [ -121.94815, 37.84228 ], [ -121.94983, 37.84412 ], [ -121.94917, 37.84499 ], [ -121.95008, 37.84672 ], [ -121.95049, 37.85125 ], [ -121.95147, 37.85292 ], [ -121.96042, 37.8528 ], [ -121.96045, 37.84553 ], [ -121.96586, 37.84298 ], [ -121.96547, 37.84348 ], [ -121.96643, 37.8436 ], [ -121.96586, 37.84535 ], [ -121.98684, 37.84464 ], [ -121.9868, 37.83743 ], [ -121.99693, 37.83709 ], [ -121.99703, 37.84522 ], [ -122.0048, 37.84476 ], [ -122.00919, 37.8463 ], [ -122.01234, 37.84629 ], [ -122.01332, 37.84594 ], [ -122.01326, 37.84504 ], [ -122.01554, 37.8458 ], [ -122.0141, 37.84334 ], [ -122.01627, 37.83939 ], [ -122.01761, 37.84014 ], [ -122.01902, 37.83912 ], [ -122.01569, 37.83566 ], [ -122.02035, 37.83119 ], [ -122.02147, 37.82733 ], [ -122.02398, 37.82721 ], [ -122.02659, 37.82789 ], [ -122.0362, 37.83711 ], [ -122.03783, 37.83771 ], [ -122.04331, 37.83751 ], [ -122.04331, 37.83846 ], [ -122.04788, 37.83876 ], [ -122.04788, 37.8422 ], [ -122.05236, 37.8425 ], [ -122.05322, 37.86334 ], [ -122.05408, 37.86426 ], [ -122.053, 37.86567 ], [ -122.0555, 37.87311 ], [ -122.05376, 37.87313 ] ] ] } },
{ "type": "Feature", "properties": { "zip_code": "94526", "county": "Contra Costa", "band": 60.0, "band_source": "routed", "drive_min": 46.6, "distance_mi": 34.2, "memberships": 2, "regular": null, "associate": null, "median_age": null, "age_note": "suppressed", "pt_lon": -121.98854, "pt_lat": 37.81417 }, "geometry": { "type": "Polygon", "coordinates": [ [ [ -122.02855, 37.82765 ], [ -122.02508, 37.82579 ], [ -122.02594, 37.82786 ], [ -122.02398, 37.82721 ], [ -122.02147, 37.82733 ], [ -122.02035, 37.83119 ], [ -122.01569, 37.83566 ], [ -122.01902, 37.83912 ], [ -122.01761, 37.84014 ], [ -122.01627, 37.83939 ], [ -122.0141, 37.84334 ], [ -122.01554, 37.8458 ], [ -122.01326, 37.84504 ], [ -122.01332, 37.84594 ], [ -122.0125, 37.84625 ], [ -122.00944, 37.84635 ], [ -122.0048, 37.84476 ], [ -121.99703, 37.84522 ], [ -121.99693, 37.83709 ], [ -121.9868, 37.83743 ], [ -121.98684, 37.84464 ], [ -121.96586, 37.84535 ], [ -121.96643, 37.8436 ], [ -121.96547, 37.84348 ], [ -121.96586, 37.84298 ], [ -121.976, 37.83807 ], [ -121.96982, 37.83817 ], [ -121.96918, 37.83588 ], [ -121.96725, 37.83531 ], [ -121.96616, 37.83393 ], [ -121.96248, 37.83294 ], [ -121.95913, 37.83309 ], [ -121.95647, 37.83174 ], [ -121.95977, 37.83085 ], [ -121.9574, 37.8264 ], [ -121.9546, 37.82359 ], [ -121.95495, 37.82188 ], [ -121.94884, 37.81945 ], [ -121.9476, 37.81686 ], [ -121.9511, 37.81669 ], [ -121.95112, 37.81246 ], [ -121.94895, 37.81291 ], [ -121.94871, 37.81073 ], [ -121.94587, 37.80915 ], [ -121.94506, 37.81027 ], [ -121.94263, 37.80907 ], [ -121.94172, 37.80592 ], [ -121.94251, 37.80417 ], [ -121.94958, 37.80747 ], [ -121.95208, 37.80317 ], [ -121.95116, 37.80257 ], [ -121.95353, 37.79813 ], [ -121.94749, 37.79509 ], [ -121.95102, 37.795 ], [ -121.95111, 37.78691 ], [ -121.96688, 37.78049 ], [ -121.96864, 37.78295 ], [ -121.97647, 37.77993 ], [ -121.98052, 37.7872 ], [ -121.98075, 37.78667 ], [ -121.9912, 37.78644 ], [ -121.99214, 37.78738 ], [ -121.99281, 37.787 ], [ -121.99383, 37.79062 ], [ -121.9937, 37.79367 ], [ -122.00544, 37.79329 ], [ -122.0057, 37.8083 ], [ -122.00239, 37.8083 ], [ -122.00083, 37.80971 ], [ -122.00379, 37.81061 ], [ -122.0072, 37.80944 ], [ -122.00744, 37.80835 ], [ -122.01463, 37.80844 ], [ -122.01503, 37.80906 ], [ -122.02608, 37.80906 ], [ -122.026, 37.8236 ], [ -122.02394, 37.82357 ], [ -122.02482, 37.82524 ], [ -122.02863, 37.82518 ], [ -122.02855, 37.82765 ] ] ] } },
{ "type": "Feature", "properties": { "zip_code": "94109", "county": "San Francisco", "band": 45.0, "band_source": "routed", "drive_min": 35.2, "distance_mi": 20.0, "memberships": 0, "regular": null, "associate": null, "median_age": null, "age_note": null, "pt_lon": -122.42239, "pt_lat": 37.79487 }, "geometry": { "type": "Polygon", "coordinates": [ [ [ -122.4301, 37.79546 ], [ -122.42638, 37.79586 ], [ -122.42424, 37.79661 ], [ -122.42389, 37.7976 ], [ -122.42446, 37.8004 ], [ -122.42504, 37.80033 ], [ -122.4246, 37.80126 ], [ -122.42549, 37.80601 ], [ -122.42657, 37.80799 ], [ -122.41911, 37.80859 ], [ -122.41909, 37.8078 ], [ -122.42074, 37.80759 ], [ -122.4186, 37.80537 ], [ -122.41757, 37.79843 ], [ -122.41557, 37.79868 ], [ -122.41483, 37.79499 ], [ -122.41424, 37.79506 ], [ -122.41392, 37.79046 ], [ -122.41227, 37.79067 ], [ -122.4117, 37.78787 ], [ -122.41488, 37.78686 ], [ -122.41424, 37.78372 ], [ -122.41753, 37.78331 ], [ -122.41742, 37.7828 ], [ -122.42018, 37.78297 ], [ -122.42354, 37.78207 ], [ -122.42411, 37.78248 ], [ -122.42392, 37.78154 ], [ -122.4272, 37.78112 ], [ -122.4301, 37.79546 ] ] ] } },
{ "type": "Feature", "properties": { "zip_code": "94041", "county": "Santa Clara", "band": null, "band_source": "routed", "drive_min": 74.0, "distance_mi": 57.5, "memberships": 1, "regular": null, "associate": null, "median_age": null, "age_note": "suppressed", "pt_lon": -122.0755, "pt_lat": 37.38843 }, "geometry": { "type": "Polygon", "coordinates": [ [ [ -122.09526, 37.39407 ], [ -122.09236, 37.39503 ], [ -122.09457, 37.39595 ], [ -122.09375, 37.39728 ], [ -122.09215, 37.39656 ], [ -122.09131, 37.40053 ], [ -122.06304, 37.38902 ], [ -122.0524, 37.38556 ], [ -122.05273, 37.38456 ], [ -122.05693, 37.38545 ], [ -122.05908, 37.37911 ], [ -122.06099, 37.37742 ], [ -122.06356, 37.37657 ], [ -122.06968, 37.37903 ], [ -122.06898, 37.38208 ], [ -122.07156, 37.37985 ], [ -122.07728, 37.38308 ], [ -122.07758, 37.38254 ], [ -122.09133, 37.38934 ], [ -122.09336, 37.39113 ], [ -122.09526, 37.39407 ] ] ] } },
{ "type": "Feature", "properties": { "zip_code": "95831", "county": "Sacramento", "band": null, "band_source": "routed", "drive_min": 91.4, "distance_mi": 80.2, "memberships": 2, "regular": null, "associate": null, "median_age": null, "age_note": "suppressed", "pt_lon": -121.53215, "pt_lat": 38.496 }, "geometry": { "type": "Polygon", "coordinates": [ [ [ -121.5588, 38.49748 ], [ -121.55855, 38.50317 ], [ -121.55499, 38.51016 ], [ -121.55178, 38.51386 ], [ -121.54082, 38.5165 ], [ -121.5314, 38.51727 ], [ -121.5255, 38.51878 ], [ -121.5242, 38.52151 ], [ -121.52518, 38.52268 ], [ -121.52185, 38.52316 ], [ -121.52215, 38.51617 ], [ -121.52034, 38.51613 ], [ -121.51992, 38.51551 ], [ -121.51831, 38.51671 ], [ -121.51627, 38.51672 ], [ -121.51407, 38.51579 ], [ -121.51011, 38.5154 ], [ -121.50699, 38.51289 ], [ -121.50617, 38.50904 ], [ -121.50619, 38.48959 ], [ -121.50359, 38.46976 ], [ -121.50509, 38.46956 ], [ -121.50887, 38.47281 ], [ -121.51188, 38.47367 ], [ -121.51732, 38.4745 ], [ -121.53334, 38.47383 ], [ -121.53858, 38.47457 ], [ -121.54272, 38.47645 ], [ -121.54841, 38.48251 ], [ -121.55593, 38.49285 ], [ -121.5588, 38.49748 ] ] ] } },
{ "type": "Feature", "properties": { "zip_code": "94117", "county": "San Francisco", "band": 45.0, "band_source": "routed", "drive_min": 38.2, "distance_mi": 21.7, "memberships": 0, "regular": null, "associate": null, "median_age": null, "age_note": null, "pt_lon": -122.44617, "pt_lat": 37.76808 }, "geometry": { "type": "Polygon", "coordinates": [ [ [ -122.45837, 37.77431 ], [ -122.4492, 37.77545 ], [ -122.44938, 37.77634 ], [ -122.44664, 37.77666 ], [ -122.44647, 37.7758 ], [ -122.44478, 37.77602 ], [ -122.44497, 37.77696 ], [ -122.44036, 37.77706 ], [ -122.44003, 37.77759 ], [ -122.43012, 37.77884 ], [ -122.42805, 37.7707 ], [ -122.42913, 37.76946 ], [ -122.43579, 37.76906 ], [ -122.43562, 37.76733 ], [ -122.43783, 37.76718 ], [ -122.43856, 37.7663 ], [ -122.4395, 37.76658 ], [ -122.44335, 37.76533 ], [ -122.44339, 37.76348 ], [ -122.44395, 37.76365 ], [ -122.44678, 37.76178 ], [ -122.44643, 37.76101 ], [ -122.44716, 37.75966 ], [ -122.45245, 37.75823 ], [ -122.45201, 37.76036 ], [ -122.4538, 37.76172 ], [ -122.45564, 37.76029 ], [ -122.45555, 37.76414 ], [ -122.45754, 37.76357 ], [ -122.45828, 37.76728 ], [ -122.45495, 37.76845 ], [ -122.4552, 37.7708 ], [ -122.45684, 37.77099 ], [ -122.45567, 37.77284 ], [ -122.45837, 37.77431 ] ] ] } },
{ "type": "Feature", "properties": { "zip_code": "94928", "county": "Sonoma", "band": 60.0, "band_source": "routed", "drive_min": 55.9, "distance_mi": 42.4, "memberships": 0, "regular": null, "associate": null, "median_age": null, "age_note": null, "pt_lon": -122.69001, "pt_lat": 38.34319 }, "geometry": { "type": "Polygon", "coordinates": [ [ [ -122.73197, 38.34978 ], [ -122.72555, 38.35779 ], [ -122.71354, 38.35774 ], [ -122.71384, 38.36153 ], [ -122.71514, 38.36326 ], [ -122.71354, 38.36664 ], [ -122.7152, 38.36919 ], [ -122.71253, 38.36537 ], [ -122.71274, 38.36925 ], [ -122.7015, 38.36942 ], [ -122.7038, 38.37212 ], [ -122.67645, 38.37237 ], [ -122.67638, 38.36509 ], [ -122.68579, 38.365 ], [ -122.68571, 38.35401 ], [ -122.66729, 38.35425 ], [ -122.66682, 38.33617 ], [ -122.67609, 38.33618 ], [ -122.67606, 38.32519 ], [ -122.66669, 38.32519 ], [ -122.66669, 38.31431 ], [ -122.68118, 38.31431 ], [ -122.68338, 38.31879 ], [ -122.688, 38.3188 ], [ -122.69067, 38.31982 ], [ -122.69179, 38.3216 ], [ -122.69281, 38.3216 ], [ -122.69668, 38.3282 ], [ -122.69243, 38.33005 ], [ -122.69005, 38.32636 ], [ -122.68843, 38.32693 ], [ -122.68954, 38.32871 ], [ -122.68803, 38.32871 ], [ -122.69076, 38.3349 ], [ -122.6929, 38.33411 ], [ -122.69226, 38.33308 ], [ -122.69435, 38.3322 ], [ -122.69359, 38.33106 ], [ -122.69676, 38.32973 ], [ -122.69797, 38.33067 ], [ -122.704, 38.32819 ], [ -122.70626, 38.33067 ], [ -122.70522, 38.3317 ], [ -122.70653, 38.33383 ], [ -122.70798, 38.3333 ], [ -122.71222, 38.33587 ], [ -122.71298, 38.33705 ], [ -122.71323, 38.34312 ], [ -122.72336, 38.34352 ], [ -122.72617, 38.34808 ], [ -122.73197, 38.34978 ] ] ] } },
{ "type": "Feature", "properties": { "zip_code": "94591", "county": "Solano", "band": 45.0, "band_source": "routed", "drive_min": 32.9, "distance_mi": 22.4, "memberships": 3, "regular": null, "associate": null, "median_age": null, "age_note": "suppressed", "pt_lon": -122.20403, "pt_lat": 38.12533 }, "geometry": { "type": "Polygon", "coordinates": [ [ [ -122.23283, 38.08523 ], [ -122.23032, 38.09158 ], [ -122.22979, 38.09478 ], [ -122.22983, 38.12315 ], [ -122.21729, 38.14339 ], [ -122.21662, 38.15035 ], [ -122.21491, 38.15499 ], [ -122.20795, 38.16408 ], [ -122.19489, 38.17317 ], [ -122.18971, 38.17881 ], [ -122.18069, 38.18542 ], [ -122.1801, 38.18483 ], [ -122.1765, 38.18488 ], [ -122.16178, 38.19142 ], [ -122.16011, 38.18924 ], [ -122.15737, 38.18794 ], [ -122.15592, 38.18021 ], [ -122.15359, 38.1784 ], [ -122.15429, 38.17747 ], [ -122.15344, 38.17486 ], [ -122.15191, 38.17361 ], [ -122.15278, 38.16816 ], [ -122.15479, 38.16739 ], [ -122.16615, 38.14705 ], [ -122.16729, 38.14266 ], [ -122.16833, 38.14132 ], [ -122.16839, 38.13925 ], [ -122.16948, 38.13758 ], [ -122.16905, 38.13448 ], [ -122.16714, 38.13169 ], [ -122.17923, 38.12631 ], [ -122.17411, 38.10955 ], [ -122.19307, 38.08194 ], [ -122.19395, 38.08389 ], [ -122.19529, 38.08211 ], [ -122.1987, 38.08369 ], [ -122.19957, 38.08299 ], [ -122.19955, 38.08099 ], [ -122.1963, 38.07924 ], [ -122.19761, 38.0795 ], [ -122.19803, 38.07911 ], [ -122.19785, 38.07549 ], [ -122.1939, 38.06582 ], [ -122.19292, 38.06147 ], [ -122.19446, 38.0599 ], [ -122.19988, 38.06107 ], [ -122.20137, 38.06274 ], [ -122.20128, 38.06455 ], [ -122.20342, 38.06424 ], [ -122.20509, 38.06671 ], [ -122.20713, 38.06795 ], [ -122.20978, 38.06567 ], [ -122.21456, 38.06603 ], [ -122.221, 38.06498 ], [ -122.22554, 38.06492 ], [ -122.22583, 38.06749 ], [ -122.22735, 38.0704 ], [ -122.23186, 38.0764 ], [ -122.2332, 38.08076 ], [ -122.23283, 38.08523 ] ] ] } },
{ "type": "Feature", "properties": { "zip_code": "94401", "county": "San Mateo", "band": 60.0, "band_source": "routed", "drive_min": 53.4, "distance_mi": 36.2, "memberships": 1, "regular": null, "associate": null, "median_age": null, "age_note": "suppressed", "pt_lon": -122.32034, "pt_lat": 37.57391 }, "geometry": { "type": "Polygon", "coordinates": [ [ [ -122.34706, 37.57204 ], [ -122.34201, 37.57421 ], [ -122.34289, 37.57451 ], [ -122.33083, 37.58298 ], [ -122.33473, 37.58664 ], [ -122.33305, 37.58823 ], [ -122.32894, 37.58879 ], [ -122.32512, 37.59153 ], [ -122.31492, 37.59124 ], [ -122.31571, 37.58367 ], [ -122.3059, 37.57548 ], [ -122.29686, 37.57546 ], [ -122.29699, 37.57176 ], [ -122.29432, 37.57058 ], [ -122.29363, 37.56856 ], [ -122.29182, 37.56904 ], [ -122.29314, 37.568 ], [ -122.2971, 37.56772 ], [ -122.29705, 37.56293 ], [ -122.30278, 37.56033 ], [ -122.31179, 37.56868 ], [ -122.31295, 37.56956 ], [ -122.31425, 37.56926 ], [ -122.31922, 37.56636 ], [ -122.32011, 37.56468 ], [ -122.31434, 37.55904 ], [ -122.31714, 37.55682 ], [ -122.31896, 37.55665 ], [ -122.32966, 37.56676 ], [ -122.33065, 37.56738 ], [ -122.33162, 37.56636 ], [ -122.33375, 37.56918 ], [ -122.33528, 37.56986 ], [ -122.33821, 37.56893 ], [ -122.33953, 37.56968 ], [ -122.33804, 37.57072 ], [ -122.33774, 37.57015 ], [ -122.33666, 37.57052 ], [ -122.33755, 37.57113 ], [ -122.34103, 37.57067 ], [ -122.34185, 37.57276 ], [ -122.34507, 37.57141 ], [ -122.34706, 37.57204 ] ] ] } },
{ "type": "Feature", "properties": { "zip_code": "94544", "county": "Alameda", "band": 60.0, "band_source": "routed", "drive_min": 49.7, "distance_mi": 31.9, "memberships": 0, "regular": null, "associate": null, "median_age": null, "age_note": null, "pt_lon": -122.05383, "pt_lat": 37.63707 }, "geometry": { "type": "MultiPolygon", "coordinates": [ [ [ [ -122.09533, 37.66101 ], [ -122.09457, 37.66134 ], [ -122.09305, 37.65998 ], [ -122.09428, 37.65962 ], [ -122.09533, 37.66101 ] ] ], [ [ [ -122.10161, 37.65642 ], [ -122.0886, 37.66142 ], [ -122.08747, 37.66322 ], [ -122.08414, 37.66351 ], [ -122.07989, 37.66985 ], [ -122.07697, 37.66822 ], [ -122.07551, 37.66649 ], [ -122.07475, 37.66663 ], [ -122.07676, 37.66548 ], [ -122.07802, 37.6655 ], [ -122.072, 37.6578 ], [ -122.07131, 37.65817 ], [ -122.0646, 37.64827 ], [ -122.06312, 37.6487 ], [ -122.06224, 37.64992 ], [ -122.05975, 37.64964 ], [ -122.05546, 37.65069 ], [ -122.04956, 37.6465 ], [ -122.04483, 37.64737 ], [ -122.03954, 37.64674 ], [ -122.03597, 37.64553 ], [ -122.03102, 37.6456 ], [ -122.02832, 37.64784 ], [ -122.02509, 37.64719 ], [ -122.02254, 37.64751 ], [ -122.01957, 37.64631 ], [ -122.0162, 37.64261 ], [ -122.0188, 37.63973 ], [ -122.01985, 37.63708 ], [ -122.01535, 37.63426 ], [ -122.01109, 37.63365 ], [ -122.01402, 37.63169 ], [ -122.01217, 37.63068 ], [ -122.02281, 37.62579 ], [ -122.02963, 37.62065 ], [ -122.02383, 37.61545 ], [ -122.02822, 37.61345 ], [ -122.02324, 37.60905 ], [ -122.0345, 37.60906 ], [ -122.03094, 37.60593 ], [ -122.05869, 37.60603 ], [ -122.05938, 37.60391 ], [ -122.06879, 37.6057 ], [ -122.06654, 37.61314 ], [ -122.07118, 37.61327 ], [ -122.07224, 37.61475 ], [ -122.06553, 37.61483 ], [ -122.06399, 37.61617 ], [ -122.06984, 37.61742 ], [ -122.07454, 37.61758 ], [ -122.10161, 37.65642 ] ] ] ] } },
{ "type": "Feature", "properties": { "zip_code": "94803", "county": "Contra Costa", "band": 30.0, "band_source": "routed", "drive_min": 24.5, "distance_mi": 13.2, "memberships": 4, "regular": null, "associate": null, "median_age": null, "age_note": "suppressed", "pt_lon": -122.27475, "pt_lat": 37.9551 }, "geometry": { "type": "Polygon", "coordinates": [ [ [ -122.33073, 37.95949 ], [ -122.32924, 37.96223 ], [ -122.32255, 37.96633 ], [ -122.32141, 37.96781 ], [ -122.31556, 37.98564 ], [ -122.31188, 37.98379 ], [ -122.30745, 37.98779 ], [ -122.30758, 37.98946 ], [ -122.30097, 37.98956 ], [ -122.30047, 37.98588 ], [ -122.29458, 37.98735 ], [ -122.29184, 37.98632 ], [ -122.29186, 37.98796 ], [ -122.29369, 37.98903 ], [ -122.29198, 37.98964 ], [ -122.29072, 37.98938 ], [ -122.29071, 37.98724 ], [ -122.28838, 37.988 ], [ -122.28623, 37.98675 ], [ -122.28848, 37.9843 ], [ -122.28767, 37.98336 ], [ -122.2839, 37.98317 ], [ -122.28195, 37.98204 ], [ -122.28217, 37.98345 ], [ -122.27902, 37.98248 ], [ -122.27886, 37.98062 ], [ -122.26805, 37.97427 ], [ -122.26069, 37.97295 ], [ -122.2561, 37.97514 ], [ -122.25608, 37.97695 ], [ -122.25764, 37.97762 ], [ -122.25136, 37.97523 ], [ -122.25028, 37.97359 ], [ -122.24315, 37.97111 ], [ -122.24307, 37.96811 ], [ -122.24567, 37.96458 ], [ -122.24677, 37.96402 ], [ -122.24348, 37.96264 ], [ -122.2376, 37.95822 ], [ -122.24131, 37.95692 ], [ -122.24119, 37.95525 ], [ -122.24349, 37.95448 ], [ -122.24652, 37.95529 ], [ -122.2491, 37.95227 ], [ -122.25233, 37.95146 ], [ -122.25476, 37.94916 ], [ -122.25594, 37.9489 ], [ -122.25368, 37.94574 ], [ -122.25529, 37.94605 ], [ -122.25609, 37.94459 ], [ -122.25884, 37.94641 ], [ -122.2632, 37.94283 ], [ -122.26408, 37.94362 ], [ -122.26572, 37.94257 ], [ -122.26164, 37.9409 ], [ -122.2594, 37.93765 ], [ -122.25737, 37.93274 ], [ -122.25544, 37.93123 ], [ -122.25405, 37.92749 ], [ -122.24968, 37.92544 ], [ -122.24807, 37.92276 ], [ -122.24576, 37.92158 ], [ -122.2555, 37.92154 ], [ -122.25461, 37.92058 ], [ -122.26373, 37.92093 ], [ -122.26319, 37.92149 ], [ -122.27061, 37.92138 ], [ -122.27067, 37.92392 ], [ -122.27856, 37.92001 ], [ -122.28261, 37.92617 ], [ -122.28821, 37.93206 ], [ -122.28899, 37.93368 ], [ -122.29152, 37.93338 ], [ -122.29198, 37.93452 ], [ -122.29873, 37.93718 ], [ -122.30193, 37.94082 ], [ -122.30577, 37.94199 ], [ -122.31132, 37.94673 ], [ -122.31136, 37.94882 ], [ -122.3096, 37.94812 ], [ -122.30952, 37.95166 ], [ -122.30837, 37.95267 ], [ -122.30825, 37.9548 ], [ -122.31233, 37.95679 ], [ -122.31647, 37.957 ], [ -122.31739, 37.9612 ], [ -122.31842, 37.9603 ], [ -122.31913, 37.96269 ], [ -122.32022, 37.96202 ], [ -122.32377, 37.96198 ], [ -122.32712, 37.9606 ], [ -122.3277, 37.9613 ], [ -122.32913, 37.96011 ], [ -122.32767, 37.95878 ], [ -122.32808, 37.95701 ], [ -122.32994, 37.95591 ], [ -122.33073, 37.95949 ] ] ] } },
{ "type": "Feature", "properties": { "zip_code": "94970", "county": "Marin", "band": 60.0, "band_source": "routed", "drive_min": 57.0, "distance_mi": 28.0, "memberships": 0, "regular": null, "associate": null, "median_age": null, "age_note": null, "pt_lon": -122.65835, "pt_lat": 37.91611 }, "geometry": { "type": "Polygon", "coordinates": [ [ [ -122.69656, 37.93437 ], [ -122.68852, 37.93194 ], [ -122.68545, 37.93678 ], [ -122.6808, 37.94066 ], [ -122.67644, 37.94694 ], [ -122.67664, 37.94405 ], [ -122.67537, 37.94379 ], [ -122.67567, 37.94263 ], [ -122.67356, 37.94177 ], [ -122.67186, 37.94284 ], [ -122.66725, 37.94383 ], [ -122.66808, 37.94203 ], [ -122.66712, 37.94183 ], [ -122.66428, 37.94378 ], [ -122.66378, 37.94234 ], [ -122.66239, 37.94236 ], [ -122.66142, 37.94141 ], [ -122.66165, 37.93998 ], [ -122.65968, 37.94166 ], [ -122.65845, 37.94057 ], [ -122.65799, 37.93834 ], [ -122.65675, 37.93689 ], [ -122.65351, 37.93548 ], [ -122.65052, 37.93574 ], [ -122.64653, 37.93384 ], [ -122.64032, 37.92459 ], [ -122.63903, 37.92474 ], [ -122.63311, 37.9214 ], [ -122.6302, 37.9205 ], [ -122.62874, 37.91888 ], [ -122.6286, 37.91643 ], [ -122.6275, 37.91633 ], [ -122.62464, 37.91249 ], [ -122.62521, 37.91123 ], [ -122.62076, 37.91059 ], [ -122.61922, 37.90922 ], [ -122.61593, 37.90909 ], [ -122.6232, 37.90516 ], [ -122.61058, 37.89916 ], [ -122.61294, 37.8965 ], [ -122.61642, 37.89519 ], [ -122.61912, 37.89321 ], [ -122.62414, 37.88749 ], [ -122.62896, 37.88522 ], [ -122.64196, 37.89751 ], [ -122.65882, 37.90474 ], [ -122.67847, 37.9066 ], [ -122.682, 37.90564 ], [ -122.68202, 37.90968 ], [ -122.68421, 37.91038 ], [ -122.68828, 37.91579 ], [ -122.68751, 37.91877 ], [ -122.68853, 37.92026 ], [ -122.68781, 37.92183 ], [ -122.68967, 37.92182 ], [ -122.68964, 37.92289 ], [ -122.69248, 37.92289 ], [ -122.69509, 37.92608 ], [ -122.69635, 37.93032 ], [ -122.6984, 37.9332 ], [ -122.69656, 37.93437 ] ] ] } },
{ "type": "Feature", "properties": { "zip_code": "94028", "county": "San Mateo", "band": null, "band_source": "routed", "drive_min": 75.3, "distance_mi": 57.1, "memberships": 1, "regular": null, "associate": null, "median_age": null, "age_note": "suppressed", "pt_lon": -122.22564, "pt_lat": 37.37275 }, "geometry": { "type": "Polygon", "coordinates": [ [ [ -122.25386, 37.37437 ], [ -122.24989, 37.37729 ], [ -122.24849, 37.37971 ], [ -122.24762, 37.37958 ], [ -122.24549, 37.38339 ], [ -122.24511, 37.38539 ], [ -122.24407, 37.38571 ], [ -122.23947, 37.38991 ], [ -122.23468, 37.3843 ], [ -122.23401, 37.38708 ], [ -122.23201, 37.38462 ], [ -122.22557, 37.3802 ], [ -122.22413, 37.38062 ], [ -122.22327, 37.38197 ], [ -122.22559, 37.38247 ], [ -122.22673, 37.38359 ], [ -122.22574, 37.3845 ], [ -122.22716, 37.38523 ], [ -122.2275, 37.38739 ], [ -122.2295, 37.38836 ], [ -122.22903, 37.38891 ], [ -122.23078, 37.39107 ], [ -122.232, 37.39107 ], [ -122.23375, 37.39339 ], [ -122.2344, 37.39645 ], [ -122.23317, 37.39726 ], [ -122.23515, 37.39732 ], [ -122.2363, 37.39945 ], [ -122.23784, 37.39973 ], [ -122.23669, 37.4019 ], [ -122.23166, 37.40387 ], [ -122.23463, 37.41051 ], [ -122.2363, 37.41096 ], [ -122.23871, 37.40958 ], [ -122.24145, 37.40977 ], [ -122.24046, 37.41188 ], [ -122.2438, 37.4201 ], [ -122.24112, 37.42193 ], [ -122.23921, 37.42182 ], [ -122.23592, 37.42535 ], [ -122.23289, 37.42467 ], [ -122.22944, 37.4248 ], [ -122.22214, 37.41964 ], [ -122.21483, 37.41827 ], [ -122.21218, 37.41689 ], [ -122.2079, 37.41336 ], [ -122.20111, 37.41107 ], [ -122.19947, 37.41161 ], [ -122.19944, 37.41078 ], [ -122.1942, 37.40909 ], [ -122.18905, 37.40636 ], [ -122.17681, 37.39413 ], [ -122.17487, 37.39293 ], [ -122.16979, 37.392 ], [ -122.17023, 37.39016 ], [ -122.17237, 37.39049 ], [ -122.18549, 37.38774 ], [ -122.18342, 37.38459 ], [ -122.18661, 37.38392 ], [ -122.18936, 37.38475 ], [ -122.18898, 37.38354 ], [ -122.18688, 37.38155 ], [ -122.18758, 37.38063 ], [ -122.18632, 37.37988 ], [ -122.1885, 37.37848 ], [ -122.19288, 37.37986 ], [ -122.19584, 37.37297 ], [ -122.19778, 37.37358 ], [ -122.20071, 37.37196 ], [ -122.20101, 37.37122 ], [ -122.20012, 37.36733 ], [ -122.19684, 37.36629 ], [ -122.19572, 37.36872 ], [ -122.19319, 37.3699 ], [ -122.19082, 37.37014 ], [ -122.18943, 37.36869 ], [ -122.18938, 37.3675 ], [ -122.1857, 37.36669 ], [ -122.18477, 37.36698 ], [ -122.18114, 37.36501 ], [ -122.17688, 37.36564 ], [ -122.17607, 37.36452 ], [ -122.17453, 37.36488 ], [ -122.17257, 37.36336 ], [ -122.17338, 37.3608 ], [ -122.17558, 37.35889 ], [ -122.17419, 37.35834 ], [ -122.18272, 37.33286 ], [ -122.17507, 37.32574 ], [ -122.17855, 37.32516 ], [ -122.17928, 37.32619 ], [ -122.18323, 37.32623 ], [ -122.18652, 37.32203 ], [ -122.18876, 37.32092 ], [ -122.18872, 37.32267 ], [ -122.1891, 37.32215 ], [ -122.19063, 37.32237 ], [ -122.19241, 37.32578 ], [ -122.19512, 37.3267 ], [ -122.19921, 37.33194 ], [ -122.20104, 37.33244 ], [ -122.20024, 37.33606 ], [ -122.20378, 37.34203 ], [ -122.20763, 37.344 ], [ -122.2105, 37.34323 ], [ -122.2127, 37.34008 ], [ -122.21414, 37.34074 ], [ -122.21414, 37.33833 ], [ -122.217, 37.3383 ], [ -122.21736, 37.3398 ], [ -122.22871, 37.34521 ], [ -122.2304, 37.34766 ], [ -122.23272, 37.34895 ], [ -122.23673, 37.34979 ], [ -122.23963, 37.35147 ], [ -122.24401, 37.35595 ], [ -122.24684, 37.3579 ], [ -122.24772, 37.35993 ], [ -122.24692, 37.36283 ], [ -122.24789, 37.36503 ], [ -122.24765, 37.36729 ], [ -122.25273, 37.37193 ], [ -122.25386, 37.37437 ] ] ] } },
{ "type": "Feature", "properties": { "zip_code": "94587", "county": "Alameda", "band": 60.0, "band_source": "routed", "drive_min": 45.3, "distance_mi": 33.6, "memberships": 0, "regular": null, "associate": null, "median_age": null, "age_note": null, "pt_lon": -122.05681, "pt_lat": 37.59589 }, "geometry": { "type": "Polygon", "coordinates": [ [ [ -122.14701, 37.58841 ], [ -122.14655, 37.60448 ], [ -122.14599, 37.60265 ], [ -122.14305, 37.60525 ], [ -122.14101, 37.60854 ], [ -122.13704, 37.60652 ], [ -122.13453, 37.60639 ], [ -122.13641, 37.60422 ], [ -122.1396, 37.6033 ], [ -122.14129, 37.60217 ], [ -122.14118, 37.59976 ], [ -122.14004, 37.59809 ], [ -122.13867, 37.59751 ], [ -122.13438, 37.59842 ], [ -122.13338, 37.59685 ], [ -122.13379, 37.59526 ], [ -122.13235, 37.59227 ], [ -122.1307, 37.59292 ], [ -122.13045, 37.5963 ], [ -122.12827, 37.59709 ], [ -122.12684, 37.59625 ], [ -122.12713, 37.59394 ], [ -122.12608, 37.59232 ], [ -122.12333, 37.59292 ], [ -122.12122, 37.59645 ], [ -122.12237, 37.59836 ], [ -122.12061, 37.60111 ], [ -122.11827, 37.6027 ], [ -122.11581, 37.60261 ], [ -122.11538, 37.6043 ], [ -122.11401, 37.60474 ], [ -122.11192, 37.60419 ], [ -122.10907, 37.60152 ], [ -122.11251, 37.59867 ], [ -122.11028, 37.5979 ], [ -122.10957, 37.59872 ], [ -122.10406, 37.59837 ], [ -122.10253, 37.60022 ], [ -122.10159, 37.60501 ], [ -122.09768, 37.6056 ], [ -122.09763, 37.60183 ], [ -122.08906, 37.60651 ], [ -122.08683, 37.60863 ], [ -122.08026, 37.61153 ], [ -122.07793, 37.61348 ], [ -122.07145, 37.61328 ], [ -122.07454, 37.61758 ], [ -122.06984, 37.61742 ], [ -122.06399, 37.61617 ], [ -122.06553, 37.61483 ], [ -122.07224, 37.61475 ], [ -122.07118, 37.61327 ], [ -122.06654, 37.61314 ], [ -122.06879, 37.6057 ], [ -122.05938, 37.60391 ], [ -122.05869, 37.60603 ], [ -122.03094, 37.60593 ], [ -122.0345, 37.60906 ], [ -122.02324, 37.60905 ], [ -122.02822, 37.61345 ], [ -122.02383, 37.61545 ], [ -122.02963, 37.62065 ], [ -122.02281, 37.62579 ], [ -122.01217, 37.63068 ], [ -122.00278, 37.6247 ], [ -122.00323, 37.62277 ], [ -122.00196, 37.61693 ], [ -122.00364, 37.61583 ], [ -122.00437, 37.61316 ], [ -122.00585, 37.61188 ], [ -122.00535, 37.61113 ], [ -122.00924, 37.60875 ], [ -122.01161, 37.6088 ], [ -122.00713, 37.60615 ], [ -122.00475, 37.60637 ], [ -122.00252, 37.60796 ], [ -121.99988, 37.60828 ], [ -121.99781, 37.6067 ], [ -121.99575, 37.60605 ], [ -121.99317, 37.60665 ], [ -121.98964, 37.60625 ], [ -121.98607, 37.60517 ], [ -121.98348, 37.60286 ], [ -122.00587, 37.58648 ], [ -122.00836, 37.57903 ], [ -122.01104, 37.58063 ], [ -122.0132, 37.5807 ], [ -122.01685, 37.57473 ], [ -122.01791, 37.57492 ], [ -122.01831, 37.57443 ], [ -122.02384, 37.57703 ], [ -122.03226, 37.58521 ], [ -122.03451, 37.58657 ], [ -122.03839, 37.58773 ], [ -122.04146, 37.58812 ], [ -122.0457, 37.58714 ], [ -122.04858, 37.5856 ], [ -122.05035, 37.58349 ], [ -122.05673, 37.59263 ], [ -122.06046, 37.5918 ], [ -122.06432, 37.58675 ], [ -122.06218, 37.58552 ], [ -122.06282, 37.58476 ], [ -122.06022, 37.57399 ], [ -122.07008, 37.56345 ], [ -122.07941, 37.56148 ], [ -122.08056, 37.56238 ], [ -122.08366, 37.56279 ], [ -122.0838, 37.56519 ], [ -122.08006, 37.56482 ], [ -122.07901, 37.56642 ], [ -122.08469, 37.56635 ], [ -122.08512, 37.56725 ], [ -122.08347, 37.56833 ], [ -122.08936, 37.56452 ], [ -122.09079, 37.56466 ], [ -122.09063, 37.56632 ], [ -122.09171, 37.56739 ], [ -122.09517, 37.56672 ], [ -122.09549, 37.56504 ], [ -122.0927, 37.56302 ], [ -122.09493, 37.562 ], [ -122.09707, 37.56427 ], [ -122.10059, 37.56467 ], [ -122.10122, 37.56264 ], [ -122.1023, 37.56219 ], [ -122.10436, 37.56392 ], [ -122.1073, 37.56137 ], [ -122.10963, 37.56044 ], [ -122.11108, 37.56138 ], [ -122.11013, 37.56555 ], [ -122.12088, 37.56904 ], [ -122.12431, 37.56917 ], [ -122.12646, 37.56853 ], [ -122.1288, 37.56685 ], [ -122.13208, 37.56208 ], [ -122.13392, 37.56289 ], [ -122.13618, 37.56819 ], [ -122.1444, 37.58187 ], [ -122.14701, 37.58841 ] ] ] } },
{ "type": "Feature", "properties": { "zip_code": "94402", "county": "San Mateo", "band": 60.0, "band_source": "routed", "drive_min": 58.1, "distance_mi": 42.1, "memberships": 0, "regular": null, "associate": null, "median_age": null, "age_note": null, "pt_lon": -122.34846, "pt_lat": 37.54006 }, "geometry": { "type": "Polygon", "coordinates": [ [ [ -122.36393, 37.53101 ], [ -122.36066, 37.53127 ], [ -122.35866, 37.53005 ], [ -122.35164, 37.53274 ], [ -122.3491, 37.53586 ], [ -122.34991, 37.53706 ], [ -122.34954, 37.54069 ], [ -122.34572, 37.5397 ], [ -122.34341, 37.53353 ], [ -122.34158, 37.53173 ], [ -122.33726, 37.53534 ], [ -122.34118, 37.53846 ], [ -122.3387, 37.5406 ], [ -122.33523, 37.53801 ], [ -122.33296, 37.53892 ], [ -122.3302, 37.54127 ], [ -122.33258, 37.54417 ], [ -122.32845, 37.54858 ], [ -122.32906, 37.5483 ], [ -122.33228, 37.55064 ], [ -122.33785, 37.54608 ], [ -122.34005, 37.54789 ], [ -122.34061, 37.54989 ], [ -122.33947, 37.55273 ], [ -122.32918, 37.5621 ], [ -122.33051, 37.56394 ], [ -122.33717, 37.56799 ], [ -122.35271, 37.56089 ], [ -122.355, 37.56416 ], [ -122.35008, 37.56631 ], [ -122.35191, 37.56995 ], [ -122.34706, 37.57204 ], [ -122.34507, 37.57141 ], [ -122.34185, 37.57276 ], [ -122.34103, 37.57067 ], [ -122.33755, 37.57113 ], [ -122.33666, 37.57052 ], [ -122.33774, 37.57015 ], [ -122.33804, 37.57072 ], [ -122.33953, 37.56968 ], [ -122.33821, 37.56893 ], [ -122.33528, 37.56986 ], [ -122.33375, 37.56918 ], [ -122.33162, 37.56636 ], [ -122.33065, 37.56738 ], [ -122.32966, 37.56676 ], [ -122.31896, 37.55665 ], [ -122.31714, 37.55682 ], [ -122.31434, 37.55904 ], [ -122.32011, 37.56468 ], [ -122.31922, 37.56636 ], [ -122.31295, 37.56956 ], [ -122.30278, 37.56033 ], [ -122.29628, 37.55335 ], [ -122.3089, 37.5523 ], [ -122.31361, 37.54954 ], [ -122.32444, 37.54661 ], [ -122.32859, 37.54356 ], [ -122.32996, 37.541 ], [ -122.32915, 37.53528 ], [ -122.3323, 37.52517 ], [ -122.33265, 37.522 ], [ -122.32928, 37.51695 ], [ -122.32899, 37.51484 ], [ -122.3302, 37.51259 ], [ -122.33588, 37.50805 ], [ -122.33857, 37.50714 ], [ -122.34303, 37.50752 ], [ -122.34493, 37.51035 ], [ -122.34741, 37.51203 ], [ -122.3497, 37.51183 ], [ -122.35384, 37.51621 ], [ -122.35648, 37.52057 ], [ -122.35729, 37.52424 ], [ -122.36035, 37.52533 ], [ -122.36265, 37.52992 ], [ -122.36393, 37.53101 ] ] ] } },
{ "type": "Feature", "properties": { "zip_code": "94539", "county": "Alameda", "band": null, "band_source": "routed", "drive_min": 66.0, "distance_mi": 47.3, "memberships": 1, "regular": null, "associate": null, "median_age": null, "age_note": "suppressed", "pt_lon": -121.90681, "pt_lat": 37.51586 }, "geometry": { "type": "Polygon", "coordinates": [ [ [ -121.9621, 37.56509 ], [ -121.95859, 37.56742 ], [ -121.95797, 37.56868 ], [ -121.9527, 37.57065 ], [ -121.94759, 37.56987 ], [ -121.94278, 37.57063 ], [ -121.93567, 37.57005 ], [ -121.93306, 37.57126 ], [ -121.93174, 37.57274 ], [ -121.92762, 37.57148 ], [ -121.92583, 37.56943 ], [ -121.92571, 37.56809 ], [ -121.92315, 37.56822 ], [ -121.92016, 37.56595 ], [ -121.9205, 37.56436 ], [ -121.91941, 37.56043 ], [ -121.92378, 37.5604 ], [ -121.92371, 37.55968 ], [ -121.92068, 37.55929 ], [ -121.9185, 37.55983 ], [ -121.91884, 37.56097 ], [ -121.9145, 37.56077 ], [ -121.91507, 37.55625 ], [ -121.90958, 37.55501 ], [ -121.90734, 37.54928 ], [ -121.90481, 37.55011 ], [ -121.89932, 37.54659 ], [ -121.89361, 37.5502 ], [ -121.8883, 37.54517 ], [ -121.88746, 37.54304 ], [ -121.88733, 37.53898 ], [ -121.88312, 37.53614 ], [ -121.87815, 37.53024 ], [ -121.87906, 37.52885 ], [ -121.88005, 37.52136 ], [ -121.8794, 37.52047 ], [ -121.875, 37.52041 ], [ -121.87006, 37.51893 ], [ -121.86892, 37.51927 ], [ -121.86745, 37.51772 ], [ -121.86489, 37.51721 ], [ -121.8692, 37.51576 ], [ -121.86849, 37.51293 ], [ -121.8665, 37.51132 ], [ -121.86604, 37.51 ], [ -121.86301, 37.50877 ], [ -121.86287, 37.50403 ], [ -121.86354, 37.50296 ], [ -121.86311, 37.49754 ], [ -121.86123, 37.49451 ], [ -121.8602, 37.48895 ], [ -121.85808, 37.48617 ], [ -121.85576, 37.48454 ], [ -121.86527, 37.48464 ], [ -121.86993, 37.48168 ], [ -121.87105, 37.47924 ], [ -121.87401, 37.47741 ], [ -121.87461, 37.47577 ], [ -121.87724, 37.47523 ], [ -121.88025, 37.47155 ], [ -121.8826, 37.47055 ], [ -121.88597, 37.47138 ], [ -121.88935, 37.4701 ], [ -121.89076, 37.46804 ], [ -121.89831, 37.46666 ], [ -121.89884, 37.46595 ], [ -121.91133, 37.46224 ], [ -121.91265, 37.46065 ], [ -121.9171, 37.45847 ], [ -121.91729, 37.46279 ], [ -121.91924, 37.46218 ], [ -121.93087, 37.48586 ], [ -121.93213, 37.48725 ], [ -121.94104, 37.50452 ], [ -121.9432, 37.50401 ], [ -121.9411, 37.50463 ], [ -121.94525, 37.51268 ], [ -121.94276, 37.51383 ], [ -121.94532, 37.51278 ], [ -121.95363, 37.52922 ], [ -121.95441, 37.5383 ], [ -121.95686, 37.54717 ], [ -121.95878, 37.55952 ], [ -121.95999, 37.56265 ], [ -121.9621, 37.56509 ] ] ] } },
{ "type": "Feature", "properties": { "zip_code": "95691", "county": "Yolo", "band": null, "band_source": "routed", "drive_min": 96.6, "distance_mi": 79.7, "memberships": 1, "regular": null, "associate": null, "median_age": null, "age_note": "suppressed", "pt_lon": -121.60717, "pt_lat": 38.64319 }, "geometry": { "type": "Polygon", "coordinates": [ [ [ -121.66429, 38.76526 ], [ -121.66316, 38.76921 ], [ -121.66035, 38.7701 ], [ -121.65894, 38.76962 ], [ -121.65763, 38.76823 ], [ -121.65716, 38.76617 ], [ -121.656, 38.76507 ], [ -121.653, 38.76451 ], [ -121.64515, 38.76653 ], [ -121.63342, 38.76848 ], [ -121.63148, 38.77612 ], [ -121.62795, 38.77919 ], [ -121.63005, 38.78109 ], [ -121.63082, 38.78317 ], [ -121.62898, 38.78438 ], [ -121.62528, 38.78534 ], [ -121.61382, 38.78172 ], [ -121.60811, 38.78086 ], [ -121.60302, 38.77811 ], [ -121.59984, 38.77488 ], [ -121.59262, 38.76286 ], [ -121.59233, 38.76023 ], [ -121.59341, 38.75398 ], [ -121.5955, 38.74885 ], [ -121.6011, 38.74064 ], [ -121.60363, 38.73347 ], [ -121.60577, 38.71832 ], [ -121.60843, 38.71461 ], [ -121.61422, 38.70904 ], [ -121.62873, 38.6989 ], [ -121.6319, 38.69584 ], [ -121.63416, 38.68984 ], [ -121.63377, 38.68616 ], [ -121.63192, 38.68064 ], [ -121.62801, 38.67476 ], [ -121.60957, 38.66111 ], [ -121.60347, 38.65521 ], [ -121.59407, 38.64411 ], [ -121.58977, 38.6424 ], [ -121.58717, 38.6427 ], [ -121.57607, 38.6486 ], [ -121.57047, 38.6476 ], [ -121.56687, 38.6451 ], [ -121.5651, 38.6423 ], [ -121.56157, 38.6186 ], [ -121.55827, 38.6082 ], [ -121.54987, 38.5994 ], [ -121.54789, 38.59877 ], [ -121.54891, 38.59724 ], [ -121.55554, 38.60278 ], [ -121.57617, 38.59767 ], [ -121.57087, 38.59063 ], [ -121.57262, 38.58941 ], [ -121.57049, 38.58264 ], [ -121.58272, 38.57944 ], [ -121.58277, 38.57875 ], [ -121.53722, 38.58853 ], [ -121.51694, 38.58284 ], [ -121.51569, 38.58197 ], [ -121.5129, 38.58184 ], [ -121.50827, 38.58051 ], [ -121.51157, 38.575 ], [ -121.51897, 38.5687 ], [ -121.52097, 38.5662 ], [ -121.51129, 38.54629 ], [ -121.5132, 38.54074 ], [ -121.52037, 38.53537 ], [ -121.52847, 38.53211 ], [ -121.52977, 38.53121 ], [ -121.53098, 38.52897 ], [ -121.52992, 38.52678 ], [ -121.5242, 38.52151 ], [ -121.5255, 38.51878 ], [ -121.5314, 38.51727 ], [ -121.54082, 38.5165 ], [ -121.55178, 38.51386 ], [ -121.55499, 38.51016 ], [ -121.5587, 38.50194 ], [ -121.58242, 38.50447 ], [ -121.58222, 38.50269 ], [ -121.58536, 38.50271 ], [ -121.58543, 38.53743 ], [ -121.58476, 38.5429 ], [ -121.58278, 38.54803 ], [ -121.58323, 38.57323 ], [ -121.5825, 38.57435 ], [ -121.58718, 38.59488 ], [ -121.61268, 38.62773 ], [ -121.62996, 38.65522 ], [ -121.64169, 38.66839 ], [ -121.64432, 38.67747 ], [ -121.64561, 38.69078 ], [ -121.63513, 38.71731 ], [ -121.63451, 38.72028 ], [ -121.63435, 38.74734 ], [ -121.63558, 38.76413 ], [ -121.6383, 38.76461 ], [ -121.65091, 38.76355 ], [ -121.65781, 38.76421 ], [ -121.6602, 38.76394 ], [ -121.66191, 38.76292 ], [ -121.66429, 38.76526 ] ] ] } },
{ "type": "Feature", "properties": { "zip_code": "94621", "county": "Alameda", "band": 45.0, "band_source": "routed", "drive_min": 37.3, "distance_mi": 22.4, "memberships": 0, "regular": null, "associate": null, "median_age": null, "age_note": null, "pt_lon": -122.21028, "pt_lat": 37.73509 }, "geometry": { "type": "Polygon", "coordinates": [ [ [ -122.25217, 37.72495 ], [ -122.24846, 37.72787 ], [ -122.23618, 37.71985 ], [ -122.22834, 37.72773 ], [ -122.22677, 37.72766 ], [ -122.22651, 37.74788 ], [ -122.23578, 37.74804 ], [ -122.23592, 37.74747 ], [ -122.23628, 37.74855 ], [ -122.22608, 37.74967 ], [ -122.22378, 37.75443 ], [ -122.21811, 37.75966 ], [ -122.21485, 37.76147 ], [ -122.21993, 37.76846 ], [ -122.21578, 37.76446 ], [ -122.21332, 37.76532 ], [ -122.21084, 37.76336 ], [ -122.20368, 37.76713 ], [ -122.19735, 37.77162 ], [ -122.19585, 37.77021 ], [ -122.19478, 37.77038 ], [ -122.19367, 37.76925 ], [ -122.19434, 37.76878 ], [ -122.19199, 37.76764 ], [ -122.18905, 37.7647 ], [ -122.18713, 37.76545 ], [ -122.1857, 37.76423 ], [ -122.18272, 37.76603 ], [ -122.18093, 37.7636 ], [ -122.18039, 37.76368 ], [ -122.17664, 37.75988 ], [ -122.17367, 37.76098 ], [ -122.17521, 37.76314 ], [ -122.17228, 37.7617 ], [ -122.1661, 37.75396 ], [ -122.17103, 37.75118 ], [ -122.17131, 37.75155 ], [ -122.17291, 37.75058 ], [ -122.17497, 37.75055 ], [ -122.17462, 37.74982 ], [ -122.18305, 37.74613 ], [ -122.18188, 37.74468 ], [ -122.18471, 37.74331 ], [ -122.18581, 37.7415 ], [ -122.18179, 37.73765 ], [ -122.19088, 37.7455 ], [ -122.19293, 37.73894 ], [ -122.19385, 37.73934 ], [ -122.19555, 37.74169 ], [ -122.19528, 37.74403 ], [ -122.19619, 37.7447 ], [ -122.19652, 37.74055 ], [ -122.19238, 37.73581 ], [ -122.19369, 37.73602 ], [ -122.19551, 37.73326 ], [ -122.19815, 37.73344 ], [ -122.19865, 37.73236 ], [ -122.19617, 37.73055 ], [ -122.19265, 37.73001 ], [ -122.19978, 37.72706 ], [ -122.18914, 37.71781 ], [ -122.1929, 37.71673 ], [ -122.1934, 37.71783 ], [ -122.19471, 37.71754 ], [ -122.19427, 37.71591 ], [ -122.19703, 37.71583 ], [ -122.2021, 37.71302 ], [ -122.20973, 37.71109 ], [ -122.20919, 37.71001 ], [ -122.21248, 37.70897 ], [ -122.21177, 37.70201 ], [ -122.21474, 37.69925 ], [ -122.2265, 37.70653 ], [ -122.25217, 37.72495 ] ] ] } },
{ "type": "Feature", "properties": { "zip_code": "95694", "county": "Yolo", "band": null, "band_source": "routed", "drive_min": 79.7, "distance_mi": 60.1, "memberships": 1, "regular": null, "associate": null, "median_age": null, "age_note": "suppressed", "pt_lon": -121.99858, "pt_lat": 38.55851 }, "geometry": { "type": "Polygon", "coordinates": [ [ [ -122.17043, 38.6296 ], [ -122.16665, 38.63165 ], [ -122.16254, 38.63269 ], [ -122.16121, 38.63576 ], [ -122.16595, 38.64026 ], [ -122.16593, 38.64192 ], [ -122.16494, 38.64246 ], [ -122.16328, 38.64111 ], [ -122.16051, 38.64115 ], [ -122.1569, 38.63914 ], [ -122.15478, 38.63668 ], [ -122.15131, 38.63507 ], [ -122.15003, 38.63379 ], [ -122.15014, 38.63262 ], [ -122.14784, 38.63153 ], [ -122.14508, 38.6322 ], [ -122.14222, 38.63183 ], [ -122.1368, 38.62743 ], [ -122.13118, 38.62736 ], [ -122.12718, 38.62908 ], [ -122.12339, 38.62927 ], [ -122.1216, 38.62734 ], [ -122.11766, 38.62606 ], [ -122.1156, 38.62366 ], [ -122.11441, 38.62427 ], [ -122.11312, 38.62359 ], [ -122.10772, 38.62745 ], [ -122.10079, 38.62688 ], [ -122.09821, 38.62913 ], [ -122.08678, 38.63095 ], [ -122.08412, 38.63205 ], [ -122.07882, 38.63578 ], [ -122.07206, 38.63567 ], [ -122.07116, 38.63766 ], [ -122.07121, 38.63965 ], [ -122.06789, 38.64224 ], [ -122.06669, 38.64207 ], [ -122.06631, 38.64688 ], [ -122.06428, 38.64753 ], [ -122.06475, 38.6484 ], [ -122.06705, 38.64893 ], [ -122.05644, 38.64925 ], [ -122.04831, 38.65073 ], [ -122.03425, 38.6505 ], [ -122.03426, 38.64946 ], [ -121.99901, 38.64958 ], [ -121.99878, 38.6612 ], [ -121.97919, 38.66092 ], [ -121.97084, 38.66218 ], [ -121.96818, 38.66493 ], [ -121.96483, 38.6654 ], [ -121.95553, 38.66518 ], [ -121.95239, 38.66578 ], [ -121.95274, 38.66368 ], [ -121.95078, 38.66368 ], [ -121.95142, 38.66087 ], [ -121.95126, 38.64932 ], [ -121.92918, 38.64918 ], [ -121.92783, 38.64192 ], [ -121.92847, 38.64192 ], [ -121.92847, 38.63468 ], [ -121.95203, 38.63482 ], [ -121.95321, 38.62238 ], [ -121.95316, 38.60839 ], [ -121.94095, 38.6083 ], [ -121.93699, 38.6057 ], [ -121.93429, 38.60568 ], [ -121.93429, 38.59119 ], [ -121.92504, 38.5911 ], [ -121.92509, 38.5838 ], [ -121.90592, 38.58361 ], [ -121.90498, 38.58092 ], [ -121.90502, 38.56176 ], [ -121.87706, 38.56128 ], [ -121.87691, 38.55082 ], [ -121.87069, 38.55308 ], [ -121.86267, 38.53838 ], [ -121.86012, 38.53851 ], [ -121.85374, 38.53679 ], [ -121.8488, 38.53661 ], [ -121.83929, 38.53337 ], [ -121.8346, 38.53077 ], [ -121.83463, 38.52422 ], [ -121.84695, 38.52437 ], [ -121.84725, 38.52307 ], [ -121.84858, 38.52432 ], [ -121.85157, 38.52456 ], [ -121.85051, 38.5303 ], [ -121.88251, 38.53034 ], [ -121.88266, 38.51738 ], [ -121.87728, 38.51726 ], [ -121.87718, 38.51593 ], [ -121.89303, 38.51593 ], [ -121.89089, 38.51213 ], [ -121.90812, 38.50626 ], [ -121.90813, 38.4897 ], [ -121.9238, 38.48992 ], [ -121.92371, 38.4678 ], [ -121.94291, 38.46809 ], [ -121.94099, 38.45328 ], [ -121.96853, 38.45319 ], [ -121.96829, 38.46989 ], [ -121.97152, 38.4703 ], [ -121.97618, 38.46921 ], [ -121.98158, 38.46609 ], [ -121.98415, 38.46753 ], [ -121.98544, 38.46747 ], [ -121.98846, 38.46868 ], [ -121.98856, 38.46984 ], [ -121.98985, 38.47109 ], [ -121.99192, 38.47077 ], [ -121.99844, 38.46411 ], [ -122.00021, 38.46128 ], [ -122.0022, 38.46124 ], [ -122.00328, 38.4591 ], [ -122.0088, 38.45705 ], [ -122.01098, 38.45551 ], [ -122.01617, 38.45473 ], [ -122.02495, 38.45832 ], [ -122.02797, 38.45692 ], [ -122.03068, 38.45802 ], [ -122.03279, 38.45771 ], [ -122.03369, 38.45877 ], [ -122.03239, 38.46007 ], [ -122.03723, 38.46189 ], [ -122.03669, 38.46336 ], [ -122.03324, 38.46409 ], [ -122.03253, 38.46961 ], [ -122.03606, 38.47012 ], [ -122.03925, 38.47599 ], [ -122.03918, 38.47815 ], [ -122.03687, 38.47895 ], [ -122.03687, 38.48037 ], [ -122.04072, 38.48039 ], [ -122.04161, 38.48383 ], [ -122.0417, 38.48947 ], [ -122.0363, 38.48949 ], [ -122.03345, 38.4901 ], [ -122.03341, 38.49082 ], [ -122.03083, 38.49263 ], [ -122.02933, 38.49224 ], [ -122.02862, 38.49319 ], [ -122.03083, 38.49361 ], [ -122.03557, 38.49612 ], [ -122.03844, 38.49906 ], [ -122.04157, 38.50571 ], [ -122.05234, 38.51312 ], [ -122.05741, 38.51744 ], [ -122.05979, 38.51607 ], [ -122.06846, 38.51411 ], [ -122.07998, 38.51403 ], [ -122.08213, 38.51499 ], [ -122.08685, 38.51448 ], [ -122.09077, 38.516 ], [ -122.09227, 38.51553 ], [ -122.09316, 38.51396 ], [ -122.09667, 38.5129 ], [ -122.10328, 38.51335 ], [ -122.10492, 38.51704 ], [ -122.10959, 38.52141 ], [ -122.10939, 38.52314 ], [ -122.11156, 38.52405 ], [ -122.11273, 38.52663 ], [ -122.11295, 38.52899 ], [ -122.11164, 38.53064 ], [ -122.11323, 38.53269 ], [ -122.11495, 38.53373 ], [ -122.11529, 38.5352 ], [ -122.11403, 38.53789 ], [ -122.11728, 38.54643 ], [ -122.12073, 38.55986 ], [ -122.12232, 38.56243 ], [ -122.12619, 38.57514 ], [ -122.12775, 38.57695 ], [ -122.12884, 38.58019 ], [ -122.12897, 38.58295 ], [ -122.12812, 38.5837 ], [ -122.12899, 38.58699 ], [ -122.13048, 38.59024 ], [ -122.13241, 38.59165 ], [ -122.13416, 38.59507 ], [ -122.13382, 38.5976 ], [ -122.13939, 38.60917 ], [ -122.14036, 38.60987 ], [ -122.14198, 38.60968 ], [ -122.14441, 38.61221 ], [ -122.14529, 38.61552 ], [ -122.15107, 38.6219 ], [ -122.15083, 38.62443 ], [ -122.15147, 38.62525 ], [ -122.15321, 38.62474 ], [ -122.15497, 38.62325 ], [ -122.15756, 38.62269 ], [ -122.16092, 38.6193 ], [ -122.16251, 38.61939 ], [ -122.16597, 38.61768 ], [ -122.16835, 38.6193 ], [ -122.16846, 38.62464 ], [ -122.16942, 38.62581 ], [ -122.17043, 38.6296 ] ] ] } },
{ "type": "Feature", "properties": { "zip_code": "94957", "county": "Marin", "band": 30.0, "band_source": "routed", "drive_min": 29.3, "distance_mi": 13.9, "memberships": 0, "regular": null, "associate": null, "median_age": null, "age_note": null, "pt_lon": -122.56016, "pt_lat": 37.9639 }, "geometry": { "type": "Polygon", "coordinates": [ [ [ -122.58067, 37.96973 ], [ -122.57156, 37.96763 ], [ -122.5673, 37.96783 ], [ -122.56636, 37.96695 ], [ -122.56059, 37.96956 ], [ -122.55877, 37.96653 ], [ -122.55789, 37.9682 ], [ -122.5521, 37.96952 ], [ -122.55154, 37.97117 ], [ -122.5532, 37.97256 ], [ -122.54902, 37.97247 ], [ -122.54785, 37.97032 ], [ -122.5452, 37.96846 ], [ -122.54548, 37.96723 ], [ -122.54289, 37.96476 ], [ -122.54047, 37.96383 ], [ -122.5427, 37.96281 ], [ -122.5444, 37.96332 ], [ -122.5481, 37.95977 ], [ -122.5509, 37.96129 ], [ -122.55338, 37.95945 ], [ -122.5533, 37.95816 ], [ -122.55608, 37.95754 ], [ -122.55811, 37.95532 ], [ -122.56377, 37.95538 ], [ -122.56378, 37.9591 ], [ -122.56396, 37.95702 ], [ -122.56541, 37.95734 ], [ -122.56541, 37.95894 ], [ -122.56623, 37.95623 ], [ -122.56876, 37.95699 ], [ -122.57017, 37.95567 ], [ -122.57385, 37.95611 ], [ -122.57239, 37.95789 ], [ -122.57555, 37.95928 ], [ -122.57899, 37.96257 ], [ -122.57777, 37.96576 ], [ -122.58059, 37.96611 ], [ -122.58049, 37.96666 ], [ -122.58263, 37.9681 ], [ -122.58067, 37.96973 ] ] ] } },
{ "type": "Feature", "properties": { "zip_code": "95687", "county": "Solano", "band": null, "band_source": "routed", "drive_min": 60.3, "distance_mi": 46.0, "memberships": 1, "regular": null, "associate": null, "median_age": null, "age_note": "suppressed", "pt_lon": -121.9385, "pt_lat": 38.33849 }, "geometry": { "type": "Polygon", "coordinates": [ [ [ -122.02388, 38.32508 ], [ -122.01706, 38.33577 ], [ -122.01268, 38.34045 ], [ -121.97969, 38.35327 ], [ -121.97355, 38.35875 ], [ -121.96402, 38.36469 ], [ -121.89723, 38.41624 ], [ -121.89492, 38.41567 ], [ -121.89095, 38.41692 ], [ -121.88881, 38.41693 ], [ -121.88751, 38.4139 ], [ -121.88706, 38.40985 ], [ -121.86949, 38.40942 ], [ -121.86409, 38.40394 ], [ -121.86202, 38.40274 ], [ -121.86204, 38.38903 ], [ -121.86956, 38.38955 ], [ -121.87588, 38.39445 ], [ -121.87813, 38.39498 ], [ -121.88656, 38.39513 ], [ -121.88768, 38.39609 ], [ -121.88854, 38.39866 ], [ -121.89505, 38.39876 ], [ -121.89672, 38.39759 ], [ -121.89678, 38.38064 ], [ -121.88281, 38.38054 ], [ -121.89685, 38.36477 ], [ -121.8969, 38.3589 ], [ -121.90608, 38.35894 ], [ -121.90605, 38.36619 ], [ -121.91778, 38.36609 ], [ -121.91795, 38.35898 ], [ -121.91555, 38.35903 ], [ -121.91548, 38.35093 ], [ -121.90833, 38.34669 ], [ -121.90692, 38.3474 ], [ -121.90865, 38.34841 ], [ -121.90611, 38.35164 ], [ -121.88757, 38.35163 ], [ -121.88757, 38.34711 ], [ -121.88627, 38.34655 ], [ -121.87822, 38.34656 ], [ -121.87811, 38.34444 ], [ -121.86198, 38.34424 ], [ -121.85587, 38.3152 ], [ -121.84178, 38.31512 ], [ -121.84225, 38.28599 ], [ -121.86031, 38.28614 ], [ -121.86046, 38.27211 ], [ -121.85604, 38.26929 ], [ -121.87233, 38.26652 ], [ -121.87915, 38.2644 ], [ -121.88523, 38.26384 ], [ -121.89809, 38.26483 ], [ -121.89817, 38.27223 ], [ -121.9016, 38.2754 ], [ -121.89218, 38.2822 ], [ -121.8963, 38.28575 ], [ -121.89742, 38.28575 ], [ -121.91501, 38.2734 ], [ -121.91465, 38.28646 ], [ -121.91551, 38.30825 ], [ -121.93385, 38.30846 ], [ -121.93375, 38.3013 ], [ -121.94722, 38.30147 ], [ -121.94745, 38.30463 ], [ -121.9505, 38.3049 ], [ -121.95151, 38.30583 ], [ -121.9514, 38.30884 ], [ -121.95397, 38.30911 ], [ -121.95856, 38.31176 ], [ -121.9617, 38.31456 ], [ -121.96505, 38.31574 ], [ -121.97671, 38.31569 ], [ -121.97921, 38.31367 ], [ -121.98542, 38.31288 ], [ -121.9888, 38.31436 ], [ -121.99317, 38.31188 ], [ -121.99506, 38.31169 ], [ -121.9973, 38.31272 ], [ -121.99757, 38.31481 ], [ -121.99903, 38.31575 ], [ -122.01093, 38.31577 ], [ -122.01009, 38.32422 ], [ -122.02265, 38.32432 ], [ -122.02388, 38.32508 ] ] ] } },
{ "type": "Feature", "properties": { "zip_code": "94608", "county": "Alameda", "band": 30.0, "band_source": "routed", "drive_min": 19.8, "distance_mi": 11.6, "memberships": 5, "regular": 5.0, "associate": 0.0, "median_age": 57.0, "age_note": null, "pt_lon": -122.28361, "pt_lat": 37.83368 }, "geometry": { "type": "Polygon", "coordinates": [ [ [ -122.31591, 37.83681 ], [ -122.31419, 37.84231 ], [ -122.29923, 37.84048 ], [ -122.30116, 37.84736 ], [ -122.28625, 37.8505 ], [ -122.28346, 37.85031 ], [ -122.2819, 37.84697 ], [ -122.27619, 37.84773 ], [ -122.2758, 37.84587 ], [ -122.27124, 37.84646 ], [ -122.26931, 37.8371 ], [ -122.26806, 37.83553 ], [ -122.26986, 37.83469 ], [ -122.27008, 37.83134 ], [ -122.27088, 37.831 ], [ -122.2718, 37.82523 ], [ -122.27506, 37.82606 ], [ -122.27238, 37.8248 ], [ -122.27227, 37.82316 ], [ -122.274, 37.81823 ], [ -122.28925, 37.82178 ], [ -122.28915, 37.82302 ], [ -122.2906, 37.82621 ], [ -122.2933, 37.83065 ], [ -122.29712, 37.83122 ], [ -122.29804, 37.83635 ], [ -122.31591, 37.83681 ] ] ] } },
{ "type": "Feature", "properties": { "zip_code": "94510", "county": "Solano", "band": 45.0, "band_source": "routed", "drive_min": 43.9, "distance_mi": 29.9, "memberships": 10, "regular": 9.0, "associate": 1.0, "median_age": 62.0, "age_note": null, "pt_lon": -122.12434, "pt_lat": 38.10418 }, "geometry": { "type": "Polygon", "coordinates": [ [ [ -122.19957, 38.08299 ], [ -122.1987, 38.08369 ], [ -122.19529, 38.08211 ], [ -122.19395, 38.08389 ], [ -122.19307, 38.08194 ], [ -122.17411, 38.10955 ], [ -122.17923, 38.12631 ], [ -122.16714, 38.13169 ], [ -122.16552, 38.12606 ], [ -122.16617, 38.12488 ], [ -122.16542, 38.12348 ], [ -122.16573, 38.12099 ], [ -122.16466, 38.12082 ], [ -122.16357, 38.11857 ], [ -122.16351, 38.11988 ], [ -122.16142, 38.12128 ], [ -122.15808, 38.12197 ], [ -122.15654, 38.12177 ], [ -122.15479, 38.12016 ], [ -122.15402, 38.12109 ], [ -122.14861, 38.12089 ], [ -122.14832, 38.12429 ], [ -122.1476, 38.12151 ], [ -122.14017, 38.11768 ], [ -122.14075, 38.11992 ], [ -122.14153, 38.12014 ], [ -122.14127, 38.12195 ], [ -122.13244, 38.12616 ], [ -122.13107, 38.12512 ], [ -122.12907, 38.12463 ], [ -122.12782, 38.12497 ], [ -122.12189, 38.1294 ], [ -122.12145, 38.13012 ], [ -122.123, 38.13559 ], [ -122.12431, 38.1374 ], [ -122.12301, 38.13962 ], [ -122.1232, 38.1416 ], [ -122.1211, 38.14324 ], [ -122.11681, 38.14506 ], [ -122.11559, 38.14668 ], [ -122.11113, 38.14672 ], [ -122.11261, 38.14823 ], [ -122.11325, 38.15206 ], [ -122.11482, 38.15371 ], [ -122.11509, 38.15626 ], [ -122.12771, 38.17137 ], [ -122.11773, 38.17151 ], [ -122.11389, 38.17091 ], [ -122.11381, 38.16841 ], [ -122.11038, 38.16645 ], [ -122.1085, 38.16398 ], [ -122.11375, 38.16255 ], [ -122.11447, 38.15872 ], [ -122.11197, 38.15528 ], [ -122.10913, 38.15468 ], [ -122.10701, 38.15556 ], [ -122.10311, 38.15895 ], [ -122.10164, 38.15837 ], [ -122.10045, 38.15654 ], [ -122.08958, 38.15249 ], [ -122.08567, 38.15179 ], [ -122.08459, 38.15097 ], [ -122.08486, 38.14916 ], [ -122.08814, 38.14543 ], [ -122.09536, 38.1392 ], [ -122.09543, 38.13769 ], [ -122.0907, 38.13585 ], [ -122.08612, 38.13534 ], [ -122.08441, 38.13621 ], [ -122.08242, 38.1363 ], [ -122.08164, 38.13336 ], [ -122.08255, 38.12744 ], [ -122.08039, 38.12485 ], [ -122.07878, 38.12355 ], [ -122.07268, 38.12131 ], [ -122.0659, 38.12078 ], [ -122.0656, 38.11438 ], [ -122.06784, 38.10801 ], [ -122.0722, 38.10279 ], [ -122.08954, 38.08846 ], [ -122.10151, 38.07958 ], [ -122.11221, 38.07031 ], [ -122.12346, 38.05796 ], [ -122.12623, 38.05338 ], [ -122.12813, 38.04693 ], [ -122.13147, 38.0435 ], [ -122.13858, 38.04008 ], [ -122.13334, 38.04287 ], [ -122.13656, 38.04335 ], [ -122.14, 38.04241 ], [ -122.14697, 38.042 ], [ -122.14772, 38.04286 ], [ -122.15017, 38.04243 ], [ -122.15251, 38.04281 ], [ -122.15327, 38.04169 ], [ -122.15527, 38.04261 ], [ -122.15588, 38.04178 ], [ -122.16061, 38.04276 ], [ -122.16121, 38.04194 ], [ -122.16357, 38.04301 ], [ -122.16592, 38.04295 ], [ -122.16711, 38.04235 ], [ -122.1613, 38.04975 ], [ -122.16419, 38.05178 ], [ -122.16323, 38.05282 ], [ -122.16524, 38.05456 ], [ -122.16733, 38.05357 ], [ -122.16999, 38.05473 ], [ -122.16996, 38.05638 ], [ -122.17151, 38.05473 ], [ -122.17347, 38.05561 ], [ -122.17271, 38.05659 ], [ -122.17508, 38.05873 ], [ -122.17451, 38.05865 ], [ -122.17556, 38.06132 ], [ -122.17947, 38.06213 ], [ -122.18095, 38.06397 ], [ -122.18194, 38.06264 ], [ -122.18323, 38.06433 ], [ -122.18717, 38.06612 ], [ -122.18565, 38.06852 ], [ -122.18835, 38.07067 ], [ -122.19141, 38.06886 ], [ -122.19274, 38.06615 ], [ -122.19292, 38.06147 ], [ -122.1939, 38.06582 ], [ -122.19785, 38.07549 ], [ -122.19803, 38.07911 ], [ -122.19761, 38.0795 ], [ -122.1963, 38.07924 ], [ -122.19955, 38.08099 ], [ -122.19957, 38.08299 ] ] ] } },
{ "type": "Feature", "properties": { "zip_code": "94938", "county": "Marin", "band": 60.0, "band_source": "routed", "drive_min": 55.3, "distance_mi": 25.7, "memberships": 0, "regular": null, "associate": null, "median_age": null, "age_note": null, "pt_lon": -122.73201, "pt_lat": 38.02869 }, "geometry": { "type": "Polygon", "coordinates": [ [ [ -122.76959, 38.04705 ], [ -122.76572, 38.04776 ], [ -122.76064, 38.04979 ], [ -122.75755, 38.04951 ], [ -122.75696, 38.05078 ], [ -122.75347, 38.05057 ], [ -122.75321, 38.05219 ], [ -122.75451, 38.05395 ], [ -122.7539, 38.05584 ], [ -122.75039, 38.05685 ], [ -122.74547, 38.05963 ], [ -122.74382, 38.05957 ], [ -122.7425, 38.06083 ], [ -122.73843, 38.05631 ], [ -122.73561, 38.05723 ], [ -122.72747, 38.05576 ], [ -122.72453, 38.05181 ], [ -122.72401, 38.04995 ], [ -122.72082, 38.04892 ], [ -122.71842, 38.04713 ], [ -122.71187, 38.04536 ], [ -122.71139, 38.04685 ], [ -122.71256, 38.05012 ], [ -122.70932, 38.04703 ], [ -122.7087, 38.04445 ], [ -122.71089, 38.0424 ], [ -122.70917, 38.04122 ], [ -122.70988, 38.04042 ], [ -122.70891, 38.0393 ], [ -122.70453, 38.03951 ], [ -122.70192, 38.04054 ], [ -122.69834, 38.03893 ], [ -122.69886, 38.03673 ], [ -122.69753, 38.0345 ], [ -122.69769, 38.03354 ], [ -122.70095, 38.03122 ], [ -122.70543, 38.03098 ], [ -122.70474, 38.02965 ], [ -122.70564, 38.02776 ], [ -122.70485, 38.02625 ], [ -122.70629, 38.02599 ], [ -122.70664, 38.02385 ], [ -122.70882, 38.02286 ], [ -122.70686, 38.02235 ], [ -122.70628, 38.02142 ], [ -122.70133, 38.02128 ], [ -122.69687, 38.01689 ], [ -122.69567, 38.01702 ], [ -122.69315, 38.01525 ], [ -122.69953, 38.01303 ], [ -122.70083, 38.01094 ], [ -122.69904, 38.00845 ], [ -122.69972, 38.00692 ], [ -122.70244, 38.00819 ], [ -122.70489, 38.00741 ], [ -122.70638, 38.00496 ], [ -122.70896, 38.00453 ], [ -122.70877, 37.99909 ], [ -122.71027, 37.9976 ], [ -122.71098, 37.99864 ], [ -122.71334, 37.99962 ], [ -122.71316, 37.99876 ], [ -122.71557, 37.9999 ], [ -122.71572, 37.99823 ], [ -122.7193, 37.99735 ], [ -122.72028, 37.99599 ], [ -122.72904, 38.00521 ], [ -122.73528, 38.00824 ], [ -122.73535, 38.00952 ], [ -122.73708, 38.01078 ], [ -122.74502, 38.02063 ], [ -122.75153, 38.02337 ], [ -122.75962, 38.02853 ], [ -122.76055, 38.03239 ], [ -122.7593, 38.03505 ], [ -122.75796, 38.03599 ], [ -122.76027, 38.03697 ], [ -122.76265, 38.03684 ], [ -122.76446, 38.03772 ], [ -122.76247, 38.04053 ], [ -122.76274, 38.04365 ], [ -122.7708, 38.0462 ], [ -122.76959, 38.04705 ] ] ] } },
{ "type": "Feature", "properties": { "zip_code": "94933", "county": "Marin", "band": 60.0, "band_source": "routed", "drive_min": 47.3, "distance_mi": 21.5, "memberships": 0, "regular": null, "associate": null, "median_age": null, "age_note": null, "pt_lon": -122.68514, "pt_lat": 38.01506 }, "geometry": { "type": "Polygon", "coordinates": [ [ [ -122.70882, 38.02286 ], [ -122.70664, 38.02385 ], [ -122.70629, 38.02599 ], [ -122.70485, 38.02625 ], [ -122.70564, 38.02776 ], [ -122.70474, 38.02965 ], [ -122.70543, 38.03098 ], [ -122.70095, 38.03122 ], [ -122.69769, 38.03354 ], [ -122.69212, 38.03184 ], [ -122.69046, 38.0302 ], [ -122.68859, 38.0307 ], [ -122.68752, 38.03039 ], [ -122.6864, 38.03148 ], [ -122.68295, 38.03158 ], [ -122.67917, 38.02969 ], [ -122.67822, 38.02804 ], [ -122.67452, 38.02839 ], [ -122.66907, 38.02543 ], [ -122.66739, 38.02544 ], [ -122.66341, 38.02225 ], [ -122.66036, 38.02273 ], [ -122.66217, 38.02002 ], [ -122.66493, 38.01838 ], [ -122.66947, 38.01942 ], [ -122.67369, 38.01925 ], [ -122.67419, 38.01607 ], [ -122.67602, 38.01638 ], [ -122.67522, 38.01499 ], [ -122.67401, 38.01506 ], [ -122.6748, 38.01262 ], [ -122.6803, 38.01271 ], [ -122.67901, 38.01094 ], [ -122.67685, 38.00992 ], [ -122.67553, 38.00712 ], [ -122.67733, 38.00474 ], [ -122.68121, 38.00245 ], [ -122.68517, 38.00349 ], [ -122.68744, 38.00294 ], [ -122.69233, 38.00451 ], [ -122.69641, 38.00157 ], [ -122.69873, 37.99883 ], [ -122.69916, 37.99553 ], [ -122.70084, 37.99868 ], [ -122.70375, 38.00113 ], [ -122.70504, 38.00135 ], [ -122.70586, 38.00366 ], [ -122.70698, 38.00427 ], [ -122.70776, 38.00156 ], [ -122.70855, 38.00457 ], [ -122.70638, 38.00496 ], [ -122.70489, 38.00741 ], [ -122.70244, 38.00819 ], [ -122.69972, 38.00692 ], [ -122.69904, 38.00845 ], [ -122.70083, 38.01094 ], [ -122.69953, 38.01303 ], [ -122.69315, 38.01525 ], [ -122.69567, 38.01702 ], [ -122.69687, 38.01689 ], [ -122.70133, 38.02128 ], [ -122.70628, 38.02142 ], [ -122.70686, 38.02235 ], [ -122.70882, 38.02286 ] ] ] } },
{ "type": "Feature", "properties": { "zip_code": "94043", "county": "Santa Clara", "band": null, "band_source": "routed", "drive_min": 74.9, "distance_mi": 58.3, "memberships": 2, "regular": null, "associate": null, "median_age": null, "age_note": "suppressed", "pt_lon": -122.07196, "pt_lat": 37.41011 }, "geometry": { "type": "Polygon", "coordinates": [ [ [ -122.1081, 37.40829 ], [ -122.10339, 37.41334 ], [ -122.10129, 37.41205 ], [ -122.10216, 37.41559 ], [ -122.10138, 37.4194 ], [ -122.10025, 37.42177 ], [ -122.09815, 37.42165 ], [ -122.09776, 37.4248 ], [ -122.10115, 37.42791 ], [ -122.10076, 37.42769 ], [ -122.09971, 37.43356 ], [ -122.09743, 37.43343 ], [ -122.09666, 37.43196 ], [ -122.09703, 37.42791 ], [ -122.09534, 37.42741 ], [ -122.0938, 37.42573 ], [ -122.08999, 37.42382 ], [ -122.08655, 37.42347 ], [ -122.08659, 37.43285 ], [ -122.0852, 37.43497 ], [ -122.07555, 37.43596 ], [ -122.06793, 37.43448 ], [ -122.06832, 37.42993 ], [ -122.06546, 37.42902 ], [ -122.06606, 37.42788 ], [ -122.05967, 37.4268 ], [ -122.05977, 37.42484 ], [ -122.05855, 37.42471 ], [ -122.058, 37.42661 ], [ -122.04917, 37.42614 ], [ -122.04357, 37.42724 ], [ -122.03531, 37.42645 ], [ -122.03703, 37.419 ], [ -122.03736, 37.40091 ], [ -122.04687, 37.40301 ], [ -122.0474, 37.40155 ], [ -122.04498, 37.39982 ], [ -122.04654, 37.39493 ], [ -122.05012, 37.3925 ], [ -122.04806, 37.39035 ], [ -122.04726, 37.39091 ], [ -122.0466, 37.39051 ], [ -122.04743, 37.38803 ], [ -122.04657, 37.38644 ], [ -122.04937, 37.38572 ], [ -122.05227, 37.38597 ], [ -122.0524, 37.38556 ], [ -122.06304, 37.38902 ], [ -122.1045, 37.40582 ], [ -122.1081, 37.40829 ] ] ] } },
{ "type": "Feature", "properties": { "zip_code": "94568", "county": "Alameda", "band": 60.0, "band_source": "routed", "drive_min": 50.6, "distance_mi": 40.4, "memberships": 2, "regular": null, "associate": null, "median_age": null, "age_note": "suppressed", "pt_lon": -121.89262, "pt_lat": 37.72127 }, "geometry": { "type": "Polygon", "coordinates": [ [ [ -121.9878, 37.70932 ], [ -121.97383, 37.7094 ], [ -121.97268, 37.71266 ], [ -121.97532, 37.71428 ], [ -121.97574, 37.71874 ], [ -121.97372, 37.72054 ], [ -121.97114, 37.72122 ], [ -121.97192, 37.72225 ], [ -121.97142, 37.72612 ], [ -121.97323, 37.72715 ], [ -121.97425, 37.72582 ], [ -121.97529, 37.72628 ], [ -121.97126, 37.72956 ], [ -121.96004, 37.71853 ], [ -121.85073, 37.74494 ], [ -121.85065, 37.73096 ], [ -121.84161, 37.73096 ], [ -121.8416, 37.72377 ], [ -121.83255, 37.72374 ], [ -121.83244, 37.70923 ], [ -121.83347, 37.70923 ], [ -121.83338, 37.70121 ], [ -121.91644, 37.70202 ], [ -121.93496, 37.69852 ], [ -121.95622, 37.69861 ], [ -121.96797, 37.69737 ], [ -121.97315, 37.69775 ], [ -121.98759, 37.70051 ], [ -121.9878, 37.70932 ] ] ] } },
{ "type": "Feature", "properties": { "zip_code": "94086", "county": "Santa Clara", "band": null, "band_source": "routed", "drive_min": 76.0, "distance_mi": 57.1, "memberships": 1, "regular": null, "associate": null, "median_age": null, "age_note": "suppressed", "pt_lon": -122.01699, "pt_lat": 37.3697 }, "geometry": { "type": "MultiPolygon", "coordinates": [ [ [ [ -122.00098, 37.35336 ], [ -122.00042, 37.35337 ], [ -122.0004, 37.35234 ], [ -122.00097, 37.35232 ], [ -122.00098, 37.35336 ] ] ], [ [ [ -122.06028, 37.37552 ], [ -122.05693, 37.38545 ], [ -122.05273, 37.38456 ], [ -122.05227, 37.38597 ], [ -122.04937, 37.38572 ], [ -122.04359, 37.38671 ], [ -122.0211, 37.38179 ], [ -122.01758, 37.37972 ], [ -122.00735, 37.37649 ], [ -122.00404, 37.37682 ], [ -122.00471, 37.37391 ], [ -121.99558, 37.37398 ], [ -121.99596, 37.37283 ], [ -121.99391, 37.3728 ], [ -121.99393, 37.37399 ], [ -121.9869, 37.37407 ], [ -121.98727, 37.37093 ], [ -121.98468, 37.37234 ], [ -121.98243, 37.37242 ], [ -121.9824, 37.37058 ], [ -121.9963, 37.37054 ], [ -121.99584, 37.36067 ], [ -121.99962, 37.36065 ], [ -122.00051, 37.3586 ], [ -122.00044, 37.35408 ], [ -122.00159, 37.35384 ], [ -122.00156, 37.35215 ], [ -122.00174, 37.3532 ], [ -122.00802, 37.35324 ], [ -122.008, 37.35225 ], [ -122.01056, 37.35336 ], [ -122.01054, 37.35399 ], [ -122.01403, 37.35485 ], [ -122.01403, 37.35317 ], [ -122.01774, 37.35591 ], [ -122.01707, 37.35778 ], [ -122.01883, 37.35928 ], [ -122.02236, 37.35973 ], [ -122.02203, 37.36076 ], [ -122.02475, 37.36213 ], [ -122.02395, 37.36465 ], [ -122.02708, 37.36502 ], [ -122.02808, 37.36445 ], [ -122.03308, 37.36826 ], [ -122.04088, 37.37016 ], [ -122.04056, 37.37117 ], [ -122.04825, 37.37256 ], [ -122.05161, 37.3743 ], [ -122.05222, 37.37279 ], [ -122.06028, 37.37552 ] ] ] ] } },
{ "type": "Feature", "properties": { "zip_code": "94404", "county": "San Mateo", "band": 60.0, "band_source": "routed", "drive_min": 55.4, "distance_mi": 42.4, "memberships": 4, "regular": null, "associate": null, "median_age": null, "age_note": "suppressed", "pt_lon": -122.2671, "pt_lat": 37.55473 }, "geometry": { "type": "Polygon", "coordinates": [ [ [ -122.29432, 37.57058 ], [ -122.29268, 37.5704 ], [ -122.29188, 37.57315 ], [ -122.28844, 37.57388 ], [ -122.28845, 37.57543 ], [ -122.28426, 37.57542 ], [ -122.27922, 37.57311 ], [ -122.27883, 37.5714 ], [ -122.27565, 37.57148 ], [ -122.27356, 37.57052 ], [ -122.26287, 37.57391 ], [ -122.25193, 37.56789 ], [ -122.24529, 37.55608 ], [ -122.24634, 37.55352 ], [ -122.25065, 37.5503 ], [ -122.24936, 37.54919 ], [ -122.25072, 37.54819 ], [ -122.25237, 37.5445 ], [ -122.25193, 37.54041 ], [ -122.25685, 37.54049 ], [ -122.25846, 37.54118 ], [ -122.25962, 37.54038 ], [ -122.26043, 37.53968 ], [ -122.26137, 37.5334 ], [ -122.265, 37.53439 ], [ -122.27666, 37.53422 ], [ -122.27883, 37.5364 ], [ -122.27648, 37.5404 ], [ -122.27714, 37.54416 ], [ -122.27898, 37.54565 ], [ -122.28021, 37.54847 ], [ -122.28355, 37.54827 ], [ -122.28449, 37.55047 ], [ -122.28201, 37.55146 ], [ -122.28196, 37.55334 ], [ -122.28391, 37.55413 ], [ -122.287, 37.55291 ], [ -122.28916, 37.5549 ], [ -122.29025, 37.55456 ], [ -122.29298, 37.55674 ], [ -122.29102, 37.55992 ], [ -122.29268, 37.5614 ], [ -122.29323, 37.56352 ], [ -122.29065, 37.56497 ], [ -122.28733, 37.56533 ], [ -122.28652, 37.56607 ], [ -122.28715, 37.56758 ], [ -122.29278, 37.56765 ], [ -122.29314, 37.568 ], [ -122.29182, 37.56904 ], [ -122.29363, 37.56856 ], [ -122.29432, 37.57058 ] ] ] } },
{ "type": "Feature", "properties": { "zip_code": "94589", "county": "Solano", "band": 45.0, "band_source": "routed", "drive_min": 35.6, "distance_mi": 22.9, "memberships": 0, "regular": null, "associate": null, "median_age": null, "age_note": null, "pt_lon": -122.24387, "pt_lat": 38.13915 }, "geometry": { "type": "Polygon", "coordinates": [ [ [ -122.28994, 38.15401 ], [ -122.28921, 38.15522 ], [ -122.21461, 38.15499 ], [ -122.21662, 38.15035 ], [ -122.21729, 38.14339 ], [ -122.22983, 38.12315 ], [ -122.23709, 38.12223 ], [ -122.24415, 38.12328 ], [ -122.24797, 38.12262 ], [ -122.24925, 38.12815 ], [ -122.2535, 38.12747 ], [ -122.25341, 38.12617 ], [ -122.25535, 38.12599 ], [ -122.25606, 38.13175 ], [ -122.26112, 38.13065 ], [ -122.26319, 38.13125 ], [ -122.26887, 38.12618 ], [ -122.27347, 38.12518 ], [ -122.27613, 38.12615 ], [ -122.27348, 38.12583 ], [ -122.27194, 38.12832 ], [ -122.27157, 38.13121 ], [ -122.27323, 38.13352 ], [ -122.26987, 38.13425 ], [ -122.26948, 38.13654 ], [ -122.2684, 38.13732 ], [ -122.26679, 38.14148 ], [ -122.2679, 38.14473 ], [ -122.2769, 38.15059 ], [ -122.28516, 38.15279 ], [ -122.2893, 38.15324 ], [ -122.28994, 38.15401 ] ] ] } },
{ "type": "Feature", "properties": { "zip_code": "94111", "county": "San Francisco", "band": 45.0, "band_source": "routed", "drive_min": 33.3, "distance_mi": 19.0, "memberships": 0, "regular": null, "associate": null, "median_age": null, "age_note": null, "pt_lon": -122.39936, "pt_lat": 37.7985 }, "geometry": { "type": "Polygon", "coordinates": [ [ [ -122.40517, 37.80476 ], [ -122.40556, 37.80706 ], [ -122.40085, 37.80488 ], [ -122.40108, 37.80362 ], [ -122.39512, 37.79704 ], [ -122.39696, 37.79635 ], [ -122.39632, 37.79334 ], [ -122.3992, 37.79106 ], [ -122.40006, 37.79369 ], [ -122.40461, 37.79357 ], [ -122.40496, 37.79533 ], [ -122.40441, 37.7963 ], [ -122.40191, 37.79688 ], [ -122.40316, 37.8031 ], [ -122.4048, 37.8029 ], [ -122.40595, 37.80466 ], [ -122.40517, 37.80476 ] ] ] } },
{ "type": "Feature", "properties": { "zip_code": "94964", "county": "Marin", "band": 30.0, "band_source": "routed", "drive_min": 16.6, "distance_mi": 8.5, "memberships": 0, "regular": null, "associate": null, "median_age": null, "age_note": null, "pt_lon": -122.49065, "pt_lat": 37.94235 }, "geometry": { "type": "Polygon", "coordinates": [ [ [ -122.50174, 37.94783 ], [ -122.50019, 37.9469 ], [ -122.49284, 37.94569 ], [ -122.49178, 37.94601 ], [ -122.48738, 37.94437 ], [ -122.48487, 37.94455 ], [ -122.47951, 37.94253 ], [ -122.48652, 37.93979 ], [ -122.48985, 37.9366 ], [ -122.49703, 37.93894 ], [ -122.49864, 37.94147 ], [ -122.50199, 37.94216 ], [ -122.50138, 37.94248 ], [ -122.50239, 37.94292 ], [ -122.50174, 37.94783 ] ] ] } },
{ "type": "Feature", "properties": { "zip_code": "94521", "county": "Contra Costa", "band": 60.0, "band_source": "routed", "drive_min": 52.4, "distance_mi": 33.7, "memberships": 1, "regular": null, "associate": null, "median_age": null, "age_note": "suppressed", "pt_lon": -121.97168, "pt_lat": 37.94773 }, "geometry": { "type": "Polygon", "coordinates": [ [ [ -122.00866, 37.96983 ], [ -122.008, 37.97099 ], [ -122.00731, 37.97101 ], [ -122.00729, 37.97033 ], [ -122.00597, 37.97006 ], [ -122.0062, 37.96916 ], [ -122.00561, 37.969 ], [ -122.0054, 37.96977 ], [ -122.00035, 37.97037 ], [ -122.00037, 37.97146 ], [ -121.99813, 37.97148 ], [ -121.99606, 37.97325 ], [ -121.99897, 37.97579 ], [ -121.99628, 37.97792 ], [ -121.99329, 37.97786 ], [ -121.98752, 37.97614 ], [ -121.98447, 37.97882 ], [ -121.97764, 37.97371 ], [ -121.97548, 37.97553 ], [ -121.97002, 37.97174 ], [ -121.96832, 37.97317 ], [ -121.96388, 37.97283 ], [ -121.9585, 37.96838 ], [ -121.95923, 37.96768 ], [ -121.94866, 37.96308 ], [ -121.94531, 37.96355 ], [ -121.94046, 37.96774 ], [ -121.94044, 37.96648 ], [ -121.93533, 37.96651 ], [ -121.93538, 37.9683 ], [ -121.93302, 37.96835 ], [ -121.93292, 37.96168 ], [ -121.93113, 37.96163 ], [ -121.9284, 37.96316 ], [ -121.92761, 37.96607 ], [ -121.92457, 37.96888 ], [ -121.92146, 37.97058 ], [ -121.92264, 37.96929 ], [ -121.91936, 37.96932 ], [ -121.91932, 37.96232 ], [ -121.9147, 37.96216 ], [ -121.91462, 37.95514 ], [ -121.93933, 37.95586 ], [ -121.94023, 37.95511 ], [ -121.94466, 37.95413 ], [ -121.94681, 37.95119 ], [ -121.94794, 37.95149 ], [ -121.94807, 37.95108 ], [ -121.951, 37.95193 ], [ -121.95135, 37.953 ], [ -121.95247, 37.95362 ], [ -121.95169, 37.95425 ], [ -121.9524, 37.95565 ], [ -121.95734, 37.95211 ], [ -121.95092, 37.9485 ], [ -121.95094, 37.94124 ], [ -121.94427, 37.94123 ], [ -121.94426, 37.93734 ], [ -121.94601, 37.93736 ], [ -121.94486, 37.93398 ], [ -121.95703, 37.93407 ], [ -121.95809, 37.93121 ], [ -121.96209, 37.92816 ], [ -121.96751, 37.92597 ], [ -121.96971, 37.92429 ], [ -121.97716, 37.91611 ], [ -121.97893, 37.91765 ], [ -121.97829, 37.9198 ], [ -121.98061, 37.92295 ], [ -121.98061, 37.92386 ], [ -121.98427, 37.92584 ], [ -121.98512, 37.92776 ], [ -121.98367, 37.92978 ], [ -121.98611, 37.93321 ], [ -121.98531, 37.93434 ], [ -121.9969, 37.94269 ], [ -121.9951, 37.94553 ], [ -121.99223, 37.94716 ], [ -121.99519, 37.94902 ], [ -121.99629, 37.95067 ], [ -121.9969, 37.95043 ], [ -122.00161, 37.95545 ], [ -122.00117, 37.95575 ], [ -122.00803, 37.96165 ], [ -122.00812, 37.96313 ], [ -122.00634, 37.96374 ], [ -122.00674, 37.96541 ], [ -122.00734, 37.96535 ], [ -122.00752, 37.96607 ], [ -122.00864, 37.96593 ], [ -122.00936, 37.97 ], [ -122.00866, 37.96983 ] ] ] } },
{ "type": "Feature", "properties": { "zip_code": "94947", "county": "Marin", "band": 60.0, "band_source": "routed", "drive_min": 50.4, "distance_mi": 26.2, "memberships": 2, "regular": null, "associate": null, "median_age": null, "age_note": "suppressed", "pt_lon": -122.61617, "pt_lat": 38.09719 }, "geometry": { "type": "Polygon", "coordinates": [ [ [ -122.7002, 38.13417 ], [ -122.6996, 38.13753 ], [ -122.69658, 38.14245 ], [ -122.69221, 38.14582 ], [ -122.68722, 38.14722 ], [ -122.68324, 38.14916 ], [ -122.66692, 38.14858 ], [ -122.6648, 38.14814 ], [ -122.66198, 38.1457 ], [ -122.66009, 38.14555 ], [ -122.65286, 38.14801 ], [ -122.64159, 38.14632 ], [ -122.63948, 38.13877 ], [ -122.6363, 38.13539 ], [ -122.63054, 38.13287 ], [ -122.62859, 38.13021 ], [ -122.62555, 38.12314 ], [ -122.61887, 38.12085 ], [ -122.61679, 38.1251 ], [ -122.61696, 38.12466 ], [ -122.61275, 38.12389 ], [ -122.61237, 38.12222 ], [ -122.61349, 38.11929 ], [ -122.60599, 38.11635 ], [ -122.60406, 38.11465 ], [ -122.59954, 38.11668 ], [ -122.59509, 38.11586 ], [ -122.59396, 38.11619 ], [ -122.58802, 38.11383 ], [ -122.58991, 38.11115 ], [ -122.58916, 38.11163 ], [ -122.57861, 38.10674 ], [ -122.57671, 38.10686 ], [ -122.56631, 38.09762 ], [ -122.56655, 38.09513 ], [ -122.56361, 38.09373 ], [ -122.56187, 38.09394 ], [ -122.56182, 38.09045 ], [ -122.55906, 38.09232 ], [ -122.54611, 38.08008 ], [ -122.54251, 38.07653 ], [ -122.53956, 38.0714 ], [ -122.5447, 38.0744 ], [ -122.54593, 38.07406 ], [ -122.55125, 38.07585 ], [ -122.55356, 38.0753 ], [ -122.55598, 38.07661 ], [ -122.55884, 38.07577 ], [ -122.55922, 38.07656 ], [ -122.56391, 38.07525 ], [ -122.56628, 38.07702 ], [ -122.56904, 38.07699 ], [ -122.56901, 38.07874 ], [ -122.57144, 38.08041 ], [ -122.57496, 38.07901 ], [ -122.57521, 38.07623 ], [ -122.58245, 38.07696 ], [ -122.58576, 38.07857 ], [ -122.5844, 38.06886 ], [ -122.58805, 38.06907 ], [ -122.5942, 38.06633 ], [ -122.57461, 38.04796 ], [ -122.57112, 38.04632 ], [ -122.57304, 38.0454 ], [ -122.57504, 38.0465 ], [ -122.58047, 38.04755 ], [ -122.58311, 38.0489 ], [ -122.58833, 38.04917 ], [ -122.59058, 38.05297 ], [ -122.59508, 38.05377 ], [ -122.59678, 38.05352 ], [ -122.60619, 38.05802 ], [ -122.6006, 38.06299 ], [ -122.59746, 38.06712 ], [ -122.60121, 38.07051 ], [ -122.60372, 38.07606 ], [ -122.61536, 38.08294 ], [ -122.63049, 38.08983 ], [ -122.63371, 38.08974 ], [ -122.63557, 38.09087 ], [ -122.63956, 38.09172 ], [ -122.64605, 38.08818 ], [ -122.65298, 38.0896 ], [ -122.65629, 38.09153 ], [ -122.66316, 38.09331 ], [ -122.66501, 38.09484 ], [ -122.66548, 38.09674 ], [ -122.66575, 38.10524 ], [ -122.66752, 38.11293 ], [ -122.67607, 38.11603 ], [ -122.68711, 38.11432 ], [ -122.69147, 38.11427 ], [ -122.69631, 38.11646 ], [ -122.69868, 38.12095 ], [ -122.7002, 38.13417 ] ] ] } },
{ "type": "Feature", "properties": { "zip_code": "94582", "county": "Contra Costa", "band": 60.0, "band_source": "routed", "drive_min": 58.4, "distance_mi": 41.4, "memberships": 0, "regular": null, "associate": null, "median_age": null, "age_note": null, "pt_lon": -121.91348, "pt_lat": 37.76202 }, "geometry": { "type": "Polygon", "coordinates": [ [ [ -121.96446, 37.78146 ], [ -121.95878, 37.78354 ], [ -121.95479, 37.78581 ], [ -121.95111, 37.78691 ], [ -121.95102, 37.795 ], [ -121.94749, 37.79509 ], [ -121.94646, 37.7945 ], [ -121.94648, 37.79314 ], [ -121.94194, 37.79106 ], [ -121.94194, 37.78879 ], [ -121.93284, 37.7889 ], [ -121.93278, 37.79239 ], [ -121.92372, 37.79241 ], [ -121.92377, 37.78826 ], [ -121.90063, 37.78867 ], [ -121.90066, 37.7814 ], [ -121.87811, 37.78127 ], [ -121.87849, 37.77811 ], [ -121.87698, 37.77574 ], [ -121.87702, 37.77336 ], [ -121.87898, 37.77187 ], [ -121.88002, 37.76932 ], [ -121.87919, 37.76753 ], [ -121.8809, 37.76577 ], [ -121.88115, 37.75863 ], [ -121.87962, 37.75755 ], [ -121.88285, 37.75285 ], [ -121.8826, 37.74543 ], [ -121.8832, 37.74299 ], [ -121.87825, 37.74639 ], [ -121.87648, 37.74881 ], [ -121.87492, 37.74959 ], [ -121.87157, 37.74946 ], [ -121.87162, 37.74317 ], [ -121.87073, 37.74009 ], [ -121.91737, 37.7289 ], [ -121.92002, 37.73582 ], [ -121.92281, 37.73795 ], [ -121.92477, 37.73785 ], [ -121.92949, 37.74383 ], [ -121.9293, 37.74472 ], [ -121.93108, 37.74482 ], [ -121.93283, 37.74774 ], [ -121.93848, 37.75354 ], [ -121.94045, 37.75621 ], [ -121.94086, 37.75794 ], [ -121.94415, 37.75975 ], [ -121.95536, 37.76898 ], [ -121.96446, 37.78146 ] ] ] } },
{ "type": "Feature", "properties": { "zip_code": "94536", "county": "Alameda", "band": 60.0, "band_source": "routed", "drive_min": 57.3, "distance_mi": 40.3, "memberships": 0, "regular": null, "associate": null, "median_age": null, "age_note": null, "pt_lon": -121.99998, "pt_lat": 37.5647 }, "geometry": { "type": "MultiPolygon", "coordinates": [ [ [ [ -121.9701, 37.55952 ], [ -121.969, 37.56012 ], [ -121.96844, 37.55942 ], [ -121.9696, 37.55878 ], [ -121.9701, 37.55952 ] ] ], [ [ [ -122.0386, 37.56348 ], [ -122.03233, 37.5709 ], [ -122.03107, 37.57027 ], [ -122.02944, 37.57203 ], [ -122.03065, 37.57262 ], [ -122.02536, 37.57849 ], [ -122.02384, 37.57703 ], [ -122.01831, 37.57443 ], [ -122.01791, 37.57492 ], [ -122.01685, 37.57473 ], [ -122.0132, 37.5807 ], [ -122.01104, 37.58063 ], [ -122.00836, 37.57903 ], [ -122.00587, 37.58648 ], [ -121.9877, 37.59973 ], [ -121.98623, 37.59895 ], [ -121.98353, 37.59915 ], [ -121.97795, 37.59438 ], [ -121.97001, 37.59497 ], [ -121.96861, 37.59606 ], [ -121.9666, 37.59582 ], [ -121.96766, 37.5968 ], [ -121.96794, 37.5982 ], [ -121.95764, 37.58949 ], [ -121.95724, 37.59102 ], [ -121.95165, 37.59753 ], [ -121.94798, 37.59811 ], [ -121.94602, 37.59751 ], [ -121.93961, 37.59883 ], [ -121.93801, 37.59767 ], [ -121.93813, 37.59506 ], [ -121.93724, 37.59224 ], [ -121.93629, 37.59115 ], [ -121.93487, 37.591 ], [ -121.93277, 37.59173 ], [ -121.93027, 37.58623 ], [ -121.92812, 37.58595 ], [ -121.92837, 37.58438 ], [ -121.92561, 37.58235 ], [ -121.92713, 37.58125 ], [ -121.92604, 37.57979 ], [ -121.92994, 37.57851 ], [ -121.93161, 37.57595 ], [ -121.93253, 37.574 ], [ -121.93181, 37.57255 ], [ -121.93306, 37.57126 ], [ -121.93567, 37.57005 ], [ -121.94278, 37.57063 ], [ -121.94759, 37.56987 ], [ -121.9527, 37.57065 ], [ -121.95797, 37.56868 ], [ -121.95859, 37.56742 ], [ -121.9621, 37.56509 ], [ -121.95999, 37.56265 ], [ -121.95878, 37.55952 ], [ -121.96184, 37.55745 ], [ -121.96426, 37.55814 ], [ -121.96369, 37.55872 ], [ -121.96288, 37.55822 ], [ -121.96114, 37.55848 ], [ -121.96087, 37.56144 ], [ -121.96226, 37.56196 ], [ -121.96634, 37.5596 ], [ -121.96796, 37.56123 ], [ -121.97286, 37.55807 ], [ -121.97604, 37.55411 ], [ -121.98152, 37.55686 ], [ -121.97849, 37.56064 ], [ -121.97854, 37.56409 ], [ -121.98041, 37.56413 ], [ -121.98034, 37.56135 ], [ -121.97872, 37.5606 ], [ -121.97944, 37.55966 ], [ -121.98111, 37.55905 ], [ -121.98213, 37.55956 ], [ -121.9833, 37.55695 ], [ -121.98219, 37.55636 ], [ -121.98735, 37.55 ], [ -121.98847, 37.55057 ], [ -121.9878, 37.54943 ], [ -121.98902, 37.54889 ], [ -121.99354, 37.54288 ], [ -121.99862, 37.53749 ], [ -121.99789, 37.53711 ], [ -121.99852, 37.53637 ], [ -122.0005, 37.53738 ], [ -122.0021, 37.53546 ], [ -122.0015, 37.53374 ], [ -122.00254, 37.53253 ], [ -122.00163, 37.53175 ], [ -122.00236, 37.52977 ], [ -122.01486, 37.5367 ], [ -122.01735, 37.53913 ], [ -122.02868, 37.55413 ], [ -122.0386, 37.56348 ] ] ] ] } },
{ "type": "Feature", "properties": { "zip_code": "94931", "county": "Sonoma", "band": 60.0, "band_source": "routed", "drive_min": 53.1, "distance_mi": 39.1, "memberships": 0, "regular": null, "associate": null, "median_age": null, "age_note": null, "pt_lon": -122.70399, "pt_lat": 38.31784 }, "geometry": { "type": "Polygon", "coordinates": [ [ [ -122.75174, 38.33501 ], [ -122.74956, 38.33457 ], [ -122.74857, 38.33805 ], [ -122.75084, 38.34012 ], [ -122.75056, 38.35436 ], [ -122.7461, 38.35236 ], [ -122.73819, 38.35201 ], [ -122.72617, 38.34808 ], [ -122.72336, 38.34352 ], [ -122.71323, 38.34312 ], [ -122.71298, 38.33705 ], [ -122.71222, 38.33587 ], [ -122.70798, 38.3333 ], [ -122.70653, 38.33383 ], [ -122.70522, 38.3317 ], [ -122.70626, 38.33067 ], [ -122.704, 38.32819 ], [ -122.69797, 38.33067 ], [ -122.69676, 38.32973 ], [ -122.69359, 38.33106 ], [ -122.69435, 38.3322 ], [ -122.69226, 38.33308 ], [ -122.6929, 38.33411 ], [ -122.69076, 38.3349 ], [ -122.68803, 38.32871 ], [ -122.68954, 38.32871 ], [ -122.68843, 38.32693 ], [ -122.69005, 38.32636 ], [ -122.69243, 38.33005 ], [ -122.69668, 38.3282 ], [ -122.69281, 38.3216 ], [ -122.69179, 38.3216 ], [ -122.69067, 38.31982 ], [ -122.688, 38.3188 ], [ -122.68338, 38.31879 ], [ -122.68118, 38.31431 ], [ -122.66669, 38.31431 ], [ -122.66663, 38.31203 ], [ -122.67062, 38.31136 ], [ -122.67275, 38.30946 ], [ -122.67864, 38.30874 ], [ -122.67969, 38.30773 ], [ -122.6783, 38.30703 ], [ -122.68302, 38.30696 ], [ -122.68439, 38.30885 ], [ -122.68297, 38.30944 ], [ -122.68421, 38.3122 ], [ -122.69255, 38.31217 ], [ -122.69437, 38.3143 ], [ -122.69682, 38.3123 ], [ -122.69436, 38.30938 ], [ -122.70476, 38.30403 ], [ -122.67677, 38.28558 ], [ -122.67805, 38.28441 ], [ -122.68233, 38.28499 ], [ -122.68238, 38.28151 ], [ -122.68626, 38.2843 ], [ -122.68768, 38.28442 ], [ -122.68956, 38.28599 ], [ -122.69999, 38.29144 ], [ -122.70515, 38.29514 ], [ -122.72917, 38.30787 ], [ -122.72597, 38.31139 ], [ -122.72155, 38.31231 ], [ -122.71947, 38.3138 ], [ -122.7353, 38.32411 ], [ -122.73699, 38.3275 ], [ -122.74204, 38.32609 ], [ -122.74455, 38.32894 ], [ -122.74483, 38.33044 ], [ -122.75174, 38.33501 ] ] ] } },
{ "type": "Feature", "properties": { "zip_code": "94511", "county": "Contra Costa", "band": null, "band_source": "routed", "drive_min": 71.6, "distance_mi": 52.3, "memberships": 1, "regular": null, "associate": null, "median_age": null, "age_note": "suppressed", "pt_lon": -121.63897, "pt_lat": 38.02846 }, "geometry": { "type": "Polygon", "coordinates": [ [ [ -121.67633, 38.03711 ], [ -121.67523, 38.04118 ], [ -121.67095, 38.0412 ], [ -121.66422, 38.04228 ], [ -121.66138, 38.04189 ], [ -121.6602, 38.04328 ], [ -121.66008, 38.04604 ], [ -121.65897, 38.04744 ], [ -121.6543, 38.04661 ], [ -121.64931, 38.04698 ], [ -121.64866, 38.04637 ], [ -121.64943, 38.04335 ], [ -121.64886, 38.04262 ], [ -121.64706, 38.04297 ], [ -121.6465, 38.04504 ], [ -121.6449, 38.04632 ], [ -121.644, 38.04817 ], [ -121.64236, 38.04828 ], [ -121.6402, 38.04677 ], [ -121.63586, 38.04627 ], [ -121.63428, 38.04457 ], [ -121.63303, 38.04165 ], [ -121.63197, 38.04134 ], [ -121.62901, 38.04189 ], [ -121.62759, 38.04116 ], [ -121.62778, 38.03866 ], [ -121.62703, 38.03791 ], [ -121.62528, 38.03777 ], [ -121.62345, 38.03541 ], [ -121.62011, 38.03389 ], [ -121.61322, 38.02902 ], [ -121.6072, 38.01908 ], [ -121.6077, 38.01793 ], [ -121.61303, 38.01376 ], [ -121.61624, 38.01376 ], [ -121.61675, 38.01152 ], [ -121.6196, 38.01277 ], [ -121.62702, 38.00883 ], [ -121.63463, 38.01134 ], [ -121.6411, 38.01223 ], [ -121.64565, 38.01595 ], [ -121.65048, 38.01773 ], [ -121.65323, 38.01747 ], [ -121.65433, 38.018 ], [ -121.66155, 38.02579 ], [ -121.66278, 38.02626 ], [ -121.66313, 38.02792 ], [ -121.66689, 38.02834 ], [ -121.66806, 38.02989 ], [ -121.66996, 38.03076 ], [ -121.6734, 38.03041 ], [ -121.67421, 38.03102 ], [ -121.67399, 38.03218 ], [ -121.67176, 38.03358 ], [ -121.67189, 38.03526 ], [ -121.67289, 38.03626 ], [ -121.67524, 38.036 ], [ -121.67633, 38.03711 ] ] ] } },
{ "type": "Feature", "properties": { "zip_code": "94575", "county": "Contra Costa", "band": 45.0, "band_source": "routed", "drive_min": 41.8, "distance_mi": 25.4, "memberships": 0, "regular": null, "associate": null, "median_age": null, "age_note": null, "pt_lon": -122.11078, "pt_lat": 37.84273 }, "geometry": { "type": "Polygon", "coordinates": [ [ [ -122.11582, 37.84251 ], [ -122.1106, 37.84494 ], [ -122.10875, 37.84734 ], [ -122.1054, 37.84344 ], [ -122.10923, 37.83824 ], [ -122.11419, 37.83986 ], [ -122.1149, 37.84227 ], [ -122.11582, 37.84251 ] ] ] } },
{ "type": "Feature", "properties": { "zip_code": "94066", "county": "San Mateo", "band": 60.0, "band_source": "routed", "drive_min": 48.8, "distance_mi": 33.3, "memberships": 0, "regular": null, "associate": null, "median_age": null, "age_note": null, "pt_lon": -122.43409, "pt_lat": 37.62484 }, "geometry": { "type": "Polygon", "coordinates": [ [ [ -122.47272, 37.6338 ], [ -122.47141, 37.63451 ], [ -122.46857, 37.63824 ], [ -122.46808, 37.6376 ], [ -122.45868, 37.64046 ], [ -122.4484, 37.6352 ], [ -122.4469, 37.63693 ], [ -122.4452, 37.63497 ], [ -122.44392, 37.63449 ], [ -122.43713, 37.63813 ], [ -122.43303, 37.63438 ], [ -122.42343, 37.64047 ], [ -122.41848, 37.64232 ], [ -122.41676, 37.63935 ], [ -122.41158, 37.64123 ], [ -122.41143, 37.63397 ], [ -122.40758, 37.6339 ], [ -122.40599, 37.63457 ], [ -122.40606, 37.63554 ], [ -122.40366, 37.63554 ], [ -122.40239, 37.62794 ], [ -122.39801, 37.61521 ], [ -122.39647, 37.61286 ], [ -122.39908, 37.61202 ], [ -122.40016, 37.61265 ], [ -122.40108, 37.61218 ], [ -122.40048, 37.6115 ], [ -122.40174, 37.61085 ], [ -122.40607, 37.61498 ], [ -122.40528, 37.6136 ], [ -122.40581, 37.61224 ], [ -122.40927, 37.61405 ], [ -122.41588, 37.61071 ], [ -122.42072, 37.60922 ], [ -122.42288, 37.60714 ], [ -122.42672, 37.60495 ], [ -122.42837, 37.60573 ], [ -122.42812, 37.60468 ], [ -122.43034, 37.60614 ], [ -122.44564, 37.62214 ], [ -122.45095, 37.61754 ], [ -122.45186, 37.61744 ], [ -122.45302, 37.61827 ], [ -122.46279, 37.61933 ], [ -122.4724, 37.63149 ], [ -122.47272, 37.6338 ] ] ] } },
{ "type": "Feature", "properties": { "zip_code": "94503", "county": "Napa", "band": 60.0, "band_source": "routed", "drive_min": 47.0, "distance_mi": 33.4, "memberships": 1, "regular": null, "associate": null, "median_age": null, "age_note": "suppressed", "pt_lon": -122.22186, "pt_lat": 38.20339 }, "geometry": { "type": "Polygon", "coordinates": [ [ [ -122.31366, 38.19845 ], [ -122.31084, 38.20134 ], [ -122.30616, 38.20087 ], [ -122.30521, 38.20235 ], [ -122.30763, 38.20148 ], [ -122.31082, 38.202 ], [ -122.30678, 38.20533 ], [ -122.30567, 38.20869 ], [ -122.28375, 38.20191 ], [ -122.28084, 38.202 ], [ -122.2805, 38.20556 ], [ -122.26527, 38.2085 ], [ -122.26724, 38.21162 ], [ -122.25649, 38.21146 ], [ -122.258, 38.22313 ], [ -122.24521, 38.22126 ], [ -122.23707, 38.22115 ], [ -122.23412, 38.22012 ], [ -122.23263, 38.22152 ], [ -122.22619, 38.22151 ], [ -122.22625, 38.22566 ], [ -122.22227, 38.2257 ], [ -122.22227, 38.22173 ], [ -122.22377, 38.22092 ], [ -122.22265, 38.21915 ], [ -122.22222, 38.21613 ], [ -122.20817, 38.21153 ], [ -122.20417, 38.2097 ], [ -122.20148, 38.21162 ], [ -122.19957, 38.21062 ], [ -122.19757, 38.21182 ], [ -122.19498, 38.21232 ], [ -122.19398, 38.21361 ], [ -122.19468, 38.21521 ], [ -122.19628, 38.21612 ], [ -122.19618, 38.21892 ], [ -122.19337, 38.22121 ], [ -122.19358, 38.22352 ], [ -122.19498, 38.22522 ], [ -122.19598, 38.23041 ], [ -122.19718, 38.23141 ], [ -122.19719, 38.23282 ], [ -122.20177, 38.24032 ], [ -122.20438, 38.24102 ], [ -122.20539, 38.24462 ], [ -122.20828, 38.24422 ], [ -122.20958, 38.24482 ], [ -122.21018, 38.24741 ], [ -122.21248, 38.24871 ], [ -122.21108, 38.25221 ], [ -122.20908, 38.25111 ], [ -122.20649, 38.25093 ], [ -122.20437, 38.2493 ], [ -122.2008, 38.24941 ], [ -122.199, 38.24811 ], [ -122.19826, 38.2452 ], [ -122.19492, 38.24417 ], [ -122.19373, 38.24267 ], [ -122.19032, 38.24046 ], [ -122.18421, 38.24047 ], [ -122.17875, 38.24345 ], [ -122.17199, 38.24197 ], [ -122.17043, 38.24292 ], [ -122.16484, 38.24183 ], [ -122.163, 38.23997 ], [ -122.16297, 38.23604 ], [ -122.16635, 38.23565 ], [ -122.16704, 38.23508 ], [ -122.15962, 38.22231 ], [ -122.15936, 38.22082 ], [ -122.15746, 38.22169 ], [ -122.15735, 38.2169 ], [ -122.1544, 38.21674 ], [ -122.15374, 38.21573 ], [ -122.14946, 38.2132 ], [ -122.1495, 38.21062 ], [ -122.1513, 38.20962 ], [ -122.15094, 38.20848 ], [ -122.15668, 38.20768 ], [ -122.15664, 38.20695 ], [ -122.16289, 38.20639 ], [ -122.16295, 38.19756 ], [ -122.16533, 38.19579 ], [ -122.16487, 38.19745 ], [ -122.16752, 38.1975 ], [ -122.16596, 38.19883 ], [ -122.16727, 38.19894 ], [ -122.1709, 38.19736 ], [ -122.17194, 38.1985 ], [ -122.17735, 38.1976 ], [ -122.17832, 38.19688 ], [ -122.18108, 38.19704 ], [ -122.18041, 38.19474 ], [ -122.18455, 38.1958 ], [ -122.18679, 38.19289 ], [ -122.18846, 38.19338 ], [ -122.19217, 38.19166 ], [ -122.19486, 38.19179 ], [ -122.19611, 38.19019 ], [ -122.20023, 38.19008 ], [ -122.19946, 38.18844 ], [ -122.19706, 38.18895 ], [ -122.19588, 38.18836 ], [ -122.18996, 38.18776 ], [ -122.18621, 38.18817 ], [ -122.18431, 38.18767 ], [ -122.18264, 38.18586 ], [ -122.18069, 38.18542 ], [ -122.18971, 38.17881 ], [ -122.19489, 38.17317 ], [ -122.20795, 38.16408 ], [ -122.21491, 38.15499 ], [ -122.29068, 38.1552 ], [ -122.28961, 38.15882 ], [ -122.2876, 38.16129 ], [ -122.28674, 38.1645 ], [ -122.28741, 38.16759 ], [ -122.28537, 38.1684 ], [ -122.28405, 38.16826 ], [ -122.28384, 38.16985 ], [ -122.28518, 38.17044 ], [ -122.28588, 38.17337 ], [ -122.28486, 38.17453 ], [ -122.28554, 38.17583 ], [ -122.2891, 38.18009 ], [ -122.29009, 38.18262 ], [ -122.29431, 38.18502 ], [ -122.30355, 38.18527 ], [ -122.30347, 38.18373 ], [ -122.30825, 38.18363 ], [ -122.31216, 38.1913 ], [ -122.31253, 38.19446 ], [ -122.31395, 38.19673 ], [ -122.31366, 38.19845 ] ] ] } },
{ "type": "Feature", "properties": { "zip_code": "94306", "county": "Santa Clara", "band": null, "band_source": "routed", "drive_min": 75.5, "distance_mi": 51.4, "memberships": 1, "regular": null, "associate": null, "median_age": null, "age_note": "suppressed", "pt_lon": -122.12264, "pt_lat": 37.41383 }, "geometry": { "type": "Polygon", "coordinates": [ [ [ -122.15614, 37.43826 ], [ -122.13758, 37.42692 ], [ -122.13526, 37.42893 ], [ -122.1359, 37.42947 ], [ -122.13392, 37.4306 ], [ -122.13043, 37.4341 ], [ -122.12862, 37.43296 ], [ -122.12575, 37.43371 ], [ -122.12211, 37.43081 ], [ -122.12257, 37.42915 ], [ -122.11472, 37.42419 ], [ -122.11607, 37.42347 ], [ -122.11518, 37.42249 ], [ -122.11383, 37.42174 ], [ -122.11211, 37.42238 ], [ -122.11005, 37.41993 ], [ -122.1111, 37.41938 ], [ -122.10817, 37.41583 ], [ -122.1035, 37.4163 ], [ -122.10203, 37.41552 ], [ -122.10129, 37.41205 ], [ -122.10339, 37.41334 ], [ -122.10831, 37.40808 ], [ -122.11564, 37.4127 ], [ -122.11729, 37.41065 ], [ -122.11308, 37.40781 ], [ -122.11762, 37.40428 ], [ -122.12005, 37.40626 ], [ -122.12241, 37.40426 ], [ -122.12447, 37.40127 ], [ -122.12483, 37.39921 ], [ -122.12965, 37.39511 ], [ -122.12842, 37.39486 ], [ -122.12834, 37.39221 ], [ -122.1266, 37.38898 ], [ -122.12711, 37.38876 ], [ -122.13034, 37.39369 ], [ -122.13307, 37.39373 ], [ -122.13215, 37.39094 ], [ -122.13532, 37.39213 ], [ -122.13635, 37.38959 ], [ -122.13882, 37.38966 ], [ -122.14017, 37.39106 ], [ -122.14153, 37.39539 ], [ -122.13169, 37.39997 ], [ -122.13293, 37.40469 ], [ -122.13802, 37.40736 ], [ -122.13842, 37.40836 ], [ -122.14173, 37.40838 ], [ -122.14214, 37.40773 ], [ -122.14526, 37.40736 ], [ -122.14716, 37.40904 ], [ -122.14285, 37.41429 ], [ -122.14119, 37.41537 ], [ -122.14095, 37.41733 ], [ -122.13805, 37.42087 ], [ -122.14211, 37.42302 ], [ -122.14698, 37.41721 ], [ -122.15071, 37.41919 ], [ -122.15334, 37.41599 ], [ -122.15727, 37.41803 ], [ -122.14924, 37.42769 ], [ -122.16021, 37.4373 ], [ -122.15614, 37.43826 ] ] ] } },
{ "type": "Feature", "properties": { "zip_code": "94601", "county": "Alameda", "band": 30.0, "band_source": "routed", "drive_min": 29.0, "distance_mi": 18.7, "memberships": 1, "regular": null, "associate": null, "median_age": null, "age_note": "suppressed", "pt_lon": -122.21624, "pt_lat": 37.77537 }, "geometry": { "type": "Polygon", "coordinates": [ [ [ -122.23742, 37.78213 ], [ -122.23529, 37.78069 ], [ -122.23463, 37.78137 ], [ -122.23632, 37.78239 ], [ -122.23595, 37.78336 ], [ -122.23494, 37.78364 ], [ -122.2339, 37.78472 ], [ -122.23429, 37.78497 ], [ -122.23156, 37.78685 ], [ -122.23091, 37.78944 ], [ -122.22826, 37.79076 ], [ -122.22592, 37.79452 ], [ -122.22295, 37.79495 ], [ -122.22053, 37.79433 ], [ -122.2208, 37.79317 ], [ -122.21895, 37.79328 ], [ -122.21889, 37.79284 ], [ -122.2111, 37.78969 ], [ -122.20982, 37.7883 ], [ -122.21038, 37.78797 ], [ -122.20469, 37.78199 ], [ -122.20438, 37.78231 ], [ -122.20123, 37.77993 ], [ -122.19792, 37.77665 ], [ -122.19602, 37.77706 ], [ -122.19658, 37.7748 ], [ -122.19495, 37.77328 ], [ -122.20368, 37.76713 ], [ -122.21084, 37.76336 ], [ -122.21332, 37.76532 ], [ -122.21578, 37.76446 ], [ -122.21993, 37.76846 ], [ -122.21485, 37.76147 ], [ -122.21811, 37.75966 ], [ -122.22348, 37.7547 ], [ -122.22421, 37.76281 ], [ -122.22658, 37.76693 ], [ -122.23649, 37.7717 ], [ -122.235, 37.77316 ], [ -122.236, 37.77386 ], [ -122.23742, 37.78213 ] ] ] } },
{ "type": "Feature", "properties": { "zip_code": "94519", "county": "Contra Costa", "band": 60.0, "band_source": "routed", "drive_min": 48.9, "distance_mi": 31.3, "memberships": 1, "regular": null, "associate": null, "median_age": null, "age_note": "suppressed", "pt_lon": -122.01735, "pt_lat": 37.99078 }, "geometry": { "type": "Polygon", "coordinates": [ [ [ -122.03372, 37.98947 ], [ -122.03326, 37.99155 ], [ -122.02398, 38.00442 ], [ -122.02295, 38.00625 ], [ -122.02252, 38.00948 ], [ -122.01126, 38.01124 ], [ -122.00156, 38.00609 ], [ -122.00002, 38.00229 ], [ -122.00317, 37.99245 ], [ -121.98447, 37.97882 ], [ -121.98752, 37.97614 ], [ -121.99329, 37.97786 ], [ -121.99628, 37.97792 ], [ -121.99897, 37.97579 ], [ -121.99606, 37.97325 ], [ -121.99813, 37.97148 ], [ -122.00037, 37.97146 ], [ -122.00035, 37.97037 ], [ -122.0054, 37.96977 ], [ -122.00561, 37.969 ], [ -122.0062, 37.96916 ], [ -122.00597, 37.97006 ], [ -122.00729, 37.97033 ], [ -122.00731, 37.97101 ], [ -122.008, 37.97099 ], [ -122.00866, 37.96983 ], [ -122.01336, 37.97116 ], [ -122.01376, 37.9703 ], [ -122.01572, 37.97086 ], [ -122.01534, 37.97171 ], [ -122.02866, 37.97546 ], [ -122.0291, 37.97736 ], [ -122.02996, 37.97727 ], [ -122.03063, 37.97818 ], [ -122.02959, 37.97854 ], [ -122.03372, 37.98947 ] ] ] } },
{ "type": "Feature", "properties": { "zip_code": "94547", "county": "Contra Costa", "band": 30.0, "band_source": "routed", "drive_min": 24.4, "distance_mi": 13.8, "memberships": 1, "regular": null, "associate": null, "median_age": null, "age_note": "suppressed", "pt_lon": -122.26677, "pt_lat": 38.0091 }, "geometry": { "type": "Polygon", "coordinates": [ [ [ -122.29512, 38.0152 ], [ -122.29162, 38.01697 ], [ -122.28959, 38.01948 ], [ -122.28921, 38.02049 ], [ -122.28991, 38.02066 ], [ -122.29, 38.02147 ], [ -122.28941, 38.02227 ], [ -122.28699, 38.0211 ], [ -122.28513, 38.02256 ], [ -122.28348, 38.02267 ], [ -122.27682, 38.03051 ], [ -122.27569, 38.0352 ], [ -122.27465, 38.03481 ], [ -122.24807, 38.00868 ], [ -122.2391, 38.00722 ], [ -122.23651, 38.00373 ], [ -122.23489, 38.00449 ], [ -122.23021, 37.99638 ], [ -122.22177, 37.98589 ], [ -122.22651, 37.9862 ], [ -122.22719, 37.98499 ], [ -122.23497, 37.98435 ], [ -122.236, 37.98341 ], [ -122.24997, 37.99208 ], [ -122.25368, 37.99361 ], [ -122.25954, 37.99176 ], [ -122.26507, 37.99187 ], [ -122.26891, 37.99273 ], [ -122.27488, 37.99506 ], [ -122.27808, 38.00004 ], [ -122.28214, 38.00039 ], [ -122.27975, 38.00401 ], [ -122.28165, 38.00411 ], [ -122.2828, 38.00678 ], [ -122.28498, 38.00908 ], [ -122.28647, 38.00828 ], [ -122.29073, 38.00793 ], [ -122.29476, 38.01336 ], [ -122.2931, 38.01523 ], [ -122.29512, 38.0152 ] ] ] } },
{ "type": "Feature", "properties": { "zip_code": "95612", "county": "Yolo", "band": null, "band_source": "routed", "drive_min": 107.3, "distance_mi": 80.7, "memberships": 1, "regular": null, "associate": null, "median_age": null, "age_note": "suppressed", "pt_lon": -121.57755, "pt_lat": 38.36847 }, "geometry": { "type": "Polygon", "coordinates": [ [ [ -121.67277, 38.23529 ], [ -121.66202, 38.2687 ], [ -121.66507, 38.2687 ], [ -121.66337, 38.2741 ], [ -121.66217, 38.27554 ], [ -121.64743, 38.3378 ], [ -121.6312, 38.37268 ], [ -121.63069, 38.37491 ], [ -121.58556, 38.47072 ], [ -121.58536, 38.50271 ], [ -121.58222, 38.50269 ], [ -121.58242, 38.50447 ], [ -121.5587, 38.50194 ], [ -121.55904, 38.49959 ], [ -121.55827, 38.49636 ], [ -121.54841, 38.48251 ], [ -121.54272, 38.47645 ], [ -121.53858, 38.47457 ], [ -121.53334, 38.47383 ], [ -121.51732, 38.4745 ], [ -121.51188, 38.47367 ], [ -121.50887, 38.47281 ], [ -121.50608, 38.47095 ], [ -121.50414, 38.46656 ], [ -121.50103, 38.45013 ], [ -121.50193, 38.44295 ], [ -121.50385, 38.43961 ], [ -121.50659, 38.43729 ], [ -121.50975, 38.43588 ], [ -121.51535, 38.43452 ], [ -121.52705, 38.43482 ], [ -121.53032, 38.43389 ], [ -121.53191, 38.43271 ], [ -121.5327, 38.43079 ], [ -121.53129, 38.42753 ], [ -121.51747, 38.40893 ], [ -121.51348, 38.39994 ], [ -121.51326, 38.39405 ], [ -121.51426, 38.38833 ], [ -121.51582, 38.38577 ], [ -121.52324, 38.38058 ], [ -121.52426, 38.37898 ], [ -121.52399, 38.37524 ], [ -121.52218, 38.37148 ], [ -121.52105, 38.36689 ], [ -121.52078, 38.36212 ], [ -121.52164, 38.3601 ], [ -121.52542, 38.35791 ], [ -121.53393, 38.34985 ], [ -121.53691, 38.34778 ], [ -121.543, 38.34585 ], [ -121.54576, 38.34579 ], [ -121.55935, 38.34257 ], [ -121.57187, 38.33102 ], [ -121.57522, 38.32716 ], [ -121.57673, 38.3275 ], [ -121.58093, 38.33115 ], [ -121.58395, 38.33165 ], [ -121.5857, 38.32879 ], [ -121.58522, 38.32551 ], [ -121.58646, 38.32384 ], [ -121.58982, 38.32269 ], [ -121.59033, 38.31754 ], [ -121.59225, 38.31404 ], [ -121.59894, 38.31 ], [ -121.59782, 38.30754 ], [ -121.59982, 38.30542 ], [ -121.60012, 38.30176 ], [ -121.60397, 38.29859 ], [ -121.60558, 38.29608 ], [ -121.60428, 38.28876 ], [ -121.60599, 38.28643 ], [ -121.60704, 38.28655 ], [ -121.60936, 38.28871 ], [ -121.61344, 38.28878 ], [ -121.61494, 38.28982 ], [ -121.61901, 38.29089 ], [ -121.62497, 38.2909 ], [ -121.63066, 38.29225 ], [ -121.63491, 38.29064 ], [ -121.64151, 38.29004 ], [ -121.645, 38.28845 ], [ -121.64333, 38.28623 ], [ -121.64311, 38.28191 ], [ -121.64097, 38.28095 ], [ -121.63766, 38.27759 ], [ -121.63906, 38.27578 ], [ -121.64066, 38.27508 ], [ -121.64213, 38.27152 ], [ -121.64059, 38.26861 ], [ -121.64252, 38.26583 ], [ -121.64893, 38.26198 ], [ -121.65147, 38.26161 ], [ -121.65181, 38.2552 ], [ -121.65557, 38.25397 ], [ -121.65684, 38.24849 ], [ -121.65872, 38.24713 ], [ -121.6582, 38.24435 ], [ -121.66496, 38.24004 ], [ -121.66566, 38.23478 ], [ -121.66977, 38.23168 ], [ -121.67206, 38.23074 ], [ -121.67322, 38.22905 ], [ -121.67277, 38.23529 ] ] ] } },
{ "type": "Feature", "properties": { "zip_code": "94130", "county": "San Francisco", "band": 30.0, "band_source": "routed", "drive_min": 26.5, "distance_mi": 16.1, "memberships": 0, "regular": null, "associate": null, "median_age": null, "age_note": null, "pt_lon": -122.36912, "pt_lat": 37.81936 }, "geometry": { "type": "Polygon", "coordinates": [ [ [ -122.37768, 37.83046 ], [ -122.37345, 37.8323 ], [ -122.36875, 37.83129 ], [ -122.36291, 37.8227 ], [ -122.36429, 37.81887 ], [ -122.35878, 37.81428 ], [ -122.36078, 37.81283 ], [ -122.36111, 37.80803 ], [ -122.36229, 37.80702 ], [ -122.36714, 37.80743 ], [ -122.37165, 37.80938 ], [ -122.37284, 37.81107 ], [ -122.37127, 37.81467 ], [ -122.37896, 37.8269 ], [ -122.37768, 37.83046 ] ] ] } },
{ "type": "Feature", "properties": { "zip_code": "94005", "county": "San Mateo", "band": 60.0, "band_source": "routed", "drive_min": 45.7, "distance_mi": 25.7, "memberships": 0, "regular": null, "associate": null, "median_age": null, "age_note": null, "pt_lon": -122.41365, "pt_lat": 37.68963 }, "geometry": { "type": "Polygon", "coordinates": [ [ [ -122.44173, 37.69477 ], [ -122.44001, 37.69498 ], [ -122.43767, 37.69412 ], [ -122.43328, 37.69576 ], [ -122.43059, 37.69838 ], [ -122.42616, 37.69585 ], [ -122.42473, 37.69572 ], [ -122.42109, 37.69915 ], [ -122.41342, 37.69783 ], [ -122.41134, 37.70136 ], [ -122.41072, 37.70569 ], [ -122.40696, 37.70464 ], [ -122.40529, 37.70826 ], [ -122.39338, 37.70827 ], [ -122.39416, 37.70764 ], [ -122.38763, 37.67906 ], [ -122.38659, 37.67741 ], [ -122.38171, 37.67726 ], [ -122.381, 37.67177 ], [ -122.39192, 37.67176 ], [ -122.39105, 37.6732 ], [ -122.3966, 37.67388 ], [ -122.39659, 37.67472 ], [ -122.40294, 37.67328 ], [ -122.4049, 37.67435 ], [ -122.40791, 37.67481 ], [ -122.40771, 37.67184 ], [ -122.40866, 37.67108 ], [ -122.41513, 37.67179 ], [ -122.41511, 37.6745 ], [ -122.42033, 37.67455 ], [ -122.42403, 37.67692 ], [ -122.42411, 37.67888 ], [ -122.4282, 37.68129 ], [ -122.42917, 37.68297 ], [ -122.42938, 37.68213 ], [ -122.43124, 37.68294 ], [ -122.43094, 37.68423 ], [ -122.43494, 37.68593 ], [ -122.43504, 37.68762 ], [ -122.43794, 37.69021 ], [ -122.44027, 37.68962 ], [ -122.44045, 37.69234 ], [ -122.44173, 37.69477 ] ] ] } },
{ "type": "Feature", "properties": { "zip_code": "94014", "county": "San Mateo", "band": 60.0, "band_source": "routed", "drive_min": 48.4, "distance_mi": 29.2, "memberships": 0, "regular": null, "associate": null, "median_age": null, "age_note": null, "pt_lon": -122.45323, "pt_lat": 37.68696 }, "geometry": { "type": "Polygon", "coordinates": [ [ [ -122.47172, 37.70502 ], [ -122.46894, 37.70823 ], [ -122.43459, 37.70813 ], [ -122.42535, 37.70862 ], [ -122.40529, 37.70826 ], [ -122.40696, 37.70464 ], [ -122.41072, 37.70569 ], [ -122.41134, 37.70136 ], [ -122.41342, 37.69783 ], [ -122.42109, 37.69915 ], [ -122.42473, 37.69572 ], [ -122.42616, 37.69585 ], [ -122.43059, 37.69838 ], [ -122.43328, 37.69576 ], [ -122.43767, 37.69412 ], [ -122.44001, 37.69498 ], [ -122.44173, 37.69477 ], [ -122.44045, 37.69234 ], [ -122.44027, 37.68962 ], [ -122.43794, 37.69021 ], [ -122.43504, 37.68762 ], [ -122.43494, 37.68593 ], [ -122.43094, 37.68423 ], [ -122.43124, 37.68294 ], [ -122.42938, 37.68213 ], [ -122.43348, 37.67024 ], [ -122.43663, 37.67149 ], [ -122.44461, 37.66548 ], [ -122.45405, 37.67272 ], [ -122.45342, 37.67079 ], [ -122.45998, 37.66665 ], [ -122.46423, 37.67072 ], [ -122.46616, 37.66965 ], [ -122.47157, 37.67804 ], [ -122.47151, 37.6863 ], [ -122.47061, 37.68972 ], [ -122.4706, 37.69331 ], [ -122.47159, 37.69803 ], [ -122.47172, 37.70502 ] ] ] } },
{ "type": "Feature", "properties": { "zip_code": "94020", "county": "San Mateo", "band": null, "band_source": "routed", "drive_min": 95.6, "distance_mi": 67.5, "memberships": 1, "regular": null, "associate": null, "median_age": null, "age_note": "suppressed", "pt_lon": -122.21311, "pt_lat": 37.28768 }, "geometry": { "type": "Polygon", "coordinates": [ [ [ -122.3117, 37.31317 ], [ -122.30919, 37.31377 ], [ -122.30517, 37.31625 ], [ -122.30265, 37.31651 ], [ -122.30368, 37.31892 ], [ -122.30074, 37.31984 ], [ -122.3021, 37.32608 ], [ -122.30159, 37.32839 ], [ -122.30248, 37.32976 ], [ -122.3017, 37.33105 ], [ -122.29733, 37.33361 ], [ -122.29725, 37.33462 ], [ -122.2956, 37.33595 ], [ -122.29211, 37.34212 ], [ -122.29111, 37.34234 ], [ -122.29138, 37.34481 ], [ -122.28976, 37.34797 ], [ -122.28999, 37.35172 ], [ -122.2882, 37.35473 ], [ -122.2888, 37.35849 ], [ -122.28769, 37.35834 ], [ -122.28672, 37.35952 ], [ -122.28578, 37.35814 ], [ -122.28253, 37.35901 ], [ -122.28097, 37.35774 ], [ -122.27748, 37.35852 ], [ -122.27671, 37.3572 ], [ -122.27294, 37.35688 ], [ -122.27589, 37.35344 ], [ -122.2763, 37.35026 ], [ -122.27419, 37.34567 ], [ -122.27398, 37.34351 ], [ -122.27595, 37.34329 ], [ -122.27768, 37.34162 ], [ -122.27833, 37.34284 ], [ -122.28018, 37.34283 ], [ -122.28029, 37.34098 ], [ -122.28315, 37.33949 ], [ -122.28343, 37.33808 ], [ -122.2815, 37.33262 ], [ -122.27996, 37.33061 ], [ -122.27925, 37.32387 ], [ -122.27645, 37.32167 ], [ -122.27671, 37.32066 ], [ -122.27548, 37.31942 ], [ -122.2743, 37.31933 ], [ -122.27445, 37.3226 ], [ -122.273, 37.32397 ], [ -122.27392, 37.32594 ], [ -122.27091, 37.32717 ], [ -122.2712, 37.32835 ], [ -122.2694, 37.33 ], [ -122.2622, 37.32841 ], [ -122.25964, 37.32675 ], [ -122.25476, 37.32606 ], [ -122.24801, 37.32855 ], [ -122.24452, 37.32879 ], [ -122.24173, 37.33014 ], [ -122.24165, 37.32371 ], [ -122.23779, 37.32674 ], [ -122.23601, 37.32604 ], [ -122.233, 37.32623 ], [ -122.23346, 37.32876 ], [ -122.23164, 37.32993 ], [ -122.23171, 37.33301 ], [ -122.23018, 37.33424 ], [ -122.22831, 37.33057 ], [ -122.21077, 37.33044 ], [ -122.20975, 37.32885 ], [ -122.20489, 37.32475 ], [ -122.20081, 37.32295 ], [ -122.19733, 37.32039 ], [ -122.19251, 37.3188 ], [ -122.19306, 37.31828 ], [ -122.19013, 37.31776 ], [ -122.18691, 37.31568 ], [ -122.18557, 37.31167 ], [ -122.18232, 37.30953 ], [ -122.17971, 37.31131 ], [ -122.17582, 37.31275 ], [ -122.17081, 37.31198 ], [ -122.16658, 37.30562 ], [ -122.16233, 37.30441 ], [ -122.16353, 37.30166 ], [ -122.16267, 37.3009 ], [ -122.16514, 37.29799 ], [ -122.16526, 37.29649 ], [ -122.16684, 37.29524 ], [ -122.16216, 37.29387 ], [ -122.16119, 37.293 ], [ -122.16027, 37.29339 ], [ -122.15623, 37.29181 ], [ -122.15257, 37.28822 ], [ -122.15263, 37.24403 ], [ -122.15146, 37.23002 ], [ -122.15297, 37.22244 ], [ -122.15277, 37.21544 ], [ -122.18299, 37.2156 ], [ -122.18501, 37.21866 ], [ -122.1887, 37.22097 ], [ -122.19107, 37.22414 ], [ -122.19199, 37.22921 ], [ -122.19438, 37.22941 ], [ -122.19671, 37.23062 ], [ -122.19954, 37.23409 ], [ -122.19929, 37.23519 ], [ -122.20044, 37.23511 ], [ -122.20002, 37.23738 ], [ -122.20158, 37.23854 ], [ -122.20312, 37.23839 ], [ -122.2043, 37.24036 ], [ -122.20741, 37.24158 ], [ -122.20824, 37.24265 ], [ -122.20939, 37.24144 ], [ -122.21145, 37.24383 ], [ -122.21365, 37.24487 ], [ -122.21232, 37.24531 ], [ -122.21278, 37.24647 ], [ -122.21366, 37.24536 ], [ -122.21434, 37.24639 ], [ -122.21608, 37.24703 ], [ -122.21565, 37.24887 ], [ -122.21716, 37.24816 ], [ -122.2178, 37.25003 ], [ -122.21729, 37.25088 ], [ -122.21868, 37.2516 ], [ -122.21886, 37.25036 ], [ -122.22012, 37.25143 ], [ -122.21928, 37.25266 ], [ -122.21999, 37.25326 ], [ -122.22168, 37.25211 ], [ -122.22621, 37.25465 ], [ -122.22739, 37.25388 ], [ -122.22741, 37.25541 ], [ -122.22937, 37.25471 ], [ -122.23168, 37.25675 ], [ -122.23675, 37.25777 ], [ -122.23671, 37.2594 ], [ -122.23936, 37.25833 ], [ -122.23926, 37.26014 ], [ -122.24186, 37.26152 ], [ -122.24522, 37.26153 ], [ -122.24623, 37.26263 ], [ -122.24802, 37.26193 ], [ -122.25021, 37.26195 ], [ -122.25002, 37.26336 ], [ -122.25249, 37.26359 ], [ -122.25224, 37.26488 ], [ -122.25426, 37.26508 ], [ -122.25625, 37.2637 ], [ -122.256, 37.26579 ], [ -122.25888, 37.26608 ], [ -122.25878, 37.26803 ], [ -122.26042, 37.26825 ], [ -122.26348, 37.26679 ], [ -122.26368, 37.27004 ], [ -122.26545, 37.27096 ], [ -122.2684, 37.27075 ], [ -122.26794, 37.27164 ], [ -122.26926, 37.27226 ], [ -122.26687, 37.27513 ], [ -122.26702, 37.27674 ], [ -122.27192, 37.28396 ], [ -122.27362, 37.28991 ], [ -122.27414, 37.28733 ], [ -122.27602, 37.28627 ], [ -122.27731, 37.28679 ], [ -122.27925, 37.28664 ], [ -122.27892, 37.2885 ], [ -122.2799, 37.28931 ], [ -122.28278, 37.28451 ], [ -122.28388, 37.28575 ], [ -122.28569, 37.27875 ], [ -122.28721, 37.27673 ], [ -122.29059, 37.27614 ], [ -122.29458, 37.27833 ], [ -122.29528, 37.28033 ], [ -122.29878, 37.28233 ], [ -122.30254, 37.28291 ], [ -122.30139, 37.28187 ], [ -122.30507, 37.28276 ], [ -122.30568, 37.28384 ], [ -122.30182, 37.28565 ], [ -122.3031, 37.28791 ], [ -122.3031, 37.28997 ], [ -122.30195, 37.29177 ], [ -122.30238, 37.29456 ], [ -122.30183, 37.29662 ], [ -122.29768, 37.29864 ], [ -122.29641, 37.29823 ], [ -122.29528, 37.29914 ], [ -122.29168, 37.29884 ], [ -122.28949, 37.30177 ], [ -122.28863, 37.30449 ], [ -122.29042, 37.30718 ], [ -122.29348, 37.30844 ], [ -122.29696, 37.30717 ], [ -122.29963, 37.31038 ], [ -122.30168, 37.31021 ], [ -122.30348, 37.3109 ], [ -122.30506, 37.31256 ], [ -122.30898, 37.31256 ], [ -122.30822, 37.31361 ], [ -122.31014, 37.31195 ], [ -122.31117, 37.31182 ], [ -122.3117, 37.31317 ] ] ] } },
{ "type": "Feature", "properties": { "zip_code": "94703", "county": "Alameda", "band": 30.0, "band_source": "routed", "drive_min": 20.0, "distance_mi": 10.5, "memberships": 3, "regular": null, "associate": null, "median_age": null, "age_note": "suppressed", "pt_lon": -122.27666, "pt_lat": 37.86554 }, "geometry": { "type": "Polygon", "coordinates": [ [ [ -122.28305, 37.88105 ], [ -122.28176, 37.88056 ], [ -122.28198, 37.88161 ], [ -122.27496, 37.88534 ], [ -122.27454, 37.88489 ], [ -122.27465, 37.88012 ], [ -122.27394, 37.87959 ], [ -122.27333, 37.87399 ], [ -122.27547, 37.87302 ], [ -122.27326, 37.87332 ], [ -122.27176, 37.85977 ], [ -122.26945, 37.86003 ], [ -122.26746, 37.85942 ], [ -122.26831, 37.85654 ], [ -122.26701, 37.85523 ], [ -122.26652, 37.85234 ], [ -122.26897, 37.85162 ], [ -122.26837, 37.84877 ], [ -122.26941, 37.84811 ], [ -122.26914, 37.84674 ], [ -122.2758, 37.84587 ], [ -122.27619, 37.84773 ], [ -122.27777, 37.84752 ], [ -122.28018, 37.86054 ], [ -122.28123, 37.86221 ], [ -122.28069, 37.86227 ], [ -122.28093, 37.86591 ], [ -122.28305, 37.88105 ] ] ] } },
{ "type": "Feature", "properties": { "zip_code": "94112", "county": "San Francisco", "band": 45.0, "band_source": "routed", "drive_min": 39.3, "distance_mi": 24.9, "memberships": 0, "regular": null, "associate": null, "median_age": null, "age_note": null, "pt_lon": -122.44368, "pt_lat": 37.72193 }, "geometry": { "type": "Polygon", "coordinates": [ [ [ -122.46599, 37.71015 ], [ -122.46086, 37.71059 ], [ -122.46256, 37.71125 ], [ -122.46268, 37.72169 ], [ -122.46219, 37.72772 ], [ -122.46038, 37.72839 ], [ -122.46038, 37.72997 ], [ -122.45577, 37.7314 ], [ -122.44686, 37.73114 ], [ -122.44658, 37.7316 ], [ -122.44484, 37.73111 ], [ -122.4443, 37.73161 ], [ -122.44428, 37.72826 ], [ -122.44366, 37.7283 ], [ -122.43254, 37.73312 ], [ -122.42672, 37.73637 ], [ -122.42719, 37.73581 ], [ -122.42523, 37.73529 ], [ -122.42288, 37.73482 ], [ -122.42168, 37.73513 ], [ -122.4207, 37.73195 ], [ -122.41924, 37.73206 ], [ -122.41927, 37.73133 ], [ -122.41985, 37.73148 ], [ -122.41993, 37.72936 ], [ -122.42384, 37.72875 ], [ -122.42243, 37.72405 ], [ -122.42381, 37.72369 ], [ -122.42548, 37.72023 ], [ -122.42349, 37.71944 ], [ -122.42251, 37.71792 ], [ -122.42466, 37.71713 ], [ -122.42614, 37.71843 ], [ -122.42722, 37.71555 ], [ -122.43115, 37.71659 ], [ -122.43372, 37.7131 ], [ -122.4297, 37.71226 ], [ -122.42741, 37.71038 ], [ -122.42716, 37.70839 ], [ -122.46894, 37.70823 ], [ -122.46599, 37.71015 ] ] ] } },
{ "type": "Feature", "properties": { "zip_code": "94564", "county": "Contra Costa", "band": 30.0, "band_source": "routed", "drive_min": 25.2, "distance_mi": 12.8, "memberships": 3, "regular": null, "associate": null, "median_age": null, "age_note": "suppressed", "pt_lon": -122.26872, "pt_lat": 37.98965 }, "geometry": { "type": "Polygon", "coordinates": [ [ [ -122.31694, 38.00231 ], [ -122.31767, 38.00323 ], [ -122.31439, 38.00477 ], [ -122.31332, 38.01097 ], [ -122.30925, 38.00992 ], [ -122.30554, 38.01046 ], [ -122.29947, 38.01024 ], [ -122.29775, 38.01175 ], [ -122.29698, 38.01379 ], [ -122.29512, 38.0152 ], [ -122.2931, 38.01523 ], [ -122.29476, 38.01336 ], [ -122.29073, 38.00793 ], [ -122.28647, 38.00828 ], [ -122.28498, 38.00908 ], [ -122.2828, 38.00678 ], [ -122.28165, 38.00411 ], [ -122.27975, 38.00401 ], [ -122.28214, 38.00039 ], [ -122.27808, 38.00004 ], [ -122.27488, 37.99506 ], [ -122.26891, 37.99273 ], [ -122.26507, 37.99187 ], [ -122.25954, 37.99176 ], [ -122.25368, 37.99361 ], [ -122.24997, 37.99208 ], [ -122.236, 37.98341 ], [ -122.23497, 37.98435 ], [ -122.22719, 37.98499 ], [ -122.22651, 37.9862 ], [ -122.22177, 37.98589 ], [ -122.20497, 37.96474 ], [ -122.20885, 37.9672 ], [ -122.21002, 37.96868 ], [ -122.21512, 37.97047 ], [ -122.21889, 37.96979 ], [ -122.22153, 37.9706 ], [ -122.22375, 37.97276 ], [ -122.2258, 37.97347 ], [ -122.22871, 37.97348 ], [ -122.23087, 37.97504 ], [ -122.23447, 37.97396 ], [ -122.23735, 37.9721 ], [ -122.24164, 37.97182 ], [ -122.24315, 37.97111 ], [ -122.24722, 37.97216 ], [ -122.25028, 37.97359 ], [ -122.25136, 37.97523 ], [ -122.25764, 37.97762 ], [ -122.25608, 37.97695 ], [ -122.2561, 37.97514 ], [ -122.26069, 37.97295 ], [ -122.26805, 37.97427 ], [ -122.27886, 37.98062 ], [ -122.27902, 37.98248 ], [ -122.28217, 37.98345 ], [ -122.28195, 37.98204 ], [ -122.2839, 37.98317 ], [ -122.28767, 37.98336 ], [ -122.28848, 37.9843 ], [ -122.28623, 37.98675 ], [ -122.28838, 37.988 ], [ -122.29071, 37.98724 ], [ -122.29072, 37.98938 ], [ -122.29198, 37.98964 ], [ -122.29369, 37.98903 ], [ -122.29186, 37.98796 ], [ -122.29184, 37.98632 ], [ -122.29458, 37.98735 ], [ -122.30047, 37.98588 ], [ -122.30097, 37.98956 ], [ -122.30758, 37.98946 ], [ -122.30745, 37.98779 ], [ -122.31188, 37.98379 ], [ -122.31556, 37.98564 ], [ -122.31373, 37.98901 ], [ -122.31386, 37.9903 ], [ -122.30729, 37.99283 ], [ -122.31203, 37.9985 ], [ -122.31417, 37.99742 ], [ -122.31531, 37.99779 ], [ -122.31569, 37.997 ], [ -122.31854, 38.0016 ], [ -122.31694, 38.00231 ] ] ] } },
{ "type": "Feature", "properties": { "zip_code": "94607", "county": "Alameda", "band": 30.0, "band_source": "routed", "drive_min": 21.5, "distance_mi": 13.1, "memberships": 1, "regular": null, "associate": null, "median_age": null, "age_note": "suppressed", "pt_lon": -122.3082, "pt_lat": 37.80883 }, "geometry": { "type": "Polygon", "coordinates": [ [ [ -122.34225, 37.80556 ], [ -122.33302, 37.8108 ], [ -122.32278, 37.81013 ], [ -122.3173, 37.81626 ], [ -122.3192, 37.81908 ], [ -122.33037, 37.82058 ], [ -122.32683, 37.82226 ], [ -122.32149, 37.82291 ], [ -122.31386, 37.82525 ], [ -122.30094, 37.82636 ], [ -122.29583, 37.82788 ], [ -122.29403, 37.83061 ], [ -122.29339, 37.83067 ], [ -122.2906, 37.82621 ], [ -122.28915, 37.82302 ], [ -122.28925, 37.82178 ], [ -122.274, 37.81823 ], [ -122.27563, 37.81763 ], [ -122.27479, 37.81491 ], [ -122.27991, 37.80778 ], [ -122.27868, 37.80728 ], [ -122.28048, 37.80629 ], [ -122.27087, 37.80247 ], [ -122.26924, 37.8027 ], [ -122.2685, 37.80154 ], [ -122.25955, 37.79813 ], [ -122.25958, 37.79632 ], [ -122.26081, 37.79528 ], [ -122.26296, 37.79117 ], [ -122.26854, 37.78793 ], [ -122.27824, 37.79313 ], [ -122.28597, 37.79362 ], [ -122.2948, 37.79216 ], [ -122.30104, 37.79195 ], [ -122.32851, 37.79749 ], [ -122.333, 37.79905 ], [ -122.33417, 37.80127 ], [ -122.34151, 37.80416 ], [ -122.34225, 37.80556 ] ] ] } },
{ "type": "Feature", "properties": { "zip_code": "94806", "county": "Contra Costa", "band": 30.0, "band_source": "routed", "drive_min": 15.6, "distance_mi": 8.0, "memberships": 1, "regular": null, "associate": null, "median_age": null, "age_note": "suppressed", "pt_lon": -122.33725, "pt_lat": 37.98138 }, "geometry": { "type": "Polygon", "coordinates": [ [ [ -122.35889, 37.96764 ], [ -122.35629, 37.99576 ], [ -122.35555, 37.99777 ], [ -122.35335, 38.00023 ], [ -122.3507, 38.00169 ], [ -122.34805, 38.00232 ], [ -122.34411, 38.00218 ], [ -122.3347, 38.00053 ], [ -122.33263, 38.00073 ], [ -122.32819, 38.00255 ], [ -122.32867, 38.00348 ], [ -122.31544, 38.01161 ], [ -122.31333, 38.01151 ], [ -122.31439, 38.00477 ], [ -122.31767, 38.00323 ], [ -122.31694, 38.00231 ], [ -122.31854, 38.0016 ], [ -122.31569, 37.997 ], [ -122.31531, 37.99779 ], [ -122.31417, 37.99742 ], [ -122.31203, 37.9985 ], [ -122.30729, 37.99283 ], [ -122.31386, 37.9903 ], [ -122.31373, 37.98901 ], [ -122.3152, 37.98676 ], [ -122.32141, 37.96781 ], [ -122.32255, 37.96633 ], [ -122.32924, 37.96223 ], [ -122.33073, 37.95949 ], [ -122.32994, 37.95591 ], [ -122.32808, 37.95701 ], [ -122.32767, 37.95878 ], [ -122.32913, 37.96011 ], [ -122.3277, 37.9613 ], [ -122.32712, 37.9606 ], [ -122.32377, 37.96198 ], [ -122.32022, 37.96202 ], [ -122.31913, 37.96269 ], [ -122.31842, 37.9603 ], [ -122.31739, 37.9612 ], [ -122.31647, 37.957 ], [ -122.31233, 37.95679 ], [ -122.31047, 37.95547 ], [ -122.30998, 37.956 ], [ -122.30825, 37.9548 ], [ -122.30837, 37.95267 ], [ -122.31141, 37.95267 ], [ -122.31139, 37.95141 ], [ -122.31493, 37.95238 ], [ -122.3167, 37.95183 ], [ -122.31613, 37.95322 ], [ -122.31828, 37.95492 ], [ -122.31875, 37.95404 ], [ -122.32382, 37.9541 ], [ -122.3244, 37.95384 ], [ -122.32208, 37.952 ], [ -122.32349, 37.94965 ], [ -122.32639, 37.94915 ], [ -122.32742, 37.95129 ], [ -122.33025, 37.95134 ], [ -122.33176, 37.95396 ], [ -122.33362, 37.95325 ], [ -122.33391, 37.95175 ], [ -122.33845, 37.95316 ], [ -122.34032, 37.95248 ], [ -122.34159, 37.95413 ], [ -122.34356, 37.95309 ], [ -122.34737, 37.95295 ], [ -122.34739, 37.95179 ], [ -122.34787, 37.95179 ], [ -122.34742, 37.94978 ], [ -122.35716, 37.94983 ], [ -122.35713, 37.95043 ], [ -122.35861, 37.95045 ], [ -122.35639, 37.96718 ], [ -122.35889, 37.96764 ] ] ] } },
{ "type": "Feature", "properties": { "zip_code": "94920", "county": "Marin", "band": 45.0, "band_source": "routed", "drive_min": 41.4, "distance_mi": 16.5, "memberships": 2, "regular": null, "associate": null, "median_age": null, "age_note": "suppressed", "pt_lon": -122.46658, "pt_lat": 37.89214 }, "geometry": { "type": "MultiPolygon", "coordinates": [ [ [ [ -122.44632, 37.86105 ], [ -122.44127, 37.86311 ], [ -122.44017, 37.86711 ], [ -122.43875, 37.86852 ], [ -122.4369, 37.86684 ], [ -122.43587, 37.86665 ], [ -122.43438, 37.86734 ], [ -122.43508, 37.86805 ], [ -122.43461, 37.86967 ], [ -122.43096, 37.87224 ], [ -122.42634, 37.87051 ], [ -122.42465, 37.87074 ], [ -122.4233, 37.86951 ], [ -122.42133, 37.86342 ], [ -122.41959, 37.86328 ], [ -122.41847, 37.86176 ], [ -122.42098, 37.85866 ], [ -122.41847, 37.85272 ], [ -122.41909, 37.85237 ], [ -122.42311, 37.85452 ], [ -122.43083, 37.85539 ], [ -122.43453, 37.85349 ], [ -122.43977, 37.85555 ], [ -122.44127, 37.85514 ], [ -122.44265, 37.85617 ], [ -122.44245, 37.85822 ], [ -122.44632, 37.86105 ] ] ], [ [ [ -122.50715, 37.90433 ], [ -122.50622, 37.90687 ], [ -122.49882, 37.9107 ], [ -122.49885, 37.91173 ], [ -122.49594, 37.91173 ], [ -122.49571, 37.91563 ], [ -122.48918, 37.91532 ], [ -122.48908, 37.91792 ], [ -122.48719, 37.91875 ], [ -122.48792, 37.91984 ], [ -122.48588, 37.92012 ], [ -122.48522, 37.92099 ], [ -122.47915, 37.91635 ], [ -122.47559, 37.91692 ], [ -122.47358, 37.91254 ], [ -122.47297, 37.90885 ], [ -122.47606, 37.90792 ], [ -122.47701, 37.90567 ], [ -122.46251, 37.89741 ], [ -122.45856, 37.89406 ], [ -122.44841, 37.89341 ], [ -122.44374, 37.88672 ], [ -122.43925, 37.88392 ], [ -122.43827, 37.88097 ], [ -122.4399, 37.87975 ], [ -122.4416, 37.88072 ], [ -122.44445, 37.87884 ], [ -122.44465, 37.87619 ], [ -122.44873, 37.87453 ], [ -122.45063, 37.87171 ], [ -122.46228, 37.87078 ], [ -122.45871, 37.86571 ], [ -122.458, 37.86177 ], [ -122.46846, 37.86815 ], [ -122.47427, 37.87443 ], [ -122.47511, 37.87734 ], [ -122.47178, 37.88091 ], [ -122.47511, 37.88635 ], [ -122.48343, 37.8901 ], [ -122.48937, 37.89516 ], [ -122.49341, 37.89366 ], [ -122.49988, 37.89366 ], [ -122.50113, 37.89461 ], [ -122.503, 37.89888 ], [ -122.5047, 37.89918 ], [ -122.50414, 37.90066 ], [ -122.50574, 37.90341 ], [ -122.50715, 37.90433 ] ] ] ] } },
{ "type": "Feature", "properties": { "zip_code": "94708", "county": "Contra Costa", "band": 30.0, "band_source": "routed", "drive_min": 23.6, "distance_mi": 10.2, "memberships": 16, "regular": 16.0, "associate": 0.0, "median_age": 76.0, "age_note": null, "pt_lon": -122.2611, "pt_lat": 37.90084 }, "geometry": { "type": "Polygon", "coordinates": [ [ [ -122.28139, 37.91323 ], [ -122.2785, 37.91532 ], [ -122.27337, 37.91105 ], [ -122.2713, 37.91406 ], [ -122.27937, 37.91961 ], [ -122.27067, 37.92392 ], [ -122.27061, 37.92138 ], [ -122.26319, 37.92149 ], [ -122.26373, 37.92093 ], [ -122.25461, 37.92058 ], [ -122.25222, 37.91865 ], [ -122.25101, 37.91511 ], [ -122.25308, 37.91176 ], [ -122.24954, 37.91108 ], [ -122.24925, 37.91008 ], [ -122.24773, 37.90904 ], [ -122.24775, 37.90566 ], [ -122.24705, 37.90544 ], [ -122.25541, 37.89883 ], [ -122.25568, 37.89785 ], [ -122.25516, 37.89626 ], [ -122.25363, 37.89614 ], [ -122.25268, 37.89499 ], [ -122.25287, 37.89373 ], [ -122.25105, 37.89382 ], [ -122.24915, 37.89113 ], [ -122.25029, 37.88983 ], [ -122.24926, 37.88697 ], [ -122.24691, 37.88535 ], [ -122.24644, 37.8812 ], [ -122.26456, 37.87896 ], [ -122.26574, 37.88415 ], [ -122.26464, 37.88587 ], [ -122.2659, 37.88643 ], [ -122.26717, 37.89043 ], [ -122.26681, 37.8931 ], [ -122.26774, 37.89313 ], [ -122.26853, 37.89479 ], [ -122.26987, 37.89996 ], [ -122.26916, 37.90153 ], [ -122.26973, 37.9021 ], [ -122.27087, 37.90138 ], [ -122.27279, 37.90419 ], [ -122.27787, 37.90315 ], [ -122.27792, 37.90602 ], [ -122.27878, 37.90755 ], [ -122.27937, 37.90692 ], [ -122.28047, 37.90823 ], [ -122.27994, 37.91128 ], [ -122.28139, 37.91323 ] ] ] } },
{ "type": "Feature", "properties": { "zip_code": "94566", "county": "Alameda", "band": 60.0, "band_source": "routed", "drive_min": 57.8, "distance_mi": 44.6, "memberships": 1, "regular": null, "associate": null, "median_age": null, "age_note": "suppressed", "pt_lon": -121.85367, "pt_lat": 37.65335 }, "geometry": { "type": "Polygon", "coordinates": [ [ [ -121.91279, 37.63249 ], [ -121.90568, 37.63243 ], [ -121.89714, 37.63744 ], [ -121.89714, 37.6418 ], [ -121.89372, 37.63946 ], [ -121.89328, 37.63973 ], [ -121.89781, 37.64391 ], [ -121.89685, 37.64452 ], [ -121.89774, 37.64759 ], [ -121.90205, 37.65356 ], [ -121.90123, 37.65457 ], [ -121.90416, 37.65579 ], [ -121.90511, 37.65537 ], [ -121.90647, 37.6616 ], [ -121.90908, 37.66593 ], [ -121.91101, 37.67153 ], [ -121.89838, 37.67685 ], [ -121.8953, 37.67493 ], [ -121.8942, 37.67661 ], [ -121.89342, 37.67676 ], [ -121.89583, 37.67672 ], [ -121.89628, 37.6777 ], [ -121.88418, 37.68351 ], [ -121.88684, 37.68625 ], [ -121.87815, 37.68889 ], [ -121.87731, 37.68615 ], [ -121.87121, 37.68192 ], [ -121.86892, 37.68192 ], [ -121.86641, 37.67979 ], [ -121.86672, 37.67866 ], [ -121.86389, 37.67659 ], [ -121.8613, 37.67897 ], [ -121.86, 37.6783 ], [ -121.85998, 37.68202 ], [ -121.86265, 37.682 ], [ -121.86258, 37.69131 ], [ -121.85424, 37.69124 ], [ -121.85424, 37.69376 ], [ -121.84913, 37.69369 ], [ -121.84877, 37.68076 ], [ -121.85, 37.67955 ], [ -121.85043, 37.67586 ], [ -121.8468, 37.67577 ], [ -121.83754, 37.67886 ], [ -121.83758, 37.67317 ], [ -121.82677, 37.67434 ], [ -121.82674, 37.67384 ], [ -121.82373, 37.67415 ], [ -121.82373, 37.67345 ], [ -121.82629, 37.67279 ], [ -121.82538, 37.67049 ], [ -121.82508, 37.67111 ], [ -121.82376, 37.67108 ], [ -121.8238, 37.66249 ], [ -121.80608, 37.65555 ], [ -121.80567, 37.65097 ], [ -121.80454, 37.64759 ], [ -121.79986, 37.64243 ], [ -121.79905, 37.64032 ], [ -121.79957, 37.63672 ], [ -121.80151, 37.63545 ], [ -121.80207, 37.63398 ], [ -121.80228, 37.62947 ], [ -121.80782, 37.62568 ], [ -121.80889, 37.62413 ], [ -121.81021, 37.62499 ], [ -121.8114, 37.62364 ], [ -121.87992, 37.62353 ], [ -121.87979, 37.62172 ], [ -121.87702, 37.61625 ], [ -121.88184, 37.61513 ], [ -121.88442, 37.61523 ], [ -121.88401, 37.61624 ], [ -121.88639, 37.61675 ], [ -121.88669, 37.61985 ], [ -121.88923, 37.61902 ], [ -121.88874, 37.61743 ], [ -121.88977, 37.61484 ], [ -121.88956, 37.61237 ], [ -121.89226, 37.61572 ], [ -121.89599, 37.61711 ], [ -121.89755, 37.61503 ], [ -121.89906, 37.61635 ], [ -121.90232, 37.62188 ], [ -121.9073, 37.62568 ], [ -121.90955, 37.62652 ], [ -121.91225, 37.62986 ], [ -121.91279, 37.63249 ] ] ] } },
{ "type": "Feature", "properties": { "zip_code": "94569", "county": "Contra Costa", "band": 45.0, "band_source": "routed", "drive_min": 31.7, "distance_mi": 20.6, "memberships": 0, "regular": null, "associate": null, "median_age": null, "age_note": null, "pt_lon": -122.18219, "pt_lat": 38.04155 }, "geometry": { "type": "Polygon", "coordinates": [ [ [ -122.2059, 38.04929 ], [ -122.2029, 38.05399 ], [ -122.19003, 38.05219 ], [ -122.18396, 38.04882 ], [ -122.18254, 38.04693 ], [ -122.17886, 38.04462 ], [ -122.17476, 38.0388 ], [ -122.17344, 38.03476 ], [ -122.17431, 38.03458 ], [ -122.17467, 38.03597 ], [ -122.17707, 38.0363 ], [ -122.17942, 38.03566 ], [ -122.18062, 38.03793 ], [ -122.18309, 38.03845 ], [ -122.18257, 38.03949 ], [ -122.184, 38.04095 ], [ -122.18598, 38.04092 ], [ -122.18867, 38.04203 ], [ -122.19244, 38.04112 ], [ -122.19499, 38.03635 ], [ -122.19424, 38.03446 ], [ -122.19127, 38.03228 ], [ -122.19121, 38.03119 ], [ -122.1895, 38.03078 ], [ -122.18776, 38.02919 ], [ -122.1922, 38.03002 ], [ -122.19408, 38.02868 ], [ -122.1959, 38.03049 ], [ -122.19523, 38.03242 ], [ -122.19734, 38.03474 ], [ -122.19729, 38.03896 ], [ -122.20181, 38.04137 ], [ -122.20445, 38.04481 ], [ -122.20583, 38.04546 ], [ -122.2059, 38.04929 ] ] ] } },
{ "type": "Feature", "properties": { "zip_code": "94523", "county": "Contra Costa", "band": 45.0, "band_source": "routed", "drive_min": 39.8, "distance_mi": 25.4, "memberships": 3, "regular": null, "associate": null, "median_age": null, "age_note": "suppressed", "pt_lon": -122.07771, "pt_lat": 37.95445 }, "geometry": { "type": "Polygon", "coordinates": [ [ [ -122.10437, 37.97273 ], [ -122.0999, 37.97596 ], [ -122.07782, 37.97615 ], [ -122.07713, 37.97936 ], [ -122.07659, 37.97885 ], [ -122.07619, 37.97935 ], [ -122.07709, 37.98135 ], [ -122.07891, 37.9815 ], [ -122.0773, 37.98239 ], [ -122.07408, 37.98121 ], [ -122.06597, 37.98184 ], [ -122.06404, 37.97405 ], [ -122.06285, 37.97372 ], [ -122.06071, 37.97066 ], [ -122.06318, 37.97034 ], [ -122.06171, 37.96242 ], [ -122.05618, 37.96607 ], [ -122.05255, 37.95872 ], [ -122.05443, 37.95396 ], [ -122.05164, 37.94755 ], [ -122.04978, 37.94547 ], [ -122.04979, 37.94268 ], [ -122.05139, 37.94277 ], [ -122.0518, 37.94042 ], [ -122.05297, 37.94047 ], [ -122.05302, 37.93669 ], [ -122.05502, 37.93669 ], [ -122.05453, 37.93946 ], [ -122.05616, 37.93852 ], [ -122.05965, 37.93854 ], [ -122.05897, 37.93666 ], [ -122.05688, 37.93667 ], [ -122.05684, 37.93472 ], [ -122.05344, 37.93477 ], [ -122.05367, 37.93322 ], [ -122.05444, 37.93322 ], [ -122.05405, 37.93198 ], [ -122.05499, 37.93253 ], [ -122.05847, 37.93257 ], [ -122.06005, 37.93332 ], [ -122.06008, 37.93169 ], [ -122.06153, 37.93233 ], [ -122.0735, 37.93334 ], [ -122.07351, 37.92634 ], [ -122.08586, 37.92615 ], [ -122.088, 37.92526 ], [ -122.08875, 37.92726 ], [ -122.08645, 37.92786 ], [ -122.08675, 37.93186 ], [ -122.08843, 37.93187 ], [ -122.09069, 37.9354 ], [ -122.08958, 37.93676 ], [ -122.08988, 37.94086 ], [ -122.09321, 37.94082 ], [ -122.09468, 37.94319 ], [ -122.09802, 37.9436 ], [ -122.09806, 37.94563 ], [ -122.09674, 37.94704 ], [ -122.09849, 37.94744 ], [ -122.10092, 37.95061 ], [ -122.09893, 37.95188 ], [ -122.10239, 37.95498 ], [ -122.09322, 37.95506 ], [ -122.09116, 37.95651 ], [ -122.09235, 37.95995 ], [ -122.09401, 37.96021 ], [ -122.09883, 37.96712 ], [ -122.10231, 37.96983 ], [ -122.10201, 37.97151 ], [ -122.10437, 37.97273 ] ] ] } },
{ "type": "Feature", "properties": { "zip_code": "94577", "county": "Alameda", "band": 45.0, "band_source": "routed", "drive_min": 37.8, "distance_mi": 23.4, "memberships": 1, "regular": null, "associate": null, "median_age": null, "age_note": "suppressed", "pt_lon": -122.17129, "pt_lat": 37.71567 }, "geometry": { "type": "Polygon", "coordinates": [ [ [ -122.20973, 37.71109 ], [ -122.2021, 37.71302 ], [ -122.19703, 37.71583 ], [ -122.19427, 37.71591 ], [ -122.19471, 37.71754 ], [ -122.1934, 37.71783 ], [ -122.1929, 37.71673 ], [ -122.18914, 37.71781 ], [ -122.19675, 37.72413 ], [ -122.19805, 37.72623 ], [ -122.19614, 37.72601 ], [ -122.19193, 37.72729 ], [ -122.1903, 37.72886 ], [ -122.18646, 37.72759 ], [ -122.18331, 37.72557 ], [ -122.1758, 37.72523 ], [ -122.17434, 37.72665 ], [ -122.1704, 37.72776 ], [ -122.17404, 37.73119 ], [ -122.1701, 37.73206 ], [ -122.17156, 37.735 ], [ -122.16547, 37.73769 ], [ -122.16416, 37.73594 ], [ -122.1605, 37.73761 ], [ -122.14767, 37.74114 ], [ -122.14605, 37.7428 ], [ -122.14077, 37.73728 ], [ -122.13898, 37.73093 ], [ -122.13669, 37.73187 ], [ -122.13444, 37.73431 ], [ -122.13049, 37.73277 ], [ -122.13235, 37.73173 ], [ -122.13123, 37.73043 ], [ -122.12724, 37.72983 ], [ -122.12446, 37.72859 ], [ -122.12217, 37.72939 ], [ -122.12089, 37.72826 ], [ -122.12323, 37.72704 ], [ -122.12649, 37.72758 ], [ -122.12369, 37.7193 ], [ -122.12398, 37.71642 ], [ -122.13115, 37.71491 ], [ -122.13097, 37.71449 ], [ -122.1351, 37.72166 ], [ -122.13651, 37.72108 ], [ -122.14138, 37.7163 ], [ -122.14106, 37.71602 ], [ -122.14326, 37.7176 ], [ -122.14411, 37.71635 ], [ -122.14804, 37.7135 ], [ -122.14889, 37.71352 ], [ -122.14722, 37.71103 ], [ -122.15398, 37.71574 ], [ -122.15559, 37.71508 ], [ -122.14238, 37.70354 ], [ -122.14123, 37.7019 ], [ -122.14421, 37.70106 ], [ -122.14657, 37.70467 ], [ -122.1503, 37.70342 ], [ -122.15232, 37.70573 ], [ -122.15548, 37.70441 ], [ -122.15836, 37.70594 ], [ -122.15923, 37.70716 ], [ -122.16097, 37.70646 ], [ -122.15915, 37.70518 ], [ -122.15959, 37.70484 ], [ -122.15884, 37.70272 ], [ -122.1657, 37.70044 ], [ -122.16264, 37.6952 ], [ -122.16235, 37.69295 ], [ -122.16308, 37.6925 ], [ -122.16237, 37.68917 ], [ -122.16402, 37.69036 ], [ -122.167, 37.69123 ], [ -122.17278, 37.69073 ], [ -122.18409, 37.69101 ], [ -122.18726, 37.6903 ], [ -122.19194, 37.69387 ], [ -122.18957, 37.69474 ], [ -122.18836, 37.69164 ], [ -122.18665, 37.69083 ], [ -122.18553, 37.69146 ], [ -122.18787, 37.69452 ], [ -122.18705, 37.69588 ], [ -122.1889, 37.69528 ], [ -122.18959, 37.69601 ], [ -122.19299, 37.69468 ], [ -122.20155, 37.70502 ], [ -122.20416, 37.7116 ], [ -122.20919, 37.71001 ], [ -122.20973, 37.71109 ] ] ] } },
{ "type": "Feature", "properties": { "zip_code": "94578", "county": "Alameda", "band": 45.0, "band_source": "routed", "drive_min": 32.2, "distance_mi": 25.2, "memberships": 0, "regular": null, "associate": null, "median_age": null, "age_note": null, "pt_lon": -122.12814, "pt_lat": 37.70881 }, "geometry": { "type": "Polygon", "coordinates": [ [ [ -122.15923, 37.70716 ], [ -122.15836, 37.70594 ], [ -122.15548, 37.70441 ], [ -122.15232, 37.70573 ], [ -122.1503, 37.70342 ], [ -122.14657, 37.70467 ], [ -122.14421, 37.70106 ], [ -122.14123, 37.7019 ], [ -122.14238, 37.70354 ], [ -122.15559, 37.71508 ], [ -122.15398, 37.71574 ], [ -122.14722, 37.71103 ], [ -122.14889, 37.71352 ], [ -122.14804, 37.7135 ], [ -122.14411, 37.71635 ], [ -122.14326, 37.7176 ], [ -122.14106, 37.71602 ], [ -122.14138, 37.7163 ], [ -122.13651, 37.72108 ], [ -122.1351, 37.72166 ], [ -122.13097, 37.71449 ], [ -122.13115, 37.71491 ], [ -122.12398, 37.71642 ], [ -122.12369, 37.7193 ], [ -122.12649, 37.72758 ], [ -122.12323, 37.72704 ], [ -122.11931, 37.72905 ], [ -122.11706, 37.72638 ], [ -122.11377, 37.7242 ], [ -122.11292, 37.72257 ], [ -122.11004, 37.72168 ], [ -122.10974, 37.71983 ], [ -122.10525, 37.71575 ], [ -122.1047, 37.71476 ], [ -122.11034, 37.71288 ], [ -122.10836, 37.70983 ], [ -122.10849, 37.70815 ], [ -122.1074, 37.70756 ], [ -122.10616, 37.70796 ], [ -122.10384, 37.70568 ], [ -122.10508, 37.7047 ], [ -122.10384, 37.70322 ], [ -122.10343, 37.70138 ], [ -122.10185, 37.70266 ], [ -122.09883, 37.70241 ], [ -122.09588, 37.69954 ], [ -122.09897, 37.69766 ], [ -122.09853, 37.69686 ], [ -122.10222, 37.6939 ], [ -122.10374, 37.69551 ], [ -122.10442, 37.69545 ], [ -122.10326, 37.69337 ], [ -122.10737, 37.69047 ], [ -122.10594, 37.68931 ], [ -122.11184, 37.68872 ], [ -122.11157, 37.69127 ], [ -122.10988, 37.69207 ], [ -122.11196, 37.69354 ], [ -122.11338, 37.69236 ], [ -122.11433, 37.69521 ], [ -122.11885, 37.69665 ], [ -122.11882, 37.69837 ], [ -122.12106, 37.69965 ], [ -122.12121, 37.69868 ], [ -122.12836, 37.6982 ], [ -122.12953, 37.69728 ], [ -122.12965, 37.6924 ], [ -122.12815, 37.69106 ], [ -122.13722, 37.69006 ], [ -122.16097, 37.70646 ], [ -122.15923, 37.70716 ] ] ] } },
{ "type": "Feature", "properties": { "zip_code": "94580", "county": "Alameda", "band": 45.0, "band_source": "routed", "drive_min": 39.2, "distance_mi": 26.5, "memberships": 0, "regular": null, "associate": null, "median_age": null, "age_note": null, "pt_lon": -122.13066, "pt_lat": 37.68097 }, "geometry": { "type": "Polygon", "coordinates": [ [ [ -122.16205, 37.66756 ], [ -122.15506, 37.67114 ], [ -122.15556, 37.674 ], [ -122.15434, 37.67474 ], [ -122.15472, 37.67516 ], [ -122.14498, 37.67972 ], [ -122.1438, 37.68172 ], [ -122.14072, 37.68409 ], [ -122.13872, 37.68478 ], [ -122.13382, 37.68451 ], [ -122.13103, 37.68507 ], [ -122.129, 37.68439 ], [ -122.13193, 37.68664 ], [ -122.1301, 37.68662 ], [ -122.13013, 37.69112 ], [ -122.12815, 37.69106 ], [ -122.12965, 37.6924 ], [ -122.12953, 37.69728 ], [ -122.12836, 37.6982 ], [ -122.12121, 37.69868 ], [ -122.12106, 37.69965 ], [ -122.11882, 37.69837 ], [ -122.11885, 37.69665 ], [ -122.11433, 37.69521 ], [ -122.11338, 37.69236 ], [ -122.11196, 37.69354 ], [ -122.10988, 37.69207 ], [ -122.11157, 37.69127 ], [ -122.11184, 37.68872 ], [ -122.10554, 37.68903 ], [ -122.11136, 37.68844 ], [ -122.1147, 37.6887 ], [ -122.10845, 37.68444 ], [ -122.11074, 37.68468 ], [ -122.11321, 37.68633 ], [ -122.11942, 37.68526 ], [ -122.11979, 37.68373 ], [ -122.11405, 37.67867 ], [ -122.11867, 37.67571 ], [ -122.12355, 37.67421 ], [ -122.12075, 37.66978 ], [ -122.12307, 37.66813 ], [ -122.1279, 37.66786 ], [ -122.12768, 37.66518 ], [ -122.13447, 37.66457 ], [ -122.13436, 37.6628 ], [ -122.13927, 37.66253 ], [ -122.14375, 37.66335 ], [ -122.14592, 37.66568 ], [ -122.15086, 37.66278 ], [ -122.15243, 37.66395 ], [ -122.16011, 37.66384 ], [ -122.16205, 37.66756 ] ] ] } },
{ "type": "Feature", "properties": { "zip_code": "94583", "county": "Contra Costa", "band": 60.0, "band_source": "routed", "drive_min": 51.6, "distance_mi": 37.8, "memberships": 1, "regular": null, "associate": null, "median_age": null, "age_note": "suppressed", "pt_lon": -121.99701, "pt_lat": 37.78125 }, "geometry": { "type": "Polygon", "coordinates": [ [ [ -122.07067, 37.83556 ], [ -122.06142, 37.83561 ], [ -122.06157, 37.84298 ], [ -122.04788, 37.8422 ], [ -122.04788, 37.83876 ], [ -122.04331, 37.83846 ], [ -122.04331, 37.83751 ], [ -122.03783, 37.83771 ], [ -122.0362, 37.83711 ], [ -122.02659, 37.82789 ], [ -122.02594, 37.82786 ], [ -122.02508, 37.82579 ], [ -122.02855, 37.82765 ], [ -122.02863, 37.82518 ], [ -122.02482, 37.82524 ], [ -122.02394, 37.82357 ], [ -122.026, 37.8236 ], [ -122.02608, 37.80906 ], [ -122.01503, 37.80906 ], [ -122.01463, 37.80844 ], [ -122.00744, 37.80835 ], [ -122.0072, 37.80944 ], [ -122.00379, 37.81061 ], [ -122.00083, 37.80971 ], [ -122.00239, 37.8083 ], [ -122.0057, 37.8083 ], [ -122.00544, 37.79329 ], [ -121.9937, 37.79367 ], [ -121.99383, 37.79062 ], [ -121.99281, 37.787 ], [ -121.99214, 37.78738 ], [ -121.9912, 37.78644 ], [ -121.98075, 37.78667 ], [ -121.98052, 37.7872 ], [ -121.97647, 37.77993 ], [ -121.96864, 37.78295 ], [ -121.96688, 37.78049 ], [ -121.96446, 37.78146 ], [ -121.95536, 37.76898 ], [ -121.94415, 37.75975 ], [ -121.94086, 37.75794 ], [ -121.94045, 37.75621 ], [ -121.93848, 37.75354 ], [ -121.93283, 37.74774 ], [ -121.93108, 37.74482 ], [ -121.9293, 37.74472 ], [ -121.92949, 37.74383 ], [ -121.92477, 37.73785 ], [ -121.92281, 37.73795 ], [ -121.92002, 37.73582 ], [ -121.91737, 37.7289 ], [ -121.96004, 37.71853 ], [ -121.97194, 37.73032 ], [ -121.9801, 37.73111 ], [ -121.9881, 37.73315 ], [ -121.99543, 37.73835 ], [ -121.9995, 37.73843 ], [ -122.00107, 37.73903 ], [ -122.01177, 37.74743 ], [ -122.01129, 37.75417 ], [ -122.01077, 37.75513 ], [ -121.99741, 37.76336 ], [ -122.01407, 37.78023 ], [ -122.01777, 37.78123 ], [ -122.02197, 37.78423 ], [ -122.03047, 37.78773 ], [ -122.04327, 37.79663 ], [ -122.04317, 37.79916 ], [ -122.04412, 37.80062 ], [ -122.04281, 37.80197 ], [ -122.04642, 37.80395 ], [ -122.04674, 37.80533 ], [ -122.04784, 37.80568 ], [ -122.05049, 37.80968 ], [ -122.04778, 37.81207 ], [ -122.04631, 37.81257 ], [ -122.0443, 37.81212 ], [ -122.05464, 37.82106 ], [ -122.06147, 37.82346 ], [ -122.06321, 37.8258 ], [ -122.06702, 37.82852 ], [ -122.07078, 37.82877 ], [ -122.07067, 37.83556 ] ] ] } },
{ "type": "Feature", "properties": { "zip_code": "94530", "county": "Contra Costa", "band": 30.0, "band_source": "routed", "drive_min": 19.5, "distance_mi": 8.6, "memberships": 14, "regular": 14.0, "associate": 0.0, "median_age": 67.0, "age_note": null, "pt_lon": -122.30082, "pt_lat": 37.92288 }, "geometry": { "type": "Polygon", "coordinates": [ [ [ -122.32317, 37.93089 ], [ -122.32038, 37.93112 ], [ -122.32032, 37.93834 ], [ -122.30357, 37.9382 ], [ -122.30319, 37.93912 ], [ -122.3076, 37.94273 ], [ -122.31107, 37.9436 ], [ -122.3119, 37.94513 ], [ -122.31132, 37.94673 ], [ -122.30577, 37.94199 ], [ -122.30193, 37.94082 ], [ -122.29873, 37.93718 ], [ -122.29198, 37.93452 ], [ -122.29152, 37.93338 ], [ -122.28899, 37.93368 ], [ -122.28003, 37.92242 ], [ -122.27856, 37.92001 ], [ -122.27937, 37.91961 ], [ -122.2713, 37.91406 ], [ -122.27253, 37.91192 ], [ -122.27337, 37.91105 ], [ -122.2785, 37.91532 ], [ -122.28121, 37.9187 ], [ -122.28255, 37.9189 ], [ -122.28908, 37.91425 ], [ -122.28718, 37.90991 ], [ -122.28906, 37.90908 ], [ -122.28846, 37.90562 ], [ -122.29104, 37.90415 ], [ -122.28865, 37.9036 ], [ -122.28817, 37.89783 ], [ -122.28988, 37.89755 ], [ -122.29621, 37.89892 ], [ -122.29965, 37.8981 ], [ -122.30218, 37.89852 ], [ -122.30541, 37.89816 ], [ -122.30721, 37.90142 ], [ -122.3067, 37.90157 ], [ -122.30705, 37.9025 ], [ -122.30853, 37.90095 ], [ -122.30989, 37.90202 ], [ -122.30586, 37.9038 ], [ -122.30553, 37.90545 ], [ -122.31077, 37.91357 ], [ -122.3124, 37.91467 ], [ -122.31194, 37.916 ], [ -122.31485, 37.91908 ], [ -122.32069, 37.91924 ], [ -122.3207, 37.9273 ], [ -122.32317, 37.93089 ] ] ] } },
{ "type": "Feature", "properties": { "zip_code": "94531", "county": "Contra Costa", "band": 60.0, "band_source": "routed", "drive_min": 56.5, "distance_mi": 43.8, "memberships": 0, "regular": null, "associate": null, "median_age": null, "age_note": null, "pt_lon": -121.78713, "pt_lat": 37.95837 }, "geometry": { "type": "Polygon", "coordinates": [ [ [ -121.82312, 37.95985 ], [ -121.82178, 37.96281 ], [ -121.82241, 37.96534 ], [ -121.81279, 37.96546 ], [ -121.80823, 37.96747 ], [ -121.80546, 37.96757 ], [ -121.8049, 37.97361 ], [ -121.80315, 37.97621 ], [ -121.80442, 37.97739 ], [ -121.80356, 37.97809 ], [ -121.79653, 37.97144 ], [ -121.78591, 37.96806 ], [ -121.78502, 37.96956 ], [ -121.78223, 37.97121 ], [ -121.78597, 37.97591 ], [ -121.78642, 37.97783 ], [ -121.78611, 37.97898 ], [ -121.78423, 37.98078 ], [ -121.78383, 37.98242 ], [ -121.78539, 37.9848 ], [ -121.78569, 37.98731 ], [ -121.78758, 37.98731 ], [ -121.78758, 37.99035 ], [ -121.78459, 37.99016 ], [ -121.7839, 37.99294 ], [ -121.78534, 37.99612 ], [ -121.77146, 37.9937 ], [ -121.76177, 37.99031 ], [ -121.7551, 37.9899 ], [ -121.75185, 37.98846 ], [ -121.75026, 37.98704 ], [ -121.73941, 37.97135 ], [ -121.73941, 37.96669 ], [ -121.74322, 37.96169 ], [ -121.7508, 37.96176 ], [ -121.75102, 37.93257 ], [ -121.75549, 37.93254 ], [ -121.75553, 37.92528 ], [ -121.77811, 37.92527 ], [ -121.77862, 37.92085 ], [ -121.78496, 37.9219 ], [ -121.80469, 37.92994 ], [ -121.80469, 37.9324 ], [ -121.81274, 37.9324 ], [ -121.82206, 37.93553 ], [ -121.82217, 37.93749 ], [ -121.82404, 37.93836 ], [ -121.82404, 37.9389 ], [ -121.8054, 37.939 ], [ -121.8054, 37.93938 ], [ -121.80249, 37.93954 ], [ -121.8066, 37.94574 ], [ -121.80542, 37.94741 ], [ -121.80529, 37.95059 ], [ -121.80422, 37.95196 ], [ -121.803, 37.95219 ], [ -121.8037, 37.95342 ], [ -121.80539, 37.95387 ], [ -121.82235, 37.95375 ], [ -121.82405, 37.95459 ], [ -121.82312, 37.95985 ] ] ] } },
{ "type": "Feature", "properties": { "zip_code": "94533", "county": "Solano", "band": 60.0, "band_source": "routed", "drive_min": 51.0, "distance_mi": 38.3, "memberships": 0, "regular": null, "associate": null, "median_age": null, "age_note": null, "pt_lon": -122.00409, "pt_lat": 38.27635 }, "geometry": { "type": "Polygon", "coordinates": [ [ [ -122.08659, 38.24229 ], [ -122.07081, 38.24868 ], [ -122.06952, 38.24978 ], [ -122.03438, 38.29161 ], [ -122.03342, 38.30889 ], [ -122.03238, 38.31418 ], [ -122.02388, 38.32508 ], [ -122.02265, 38.32432 ], [ -122.01009, 38.32422 ], [ -122.01093, 38.31577 ], [ -121.99903, 38.31575 ], [ -121.99757, 38.31481 ], [ -121.9973, 38.31272 ], [ -121.99506, 38.31169 ], [ -121.99317, 38.31188 ], [ -121.9888, 38.31436 ], [ -121.98542, 38.31288 ], [ -121.97921, 38.31367 ], [ -121.97671, 38.31569 ], [ -121.96505, 38.31574 ], [ -121.9617, 38.31456 ], [ -121.95856, 38.31176 ], [ -121.95397, 38.30911 ], [ -121.9514, 38.30884 ], [ -121.95151, 38.30583 ], [ -121.9505, 38.3049 ], [ -121.94745, 38.30463 ], [ -121.94722, 38.30147 ], [ -121.93375, 38.3013 ], [ -121.933, 38.28672 ], [ -121.95088, 38.28676 ], [ -121.95115, 38.28228 ], [ -121.95234, 38.28229 ], [ -121.95233, 38.28302 ], [ -121.95893, 38.28299 ], [ -121.96051, 38.27937 ], [ -121.9606, 38.27237 ], [ -121.95972, 38.27409 ], [ -121.95632, 38.27405 ], [ -121.95633, 38.2735 ], [ -121.95122, 38.27388 ], [ -121.95126, 38.2718 ], [ -121.959, 38.27181 ], [ -121.95945, 38.26777 ], [ -121.9607, 38.26795 ], [ -121.96126, 38.27157 ], [ -121.96675, 38.27124 ], [ -121.9668, 38.26809 ], [ -121.96496, 38.26684 ], [ -121.98806, 38.26872 ], [ -121.98823, 38.25301 ], [ -122.0061, 38.25333 ], [ -122.00673, 38.26264 ], [ -122.00734, 38.26385 ], [ -122.01803, 38.2581 ], [ -122.01998, 38.25807 ], [ -122.01996, 38.25691 ], [ -122.03798, 38.24674 ], [ -122.04115, 38.24379 ], [ -122.04567, 38.23585 ], [ -122.05368, 38.23598 ], [ -122.064, 38.23096 ], [ -122.07116, 38.2291 ], [ -122.07107, 38.23274 ], [ -122.06665, 38.23501 ], [ -122.07022, 38.235 ], [ -122.07123, 38.23678 ], [ -122.07496, 38.23503 ], [ -122.07901, 38.23419 ], [ -122.07902, 38.23678 ], [ -122.07331, 38.23859 ], [ -122.07109, 38.23865 ], [ -122.0711, 38.24009 ], [ -122.08412, 38.23967 ], [ -122.08442, 38.2408 ], [ -122.08659, 38.24229 ] ] ] } },
{ "type": "Feature", "properties": { "zip_code": "94538", "county": "Alameda", "band": 60.0, "band_source": "routed", "drive_min": 54.4, "distance_mi": 42.0, "memberships": 0, "regular": null, "associate": null, "median_age": null, "age_note": null, "pt_lon": -121.96984, "pt_lat": 37.50799 }, "geometry": { "type": "Polygon", "coordinates": [ [ [ -122.00254, 37.53253 ], [ -122.0015, 37.53374 ], [ -122.0021, 37.53546 ], [ -122.0005, 37.53738 ], [ -121.99852, 37.53637 ], [ -121.99789, 37.53711 ], [ -121.99862, 37.53749 ], [ -121.99354, 37.54288 ], [ -121.98902, 37.54889 ], [ -121.9878, 37.54943 ], [ -121.98847, 37.55057 ], [ -121.98735, 37.55 ], [ -121.98219, 37.55636 ], [ -121.9833, 37.55695 ], [ -121.98213, 37.55956 ], [ -121.98111, 37.55905 ], [ -121.97944, 37.55966 ], [ -121.97872, 37.5606 ], [ -121.98034, 37.56135 ], [ -121.98041, 37.56413 ], [ -121.97854, 37.56409 ], [ -121.97849, 37.56064 ], [ -121.98152, 37.55686 ], [ -121.97604, 37.55411 ], [ -121.97286, 37.55807 ], [ -121.96796, 37.56123 ], [ -121.96634, 37.5596 ], [ -121.96226, 37.56196 ], [ -121.96087, 37.56144 ], [ -121.96114, 37.55848 ], [ -121.96288, 37.55822 ], [ -121.96369, 37.55872 ], [ -121.96426, 37.55814 ], [ -121.96184, 37.55745 ], [ -121.95878, 37.55952 ], [ -121.95686, 37.54717 ], [ -121.95441, 37.5383 ], [ -121.95363, 37.52922 ], [ -121.94532, 37.51278 ], [ -121.94276, 37.51383 ], [ -121.94525, 37.51268 ], [ -121.9411, 37.50463 ], [ -121.9432, 37.50401 ], [ -121.94104, 37.50452 ], [ -121.93213, 37.48725 ], [ -121.93087, 37.48586 ], [ -121.91924, 37.46218 ], [ -121.91729, 37.46279 ], [ -121.9171, 37.45847 ], [ -121.92504, 37.45419 ], [ -121.9279, 37.45535 ], [ -121.92756, 37.45693 ], [ -121.92844, 37.45739 ], [ -121.93207, 37.45528 ], [ -121.93266, 37.45692 ], [ -121.93113, 37.45739 ], [ -121.93147, 37.46091 ], [ -121.93412, 37.46033 ], [ -121.93514, 37.46084 ], [ -121.93499, 37.46246 ], [ -121.93603, 37.46293 ], [ -121.9389, 37.46239 ], [ -121.94109, 37.46495 ], [ -121.94378, 37.46546 ], [ -121.94424, 37.46853 ], [ -121.94491, 37.46916 ], [ -121.94709, 37.46742 ], [ -121.94617, 37.46395 ], [ -121.94813, 37.46184 ], [ -121.95192, 37.46146 ], [ -121.95931, 37.46351 ], [ -121.9666, 37.46312 ], [ -121.96755, 37.46402 ], [ -121.96697, 37.46761 ], [ -121.95804, 37.47057 ], [ -121.96749, 37.4679 ], [ -121.97397, 37.46992 ], [ -121.97338, 37.47752 ], [ -121.97388, 37.48019 ], [ -121.97597, 37.483 ], [ -121.99785, 37.50424 ], [ -121.99482, 37.51383 ], [ -121.98777, 37.52243 ], [ -122.00236, 37.52977 ], [ -122.00163, 37.53175 ], [ -122.00254, 37.53253 ] ], [ [ -121.9696, 37.55878 ], [ -121.96844, 37.55942 ], [ -121.969, 37.56012 ], [ -121.9701, 37.55952 ], [ -121.9696, 37.55878 ] ] ] } },
{ "type": "Feature", "properties": { "zip_code": "94590", "county": "Solano", "band": 30.0, "band_source": "routed", "drive_min": 29.7, "distance_mi": 19.5, "memberships": 1, "regular": null, "associate": null, "median_age": null, "age_note": "suppressed", "pt_lon": -122.24543, "pt_lat": 38.096 }, "geometry": { "type": "Polygon", "coordinates": [ [ [ -122.27997, 38.08094 ], [ -122.27351, 38.08444 ], [ -122.27277, 38.08571 ], [ -122.27401, 38.08707 ], [ -122.27203, 38.08817 ], [ -122.27171, 38.08628 ], [ -122.26807, 38.08143 ], [ -122.26782, 38.08021 ], [ -122.26932, 38.07943 ], [ -122.26568, 38.07543 ], [ -122.26238, 38.07556 ], [ -122.25784, 38.07333 ], [ -122.25343, 38.0737 ], [ -122.25122, 38.06943 ], [ -122.25176, 38.07175 ], [ -122.24807, 38.07664 ], [ -122.24707, 38.07577 ], [ -122.25383, 38.08481 ], [ -122.25579, 38.08546 ], [ -122.25589, 38.08724 ], [ -122.25822, 38.08647 ], [ -122.26102, 38.08913 ], [ -122.2588, 38.09022 ], [ -122.26114, 38.09244 ], [ -122.25921, 38.0937 ], [ -122.27422, 38.11109 ], [ -122.27192, 38.11196 ], [ -122.27248, 38.11354 ], [ -122.27106, 38.11354 ], [ -122.27616, 38.12074 ], [ -122.27593, 38.12205 ], [ -122.27205, 38.12375 ], [ -122.26319, 38.13125 ], [ -122.26112, 38.13065 ], [ -122.25606, 38.13175 ], [ -122.25535, 38.12599 ], [ -122.25341, 38.12617 ], [ -122.2535, 38.12747 ], [ -122.24925, 38.12815 ], [ -122.24797, 38.12262 ], [ -122.24415, 38.12328 ], [ -122.23709, 38.12223 ], [ -122.22983, 38.12315 ], [ -122.22979, 38.09478 ], [ -122.23032, 38.09158 ], [ -122.23283, 38.08523 ], [ -122.2332, 38.08076 ], [ -122.23186, 38.0764 ], [ -122.22583, 38.06749 ], [ -122.22518, 38.06101 ], [ -122.24411, 38.06379 ], [ -122.26535, 38.05992 ], [ -122.26798, 38.06022 ], [ -122.27098, 38.06753 ], [ -122.26896, 38.06746 ], [ -122.26845, 38.07082 ], [ -122.26936, 38.07261 ], [ -122.27226, 38.07627 ], [ -122.27586, 38.07919 ], [ -122.27997, 38.08094 ] ] ] } },
{ "type": "Feature", "properties": { "zip_code": "94542", "county": "Alameda", "band": 60.0, "band_source": "routed", "drive_min": 49.5, "distance_mi": 32.1, "memberships": 0, "regular": null, "associate": null, "median_age": null, "age_note": null, "pt_lon": -122.03257, "pt_lat": 37.65496 }, "geometry": { "type": "Polygon", "coordinates": [ [ [ -122.07676, 37.66548 ], [ -122.07278, 37.66738 ], [ -122.06639, 37.66672 ], [ -122.06292, 37.66522 ], [ -122.05923, 37.66638 ], [ -122.0563, 37.66578 ], [ -122.0529, 37.66693 ], [ -122.04632, 37.66476 ], [ -122.04087, 37.66532 ], [ -122.04038, 37.67179 ], [ -122.04216, 37.67179 ], [ -122.0429, 37.67359 ], [ -122.0501, 37.67139 ], [ -122.05459, 37.67367 ], [ -122.05233, 37.674 ], [ -122.04903, 37.67709 ], [ -122.04701, 37.67761 ], [ -122.04135, 37.68099 ], [ -122.04078, 37.67937 ], [ -122.0316, 37.67885 ], [ -122.02941, 37.67687 ], [ -122.02986, 37.6758 ], [ -122.03209, 37.67526 ], [ -122.03126, 37.67462 ], [ -122.02925, 37.67482 ], [ -122.02896, 37.6769 ], [ -122.03148, 37.67887 ], [ -122.02813, 37.67919 ], [ -122.02279, 37.67248 ], [ -122.02042, 37.67427 ], [ -122.01342, 37.67473 ], [ -122.0058, 37.67302 ], [ -122.00993, 37.66635 ], [ -122.00387, 37.66275 ], [ -122.00087, 37.66223 ], [ -122.00078, 37.65852 ], [ -121.99673, 37.65859 ], [ -121.99616, 37.65048 ], [ -121.98662, 37.6507 ], [ -121.98659, 37.63415 ], [ -121.99039, 37.63341 ], [ -121.99134, 37.63082 ], [ -121.99615, 37.63151 ], [ -121.99889, 37.63042 ], [ -121.99911, 37.62903 ], [ -122.00229, 37.6272 ], [ -122.00509, 37.62748 ], [ -122.00659, 37.62706 ], [ -122.00816, 37.62859 ], [ -122.01402, 37.63169 ], [ -122.01109, 37.63365 ], [ -122.01535, 37.63426 ], [ -122.01985, 37.63708 ], [ -122.0188, 37.63973 ], [ -122.0162, 37.64261 ], [ -122.01957, 37.64631 ], [ -122.02254, 37.64751 ], [ -122.02509, 37.64719 ], [ -122.02832, 37.64784 ], [ -122.03102, 37.6456 ], [ -122.03597, 37.64553 ], [ -122.03954, 37.64674 ], [ -122.04483, 37.64737 ], [ -122.04956, 37.6465 ], [ -122.05546, 37.65069 ], [ -122.05975, 37.64964 ], [ -122.06224, 37.64992 ], [ -122.06312, 37.6487 ], [ -122.0646, 37.64827 ], [ -122.07131, 37.65817 ], [ -122.072, 37.6578 ], [ -122.07802, 37.6655 ], [ -122.07676, 37.66548 ] ] ] } },
{ "type": "Feature", "properties": { "zip_code": "94592", "county": "Solano", "band": 45.0, "band_source": "routed", "drive_min": 37.0, "distance_mi": 27.1, "memberships": 0, "regular": null, "associate": null, "median_age": null, "age_note": null, "pt_lon": -122.28666, "pt_lat": 38.11294 }, "geometry": { "type": "Polygon", "coordinates": [ [ [ -122.399, 38.15429 ], [ -122.38643, 38.15165 ], [ -122.39541, 38.15376 ], [ -122.39544, 38.15557 ], [ -122.37624, 38.15575 ], [ -122.36842, 38.15335 ], [ -122.36831, 38.15454 ], [ -122.37092, 38.15568 ], [ -122.36691, 38.15562 ], [ -122.36717, 38.1532 ], [ -122.36611, 38.15227 ], [ -122.36382, 38.15277 ], [ -122.36199, 38.15564 ], [ -122.35101, 38.15559 ], [ -122.34279, 38.15451 ], [ -122.33983, 38.15542 ], [ -122.33553, 38.15542 ], [ -122.33754, 38.15239 ], [ -122.33703, 38.14954 ], [ -122.33555, 38.14923 ], [ -122.33422, 38.14762 ], [ -122.3337, 38.14516 ], [ -122.33091, 38.14282 ], [ -122.32843, 38.13853 ], [ -122.328, 38.13547 ], [ -122.32733, 38.13507 ], [ -122.32314, 38.13548 ], [ -122.3212, 38.13671 ], [ -122.31985, 38.13908 ], [ -122.31758, 38.13889 ], [ -122.31534, 38.13656 ], [ -122.31015, 38.1353 ], [ -122.30779, 38.13248 ], [ -122.30727, 38.13005 ], [ -122.3054, 38.12833 ], [ -122.29956, 38.12731 ], [ -122.30056, 38.12476 ], [ -122.29826, 38.12333 ], [ -122.29138, 38.12141 ], [ -122.2849, 38.12111 ], [ -122.28347, 38.11983 ], [ -122.28439, 38.11939 ], [ -122.28283, 38.11854 ], [ -122.27978, 38.11273 ], [ -122.27783, 38.11051 ], [ -122.27797, 38.11154 ], [ -122.26595, 38.09736 ], [ -122.26841, 38.09766 ], [ -122.26494, 38.09629 ], [ -122.26685, 38.09626 ], [ -122.26374, 38.09464 ], [ -122.26427, 38.09363 ], [ -122.26307, 38.09431 ], [ -122.2588, 38.09022 ], [ -122.26102, 38.08913 ], [ -122.25822, 38.08647 ], [ -122.25589, 38.08724 ], [ -122.25579, 38.08546 ], [ -122.25383, 38.08481 ], [ -122.24707, 38.07577 ], [ -122.24807, 38.07664 ], [ -122.25176, 38.07175 ], [ -122.25122, 38.06943 ], [ -122.25343, 38.0737 ], [ -122.25784, 38.07333 ], [ -122.26238, 38.07556 ], [ -122.26567, 38.07543 ], [ -122.26932, 38.07943 ], [ -122.26782, 38.08021 ], [ -122.26807, 38.08143 ], [ -122.27171, 38.08628 ], [ -122.27203, 38.08817 ], [ -122.27401, 38.08707 ], [ -122.27277, 38.08571 ], [ -122.27351, 38.08444 ], [ -122.27997, 38.08094 ], [ -122.28169, 38.08391 ], [ -122.28759, 38.08995 ], [ -122.29696, 38.10209 ], [ -122.30147, 38.10553 ], [ -122.29427, 38.11218 ], [ -122.29026, 38.11461 ], [ -122.28838, 38.11692 ], [ -122.28891, 38.11742 ], [ -122.30226, 38.1177 ], [ -122.30517, 38.1184 ], [ -122.33855, 38.13268 ], [ -122.37523, 38.14599 ], [ -122.38635, 38.15136 ], [ -122.39906, 38.15415 ], [ -122.40347, 38.15546 ], [ -122.399, 38.15429 ] ], [ [ -122.38069, 38.14917 ], [ -122.38431, 38.15115 ], [ -122.38643, 38.15165 ], [ -122.38069, 38.14917 ] ] ] } },
{ "type": "Feature", "properties": { "zip_code": "94596", "county": "Contra Costa", "band": 45.0, "band_source": "routed", "drive_min": 42.2, "distance_mi": 28.4, "memberships": 8, "regular": 8.0, "associate": 0.0, "median_age": 71.0, "age_note": null, "pt_lon": -122.03392, "pt_lat": 37.89229 }, "geometry": { "type": "Polygon", "coordinates": [ [ [ -122.07088, 37.89812 ], [ -122.0694, 37.90533 ], [ -122.06625, 37.91463 ], [ -122.06408, 37.91726 ], [ -122.06277, 37.91725 ], [ -122.06371, 37.91177 ], [ -122.06009, 37.91165 ], [ -122.05949, 37.9153 ], [ -122.05802, 37.91531 ], [ -122.058, 37.91711 ], [ -122.05631, 37.91715 ], [ -122.05836, 37.91055 ], [ -122.05781, 37.90708 ], [ -122.05489, 37.90813 ], [ -122.05447, 37.90726 ], [ -122.05208, 37.90806 ], [ -122.05004, 37.90226 ], [ -122.05062, 37.90117 ], [ -122.04936, 37.89955 ], [ -122.04152, 37.90008 ], [ -122.03594, 37.89965 ], [ -122.03256, 37.89479 ], [ -122.03231, 37.89704 ], [ -122.03031, 37.89933 ], [ -122.0303, 37.90076 ], [ -122.03335, 37.90201 ], [ -122.03337, 37.90342 ], [ -122.02957, 37.90242 ], [ -122.02559, 37.90059 ], [ -122.02505, 37.89961 ], [ -122.01922, 37.89831 ], [ -122.00243, 37.8915 ], [ -121.99981, 37.88434 ], [ -122.01488, 37.88053 ], [ -122.01029, 37.87187 ], [ -122.02003, 37.87352 ], [ -122.02016, 37.86647 ], [ -122.02324, 37.86641 ], [ -122.02317, 37.87195 ], [ -122.02605, 37.8734 ], [ -122.02615, 37.86649 ], [ -122.0286, 37.86583 ], [ -122.02893, 37.8679 ], [ -122.03545, 37.86784 ], [ -122.03703, 37.86571 ], [ -122.03879, 37.86872 ], [ -122.0409, 37.86967 ], [ -122.0578, 37.88937 ], [ -122.06972, 37.89539 ], [ -122.07088, 37.89812 ] ] ] } },
{ "type": "Feature", "properties": { "zip_code": "94597", "county": "Contra Costa", "band": 45.0, "band_source": "routed", "drive_min": 40.4, "distance_mi": 27.9, "memberships": 2, "regular": null, "associate": null, "median_age": null, "age_note": "suppressed", "pt_lon": -122.07308, "pt_lat": 37.91863 }, "geometry": { "type": "Polygon", "coordinates": [ [ [ -122.10001, 37.9174 ], [ -122.09177, 37.9173 ], [ -122.09255, 37.92033 ], [ -122.09471, 37.91933 ], [ -122.0965, 37.92075 ], [ -122.09589, 37.92188 ], [ -122.09326, 37.92249 ], [ -122.09245, 37.92083 ], [ -122.09118, 37.92113 ], [ -122.09104, 37.92074 ], [ -122.08952, 37.92143 ], [ -122.08947, 37.92494 ], [ -122.08633, 37.92603 ], [ -122.07351, 37.92634 ], [ -122.0735, 37.93334 ], [ -122.06153, 37.93233 ], [ -122.06008, 37.93169 ], [ -122.06005, 37.93332 ], [ -122.05847, 37.93257 ], [ -122.05499, 37.93253 ], [ -122.05405, 37.93198 ], [ -122.05444, 37.93322 ], [ -122.05367, 37.93322 ], [ -122.05344, 37.93477 ], [ -122.05684, 37.93472 ], [ -122.05688, 37.93667 ], [ -122.05897, 37.93666 ], [ -122.05965, 37.93854 ], [ -122.05616, 37.93852 ], [ -122.05453, 37.93946 ], [ -122.05502, 37.93669 ], [ -122.05302, 37.93669 ], [ -122.05297, 37.94047 ], [ -122.0518, 37.94042 ], [ -122.05229, 37.93758 ], [ -122.05068, 37.938 ], [ -122.04688, 37.93407 ], [ -122.04764, 37.93367 ], [ -122.04766, 37.92901 ], [ -122.04953, 37.9289 ], [ -122.05111, 37.92718 ], [ -122.05104, 37.92646 ], [ -122.0489, 37.92604 ], [ -122.05055, 37.92088 ], [ -122.05387, 37.9198 ], [ -122.05454, 37.91757 ], [ -122.05209, 37.91756 ], [ -122.05198, 37.91541 ], [ -122.05335, 37.91179 ], [ -122.05227, 37.909 ], [ -122.05781, 37.90708 ], [ -122.05836, 37.91055 ], [ -122.05631, 37.91715 ], [ -122.058, 37.91711 ], [ -122.05802, 37.91531 ], [ -122.05949, 37.9153 ], [ -122.06009, 37.91165 ], [ -122.06371, 37.91177 ], [ -122.06277, 37.91725 ], [ -122.06408, 37.91726 ], [ -122.06625, 37.91463 ], [ -122.0694, 37.90533 ], [ -122.07065, 37.89656 ], [ -122.07554, 37.89583 ], [ -122.08472, 37.89778 ], [ -122.09278, 37.89763 ], [ -122.09227, 37.90262 ], [ -122.0907, 37.89978 ], [ -122.08529, 37.89869 ], [ -122.08602, 37.89908 ], [ -122.08387, 37.90057 ], [ -122.08396, 37.90417 ], [ -122.08066, 37.90475 ], [ -122.08064, 37.90641 ], [ -122.08471, 37.90812 ], [ -122.08657, 37.91059 ], [ -122.09906, 37.91021 ], [ -122.09842, 37.91237 ], [ -122.10001, 37.9174 ] ] ] } },
{ "type": "Feature", "properties": { "zip_code": "94546", "county": "Alameda", "band": 60.0, "band_source": "routed", "drive_min": 46.7, "distance_mi": 28.7, "memberships": 2, "regular": null, "associate": null, "median_age": null, "age_note": "suppressed", "pt_lon": -122.088, "pt_lat": 37.74196 }, "geometry": { "type": "Polygon", "coordinates": [ [ [ -122.13663, 37.79684 ], [ -122.13282, 37.79398 ], [ -122.13272, 37.79316 ], [ -122.12785, 37.78808 ], [ -122.12766, 37.78642 ], [ -122.1242, 37.78357 ], [ -122.12282, 37.78128 ], [ -122.11979, 37.77845 ], [ -122.11922, 37.77884 ], [ -122.11633, 37.77651 ], [ -122.11485, 37.77671 ], [ -122.11468, 37.77877 ], [ -122.11735, 37.78194 ], [ -122.12029, 37.78803 ], [ -122.12301, 37.79001 ], [ -122.12358, 37.79418 ], [ -122.12979, 37.79657 ], [ -122.13526, 37.80448 ], [ -122.11381, 37.80273 ], [ -122.11526, 37.79999 ], [ -122.11668, 37.79919 ], [ -122.11913, 37.79411 ], [ -122.12099, 37.79298 ], [ -122.12108, 37.79147 ], [ -122.11852, 37.78947 ], [ -122.11689, 37.78469 ], [ -122.11547, 37.7829 ], [ -122.11264, 37.78707 ], [ -122.10789, 37.78867 ], [ -122.10606, 37.78863 ], [ -122.10344, 37.78714 ], [ -122.10204, 37.78484 ], [ -122.09892, 37.78427 ], [ -122.0964, 37.78494 ], [ -122.09638, 37.78594 ], [ -122.09426, 37.7884 ], [ -122.09312, 37.78849 ], [ -122.09401, 37.78371 ], [ -122.09657, 37.78236 ], [ -122.093, 37.78175 ], [ -122.09223, 37.78021 ], [ -122.09322, 37.77676 ], [ -122.09208, 37.77607 ], [ -122.09119, 37.7739 ], [ -122.08948, 37.77223 ], [ -122.0908, 37.77121 ], [ -122.09407, 37.76433 ], [ -122.09205, 37.76497 ], [ -122.09063, 37.76289 ], [ -122.08876, 37.75632 ], [ -122.08026, 37.74935 ], [ -122.07772, 37.74821 ], [ -122.07747, 37.74976 ], [ -122.07972, 37.74963 ], [ -122.07985, 37.75161 ], [ -122.08099, 37.7532 ], [ -122.08177, 37.75576 ], [ -122.08046, 37.75727 ], [ -122.08144, 37.75851 ], [ -122.08124, 37.75959 ], [ -122.08077, 37.75902 ], [ -122.07934, 37.75993 ], [ -122.0786, 37.7614 ], [ -122.07614, 37.76265 ], [ -122.07033, 37.76182 ], [ -122.06841, 37.76209 ], [ -122.06921, 37.75981 ], [ -122.0683, 37.75885 ], [ -122.06892, 37.75707 ], [ -122.07065, 37.75675 ], [ -122.06775, 37.75617 ], [ -122.0631, 37.75119 ], [ -122.06256, 37.74997 ], [ -122.0636, 37.74916 ], [ -122.06221, 37.74843 ], [ -122.05993, 37.73878 ], [ -122.06169, 37.72955 ], [ -122.06418, 37.72347 ], [ -122.06264, 37.72318 ], [ -122.06308, 37.72092 ], [ -122.06399, 37.72036 ], [ -122.06275, 37.71967 ], [ -122.06326, 37.71794 ], [ -122.06178, 37.7177 ], [ -122.05858, 37.71846 ], [ -122.05993, 37.7147 ], [ -122.05838, 37.7144 ], [ -122.05932, 37.7123 ], [ -122.05779, 37.7112 ], [ -122.05594, 37.71144 ], [ -122.05585, 37.70652 ], [ -122.05656, 37.70417 ], [ -122.0554, 37.70378 ], [ -122.05582, 37.70309 ], [ -122.05447, 37.70157 ], [ -122.05528, 37.69903 ], [ -122.05656, 37.6981 ], [ -122.05703, 37.69506 ], [ -122.05828, 37.69573 ], [ -122.06014, 37.6932 ], [ -122.06233, 37.6926 ], [ -122.06244, 37.69161 ], [ -122.0588, 37.69206 ], [ -122.06216, 37.68589 ], [ -122.06512, 37.68555 ], [ -122.06659, 37.68402 ], [ -122.06828, 37.68491 ], [ -122.06892, 37.68373 ], [ -122.07038, 37.68417 ], [ -122.07092, 37.68353 ], [ -122.07024, 37.68137 ], [ -122.07201, 37.68099 ], [ -122.07322, 37.68198 ], [ -122.07558, 37.67926 ], [ -122.07691, 37.67892 ], [ -122.07705, 37.67963 ], [ -122.07993, 37.68076 ], [ -122.08018, 37.68174 ], [ -122.08376, 37.6815 ], [ -122.08895, 37.68419 ], [ -122.09025, 37.68365 ], [ -122.09629, 37.68804 ], [ -122.09401, 37.69005 ], [ -122.09845, 37.69035 ], [ -122.10105, 37.69175 ], [ -122.10442, 37.69545 ], [ -122.10374, 37.69551 ], [ -122.10222, 37.6939 ], [ -122.09853, 37.69686 ], [ -122.09897, 37.69766 ], [ -122.09588, 37.69954 ], [ -122.09883, 37.70241 ], [ -122.10185, 37.70266 ], [ -122.10343, 37.70138 ], [ -122.10384, 37.70322 ], [ -122.10508, 37.7047 ], [ -122.10384, 37.70568 ], [ -122.10616, 37.70796 ], [ -122.1074, 37.70756 ], [ -122.10849, 37.70815 ], [ -122.10836, 37.70983 ], [ -122.11034, 37.71288 ], [ -122.1047, 37.71476 ], [ -122.10525, 37.71575 ], [ -122.10974, 37.71983 ], [ -122.11004, 37.72168 ], [ -122.11292, 37.72257 ], [ -122.11377, 37.7242 ], [ -122.11706, 37.72638 ], [ -122.11931, 37.72905 ], [ -122.12089, 37.72826 ], [ -122.12217, 37.72939 ], [ -122.12108, 37.7319 ], [ -122.11996, 37.73204 ], [ -122.11509, 37.73528 ], [ -122.1155, 37.74887 ], [ -122.11855, 37.7538 ], [ -122.1183, 37.7552 ], [ -122.11672, 37.75687 ], [ -122.11698, 37.76066 ], [ -122.11938, 37.76412 ], [ -122.12077, 37.76798 ], [ -122.12324, 37.771 ], [ -122.12691, 37.77753 ], [ -122.12464, 37.77753 ], [ -122.1239, 37.77865 ], [ -122.12444, 37.77983 ], [ -122.12563, 37.78085 ], [ -122.12603, 37.78229 ], [ -122.12712, 37.78269 ], [ -122.12901, 37.78705 ], [ -122.13395, 37.79421 ], [ -122.13614, 37.79642 ], [ -122.13929, 37.79722 ], [ -122.13663, 37.79684 ] ] ] } },
{ "type": "Feature", "properties": { "zip_code": "94598", "county": "Contra Costa", "band": 60.0, "band_source": "routed", "drive_min": 55.8, "distance_mi": 32.3, "memberships": 1, "regular": null, "associate": null, "median_age": null, "age_note": "suppressed", "pt_lon": -121.99114, "pt_lat": 37.88874 }, "geometry": { "type": "Polygon", "coordinates": [ [ [ -122.05489, 37.90813 ], [ -122.05227, 37.909 ], [ -122.05335, 37.91179 ], [ -122.05198, 37.91541 ], [ -122.05209, 37.91756 ], [ -122.05454, 37.91757 ], [ -122.05387, 37.9198 ], [ -122.05055, 37.92088 ], [ -122.0489, 37.92604 ], [ -122.05104, 37.92646 ], [ -122.05111, 37.92718 ], [ -122.04953, 37.9289 ], [ -122.04766, 37.92901 ], [ -122.04764, 37.93367 ], [ -122.03587, 37.93939 ], [ -122.0332, 37.93642 ], [ -122.03489, 37.93555 ], [ -122.0337, 37.9342 ], [ -122.03513, 37.93347 ], [ -122.03378, 37.932 ], [ -122.02902, 37.93445 ], [ -122.02631, 37.93147 ], [ -122.01908, 37.9356 ], [ -122.01745, 37.93561 ], [ -122.0103, 37.94047 ], [ -122.00771, 37.93953 ], [ -122.00804, 37.93789 ], [ -122.00566, 37.93636 ], [ -122.00447, 37.93445 ], [ -122.00388, 37.93071 ], [ -122.001, 37.93454 ], [ -121.9977, 37.93721 ], [ -121.9969, 37.94269 ], [ -121.98531, 37.93434 ], [ -121.98611, 37.93321 ], [ -121.98367, 37.92978 ], [ -121.98512, 37.92776 ], [ -121.98427, 37.92584 ], [ -121.98061, 37.92386 ], [ -121.98061, 37.92295 ], [ -121.97829, 37.9198 ], [ -121.97893, 37.91765 ], [ -121.97716, 37.91611 ], [ -121.98946, 37.89978 ], [ -121.99064, 37.89958 ], [ -121.98817, 37.89812 ], [ -121.98882, 37.89718 ], [ -121.98799, 37.89469 ], [ -121.98546, 37.89217 ], [ -121.98179, 37.8899 ], [ -121.97771, 37.88527 ], [ -121.9629, 37.88821 ], [ -121.94074, 37.88815 ], [ -121.94089, 37.88144 ], [ -121.91406, 37.88195 ], [ -121.91438, 37.86215 ], [ -121.91099, 37.85834 ], [ -121.911, 37.84609 ], [ -121.89339, 37.84609 ], [ -121.89597, 37.83823 ], [ -121.90917, 37.84032 ], [ -121.92107, 37.84302 ], [ -121.92375, 37.84474 ], [ -121.92776, 37.84606 ], [ -121.93387, 37.85039 ], [ -121.93349, 37.85235 ], [ -121.93699, 37.85435 ], [ -121.93973, 37.85438 ], [ -121.94081, 37.8551 ], [ -121.94358, 37.85474 ], [ -121.94528, 37.85533 ], [ -121.94997, 37.85518 ], [ -121.95084, 37.8542 ], [ -121.95455, 37.85578 ], [ -121.95531, 37.85517 ], [ -121.95647, 37.85792 ], [ -121.96396, 37.86057 ], [ -121.96584, 37.86059 ], [ -121.96667, 37.85979 ], [ -121.9693, 37.86243 ], [ -121.98909, 37.86181 ], [ -121.98991, 37.86837 ], [ -121.99834, 37.86983 ], [ -121.99713, 37.87233 ], [ -122.00181, 37.87372 ], [ -122.00049, 37.87699 ], [ -122.00347, 37.87776 ], [ -122.00642, 37.87978 ], [ -122.00989, 37.87789 ], [ -122.01172, 37.87456 ], [ -122.01488, 37.88053 ], [ -121.99981, 37.88434 ], [ -122.00243, 37.8915 ], [ -122.01922, 37.89831 ], [ -122.02505, 37.89961 ], [ -122.02559, 37.90059 ], [ -122.02957, 37.90242 ], [ -122.03337, 37.90342 ], [ -122.03335, 37.90201 ], [ -122.0303, 37.90076 ], [ -122.03031, 37.89933 ], [ -122.03231, 37.89704 ], [ -122.03256, 37.89479 ], [ -122.03594, 37.89965 ], [ -122.04152, 37.90008 ], [ -122.04936, 37.89955 ], [ -122.05062, 37.90117 ], [ -122.05004, 37.90226 ], [ -122.05208, 37.90806 ], [ -122.05447, 37.90726 ], [ -122.05489, 37.90813 ] ] ] } },
{ "type": "Feature", "properties": { "zip_code": "94602", "county": "Alameda", "band": 30.0, "band_source": "routed", "drive_min": 24.6, "distance_mi": 16.8, "memberships": 1, "regular": null, "associate": null, "median_age": null, "age_note": "suppressed", "pt_lon": -122.21065, "pt_lat": 37.80486 }, "geometry": { "type": "Polygon", "coordinates": [ [ [ -122.23468, 37.79983 ], [ -122.2285, 37.80465 ], [ -122.22954, 37.80549 ], [ -122.22567, 37.80774 ], [ -122.22328, 37.8079 ], [ -122.22449, 37.80955 ], [ -122.22263, 37.81018 ], [ -122.21989, 37.81333 ], [ -122.21517, 37.81228 ], [ -122.21311, 37.81477 ], [ -122.21247, 37.81672 ], [ -122.20771, 37.82104 ], [ -122.20653, 37.81918 ], [ -122.19779, 37.81059 ], [ -122.19727, 37.81093 ], [ -122.20082, 37.81402 ], [ -122.19903, 37.8152 ], [ -122.19389, 37.81374 ], [ -122.18934, 37.81452 ], [ -122.18543, 37.81941 ], [ -122.18438, 37.81869 ], [ -122.18437, 37.81944 ], [ -122.1806, 37.81754 ], [ -122.18013, 37.81605 ], [ -122.17587, 37.81329 ], [ -122.17485, 37.80955 ], [ -122.17542, 37.80823 ], [ -122.17777, 37.80667 ], [ -122.17852, 37.80534 ], [ -122.18115, 37.80439 ], [ -122.181, 37.80138 ], [ -122.18217, 37.80097 ], [ -122.18717, 37.80443 ], [ -122.18915, 37.80467 ], [ -122.19018, 37.80376 ], [ -122.185, 37.7984 ], [ -122.19015, 37.80281 ], [ -122.19504, 37.80823 ], [ -122.1901, 37.80141 ], [ -122.18998, 37.79891 ], [ -122.19175, 37.79887 ], [ -122.19571, 37.79695 ], [ -122.20263, 37.79269 ], [ -122.20427, 37.79328 ], [ -122.2032, 37.7922 ], [ -122.21013, 37.78865 ], [ -122.2111, 37.78969 ], [ -122.21889, 37.79284 ], [ -122.21895, 37.79328 ], [ -122.2208, 37.79317 ], [ -122.22053, 37.79433 ], [ -122.22295, 37.79495 ], [ -122.22084, 37.79726 ], [ -122.22104, 37.79916 ], [ -122.22426, 37.79982 ], [ -122.22577, 37.79644 ], [ -122.22961, 37.79832 ], [ -122.23317, 37.79669 ], [ -122.23342, 37.79965 ], [ -122.23468, 37.79983 ] ] ] } },
{ "type": "Feature", "properties": { "zip_code": "94603", "county": "Alameda", "band": 45.0, "band_source": "routed", "drive_min": 32.0, "distance_mi": 23.2, "memberships": 0, "regular": null, "associate": null, "median_age": null, "age_note": null, "pt_lon": -122.16697, "pt_lat": 37.74081 }, "geometry": { "type": "Polygon", "coordinates": [ [ [ -122.19978, 37.72706 ], [ -122.19265, 37.73001 ], [ -122.19617, 37.73055 ], [ -122.19865, 37.73236 ], [ -122.19815, 37.73344 ], [ -122.19551, 37.73326 ], [ -122.19369, 37.73602 ], [ -122.19238, 37.73581 ], [ -122.19652, 37.74055 ], [ -122.19619, 37.7447 ], [ -122.19528, 37.74403 ], [ -122.19555, 37.74169 ], [ -122.19385, 37.73934 ], [ -122.19293, 37.73894 ], [ -122.19088, 37.7455 ], [ -122.18179, 37.73765 ], [ -122.18581, 37.7415 ], [ -122.18471, 37.74331 ], [ -122.18188, 37.74468 ], [ -122.18305, 37.74613 ], [ -122.17462, 37.74982 ], [ -122.17497, 37.75055 ], [ -122.17291, 37.75058 ], [ -122.17131, 37.75155 ], [ -122.17103, 37.75118 ], [ -122.1661, 37.75396 ], [ -122.16524, 37.75386 ], [ -122.16548, 37.75421 ], [ -122.16377, 37.75538 ], [ -122.16364, 37.75502 ], [ -122.16141, 37.75564 ], [ -122.15983, 37.75133 ], [ -122.15657, 37.74576 ], [ -122.15571, 37.74559 ], [ -122.15632, 37.74545 ], [ -122.15602, 37.74504 ], [ -122.15509, 37.74518 ], [ -122.15363, 37.74407 ], [ -122.15173, 37.74148 ], [ -122.15067, 37.74177 ], [ -122.14873, 37.74086 ], [ -122.1605, 37.73761 ], [ -122.16416, 37.73594 ], [ -122.16547, 37.73769 ], [ -122.17156, 37.735 ], [ -122.1701, 37.73206 ], [ -122.17404, 37.73119 ], [ -122.1704, 37.72776 ], [ -122.17434, 37.72665 ], [ -122.1758, 37.72523 ], [ -122.18331, 37.72557 ], [ -122.18646, 37.72759 ], [ -122.1903, 37.72886 ], [ -122.19193, 37.72729 ], [ -122.19614, 37.72601 ], [ -122.19805, 37.72623 ], [ -122.19775, 37.72517 ], [ -122.19978, 37.72706 ] ] ] } },
{ "type": "Feature", "properties": { "zip_code": "94606", "county": "Alameda", "band": 30.0, "band_source": "routed", "drive_min": 26.2, "distance_mi": 16.8, "memberships": 0, "regular": null, "associate": null, "median_age": null, "age_note": null, "pt_lon": -122.24808, "pt_lat": 37.78959 }, "geometry": { "type": "Polygon", "coordinates": [ [ [ -122.26296, 37.79117 ], [ -122.26081, 37.79528 ], [ -122.25958, 37.79632 ], [ -122.25955, 37.7983 ], [ -122.25781, 37.7997 ], [ -122.25451, 37.80056 ], [ -122.25345, 37.80361 ], [ -122.2506, 37.80524 ], [ -122.24958, 37.80756 ], [ -122.2489, 37.80733 ], [ -122.25006, 37.80506 ], [ -122.24932, 37.80482 ], [ -122.24669, 37.80659 ], [ -122.24317, 37.80498 ], [ -122.24087, 37.80474 ], [ -122.23979, 37.80262 ], [ -122.23556, 37.79899 ], [ -122.23468, 37.79983 ], [ -122.23342, 37.79965 ], [ -122.23317, 37.79669 ], [ -122.22961, 37.79832 ], [ -122.22577, 37.79644 ], [ -122.22426, 37.79982 ], [ -122.22104, 37.79916 ], [ -122.22084, 37.79726 ], [ -122.22295, 37.79495 ], [ -122.22592, 37.79452 ], [ -122.22826, 37.79076 ], [ -122.23091, 37.78944 ], [ -122.23156, 37.78685 ], [ -122.23429, 37.78497 ], [ -122.2339, 37.78472 ], [ -122.23494, 37.78364 ], [ -122.23595, 37.78336 ], [ -122.23632, 37.78239 ], [ -122.23463, 37.78137 ], [ -122.23529, 37.78069 ], [ -122.23742, 37.78213 ], [ -122.236, 37.77386 ], [ -122.235, 37.77316 ], [ -122.23649, 37.7717 ], [ -122.2405, 37.77373 ], [ -122.24354, 37.77628 ], [ -122.24482, 37.77912 ], [ -122.24522, 37.78303 ], [ -122.24659, 37.78468 ], [ -122.25133, 37.78688 ], [ -122.25396, 37.78678 ], [ -122.26006, 37.78449 ], [ -122.26854, 37.78793 ], [ -122.26296, 37.79117 ] ] ] } },
{ "type": "Feature", "properties": { "zip_code": "94555", "county": "Alameda", "band": 60.0, "band_source": "routed", "drive_min": 58.7, "distance_mi": 38.0, "memberships": 1, "regular": null, "associate": null, "median_age": null, "age_note": "suppressed", "pt_lon": -122.08785, "pt_lat": 37.55084 }, "geometry": { "type": "Polygon", "coordinates": [ [ [ -122.13208, 37.56208 ], [ -122.1288, 37.56685 ], [ -122.12646, 37.56853 ], [ -122.12431, 37.56917 ], [ -122.12088, 37.56904 ], [ -122.11013, 37.56555 ], [ -122.11108, 37.56138 ], [ -122.10963, 37.56044 ], [ -122.1073, 37.56137 ], [ -122.10436, 37.56392 ], [ -122.1023, 37.56219 ], [ -122.10122, 37.56264 ], [ -122.10059, 37.56467 ], [ -122.09707, 37.56427 ], [ -122.09493, 37.562 ], [ -122.0927, 37.56302 ], [ -122.09549, 37.56504 ], [ -122.09517, 37.56672 ], [ -122.09171, 37.56739 ], [ -122.09063, 37.56632 ], [ -122.09079, 37.56466 ], [ -122.08936, 37.56452 ], [ -122.08347, 37.56833 ], [ -122.08512, 37.56725 ], [ -122.08469, 37.56635 ], [ -122.07901, 37.56642 ], [ -122.08006, 37.56482 ], [ -122.0838, 37.56519 ], [ -122.08366, 37.56279 ], [ -122.08056, 37.56238 ], [ -122.07941, 37.56148 ], [ -122.07008, 37.56345 ], [ -122.06022, 37.57399 ], [ -122.06282, 37.58476 ], [ -122.06218, 37.58552 ], [ -122.06432, 37.58675 ], [ -122.06046, 37.5918 ], [ -122.05673, 37.59263 ], [ -122.05035, 37.58349 ], [ -122.04858, 37.5856 ], [ -122.0457, 37.58714 ], [ -122.04146, 37.58812 ], [ -122.03839, 37.58773 ], [ -122.03352, 37.58611 ], [ -122.02536, 37.57849 ], [ -122.03065, 37.57262 ], [ -122.02944, 37.57203 ], [ -122.03107, 37.57027 ], [ -122.03243, 37.5708 ], [ -122.0425, 37.5585 ], [ -122.06733, 37.54023 ], [ -122.06468, 37.53469 ], [ -122.06809, 37.52417 ], [ -122.06135, 37.52327 ], [ -122.06047, 37.52158 ], [ -122.07089, 37.51902 ], [ -122.07019, 37.51786 ], [ -122.07998, 37.5148 ], [ -122.07957, 37.51601 ], [ -122.08086, 37.51661 ], [ -122.08284, 37.51448 ], [ -122.08786, 37.51319 ], [ -122.08916, 37.51334 ], [ -122.08833, 37.51685 ], [ -122.09228, 37.51849 ], [ -122.09326, 37.52099 ], [ -122.09833, 37.52261 ], [ -122.10152, 37.52134 ], [ -122.10124, 37.51825 ], [ -122.11076, 37.50925 ], [ -122.11142, 37.5102 ], [ -122.112, 37.52885 ], [ -122.11942, 37.54297 ], [ -122.11764, 37.54412 ], [ -122.11871, 37.54591 ], [ -122.12202, 37.54792 ], [ -122.12869, 37.56059 ], [ -122.13208, 37.56208 ] ] ] } },
{ "type": "Feature", "properties": { "zip_code": "94560", "county": "Alameda", "band": 60.0, "band_source": "routed", "drive_min": 55.2, "distance_mi": 40.5, "memberships": 0, "regular": null, "associate": null, "median_age": null, "age_note": null, "pt_lon": -122.02488, "pt_lat": 37.51421 }, "geometry": { "type": "Polygon", "coordinates": [ [ [ -122.07089, 37.51902 ], [ -122.06047, 37.52158 ], [ -122.06135, 37.52327 ], [ -122.06809, 37.52417 ], [ -122.06468, 37.53469 ], [ -122.06733, 37.54023 ], [ -122.05208, 37.55174 ], [ -122.04505, 37.55626 ], [ -122.03851, 37.56341 ], [ -122.02868, 37.55413 ], [ -122.01735, 37.53913 ], [ -122.01486, 37.5367 ], [ -121.98777, 37.52243 ], [ -121.99482, 37.51383 ], [ -121.99785, 37.50424 ], [ -121.97597, 37.483 ], [ -121.97388, 37.48019 ], [ -121.97338, 37.47752 ], [ -121.97397, 37.46992 ], [ -121.97758, 37.47104 ], [ -121.98091, 37.47016 ], [ -121.98499, 37.46654 ], [ -121.98793, 37.4659 ], [ -121.99464, 37.46911 ], [ -121.99924, 37.46962 ], [ -122.00274, 37.47257 ], [ -122.00569, 37.47319 ], [ -122.00646, 37.47396 ], [ -122.00598, 37.47664 ], [ -122.00416, 37.47816 ], [ -122.00184, 37.47892 ], [ -121.99714, 37.47879 ], [ -122.00172, 37.4791 ], [ -122.00299, 37.47877 ], [ -122.00541, 37.47757 ], [ -122.00669, 37.47576 ], [ -122.00679, 37.47426 ], [ -122.00585, 37.47297 ], [ -122.00215, 37.47188 ], [ -122.00018, 37.46977 ], [ -122.00258, 37.46881 ], [ -122.01617, 37.4678 ], [ -122.02062, 37.46802 ], [ -122.0245, 37.46892 ], [ -122.03602, 37.46951 ], [ -122.04664, 37.46755 ], [ -122.04998, 37.46636 ], [ -122.05343, 37.47332 ], [ -122.05214, 37.47579 ], [ -122.05227, 37.4781 ], [ -122.0541, 37.48238 ], [ -122.0549, 37.49051 ], [ -122.05251, 37.49134 ], [ -122.03957, 37.49184 ], [ -122.03527, 37.48993 ], [ -122.03318, 37.48283 ], [ -122.02818, 37.47732 ], [ -122.02508, 37.47682 ], [ -122.02528, 37.47792 ], [ -122.02745, 37.47866 ], [ -122.03026, 37.48266 ], [ -122.02974, 37.48885 ], [ -122.03223, 37.48935 ], [ -122.0353, 37.49239 ], [ -122.03831, 37.4937 ], [ -122.04112, 37.49353 ], [ -122.05078, 37.49647 ], [ -122.05085, 37.49762 ], [ -122.05748, 37.49912 ], [ -122.05452, 37.50567 ], [ -122.05403, 37.50845 ], [ -122.05575, 37.51422 ], [ -122.06084, 37.51483 ], [ -122.06094, 37.5141 ], [ -122.06452, 37.51302 ], [ -122.06738, 37.51828 ], [ -122.07019, 37.51786 ], [ -122.07089, 37.51902 ] ] ] } },
{ "type": "Feature", "properties": { "zip_code": "94609", "county": "Alameda", "band": 30.0, "band_source": "routed", "drive_min": 23.1, "distance_mi": 13.9, "memberships": 3, "regular": null, "associate": null, "median_age": null, "age_note": "suppressed", "pt_lon": -122.26207, "pt_lat": 37.83443 }, "geometry": { "type": "Polygon", "coordinates": [ [ [ -122.27506, 37.82606 ], [ -122.2718, 37.82523 ], [ -122.27088, 37.831 ], [ -122.27008, 37.83134 ], [ -122.26986, 37.83469 ], [ -122.26806, 37.83553 ], [ -122.26931, 37.8371 ], [ -122.27131, 37.846 ], [ -122.27124, 37.84646 ], [ -122.26914, 37.84674 ], [ -122.26941, 37.84811 ], [ -122.26837, 37.84877 ], [ -122.26897, 37.85162 ], [ -122.25721, 37.85295 ], [ -122.25632, 37.84611 ], [ -122.25858, 37.8424 ], [ -122.25792, 37.84261 ], [ -122.26236, 37.83731 ], [ -122.26087, 37.83712 ], [ -122.26083, 37.83802 ], [ -122.26001, 37.83701 ], [ -122.25428, 37.83546 ], [ -122.25509, 37.83506 ], [ -122.25302, 37.83356 ], [ -122.25578, 37.8301 ], [ -122.25674, 37.82763 ], [ -122.25782, 37.8281 ], [ -122.25883, 37.82637 ], [ -122.25762, 37.82623 ], [ -122.25868, 37.82451 ], [ -122.26166, 37.8252 ], [ -122.262, 37.82301 ], [ -122.26001, 37.82242 ], [ -122.26106, 37.8207 ], [ -122.26294, 37.82076 ], [ -122.26347, 37.8188 ], [ -122.26237, 37.81861 ], [ -122.26308, 37.81745 ], [ -122.2638, 37.81757 ], [ -122.26413, 37.81627 ], [ -122.2677, 37.81686 ], [ -122.26749, 37.81824 ], [ -122.26799, 37.81626 ], [ -122.27075, 37.81676 ], [ -122.27032, 37.81793 ], [ -122.27246, 37.81762 ], [ -122.27214, 37.81888 ], [ -122.27375, 37.81913 ], [ -122.27227, 37.82316 ], [ -122.27238, 37.8248 ], [ -122.27506, 37.82606 ] ] ] } },
{ "type": "Feature", "properties": { "zip_code": "94610", "county": "Alameda", "band": 30.0, "band_source": "routed", "drive_min": 22.6, "distance_mi": 14.6, "memberships": 0, "regular": null, "associate": null, "median_age": null, "age_note": null, "pt_lon": -122.24153, "pt_lat": 37.81121 }, "geometry": { "type": "Polygon", "coordinates": [ [ [ -122.26158, 37.81288 ], [ -122.25904, 37.81532 ], [ -122.25386, 37.81837 ], [ -122.25712, 37.82118 ], [ -122.25566, 37.8226 ], [ -122.25346, 37.8192 ], [ -122.25248, 37.81989 ], [ -122.25208, 37.81953 ], [ -122.24793, 37.82084 ], [ -122.24844, 37.82132 ], [ -122.24757, 37.82157 ], [ -122.24514, 37.81935 ], [ -122.24414, 37.82253 ], [ -122.23916, 37.82361 ], [ -122.23721, 37.82221 ], [ -122.23581, 37.81944 ], [ -122.23387, 37.82003 ], [ -122.23193, 37.81879 ], [ -122.23107, 37.81709 ], [ -122.22889, 37.81653 ], [ -122.22756, 37.81743 ], [ -122.22524, 37.81708 ], [ -122.22523, 37.8189 ], [ -122.22319, 37.81773 ], [ -122.22183, 37.81794 ], [ -122.22012, 37.81721 ], [ -122.22148, 37.81565 ], [ -122.22054, 37.81381 ], [ -122.21851, 37.81405 ], [ -122.21668, 37.81283 ], [ -122.21989, 37.81333 ], [ -122.22263, 37.81018 ], [ -122.22449, 37.80955 ], [ -122.22328, 37.8079 ], [ -122.22567, 37.80774 ], [ -122.22954, 37.80549 ], [ -122.2285, 37.80465 ], [ -122.23556, 37.79899 ], [ -122.23979, 37.80262 ], [ -122.24087, 37.80474 ], [ -122.24317, 37.80498 ], [ -122.24669, 37.80659 ], [ -122.24932, 37.80482 ], [ -122.25006, 37.80506 ], [ -122.2489, 37.80733 ], [ -122.24958, 37.80756 ], [ -122.24915, 37.80839 ], [ -122.25047, 37.80888 ], [ -122.25277, 37.80875 ], [ -122.25305, 37.80786 ], [ -122.256, 37.80746 ], [ -122.25728, 37.80588 ], [ -122.25894, 37.80552 ], [ -122.25951, 37.80623 ], [ -122.2589, 37.80765 ], [ -122.2596, 37.80987 ], [ -122.26231, 37.81093 ], [ -122.26158, 37.81288 ] ] ] } },
{ "type": "Feature", "properties": { "zip_code": "94611", "county": "Alameda", "band": 30.0, "band_source": "routed", "drive_min": 29.2, "distance_mi": 18.9, "memberships": 6, "regular": 6.0, "associate": 0.0, "median_age": 63.0, "age_note": null, "pt_lon": -122.2052, "pt_lat": 37.83842 }, "geometry": { "type": "MultiPolygon", "coordinates": [ [ [ [ -122.21939, 37.85955 ], [ -122.2188, 37.86002 ], [ -122.21859, 37.85884 ], [ -122.21661, 37.85807 ], [ -122.21573, 37.85621 ], [ -122.21754, 37.85647 ], [ -122.21784, 37.85726 ], [ -122.21935, 37.85773 ], [ -122.21939, 37.85955 ] ] ], [ [ [ -122.26613, 37.8166 ], [ -122.26413, 37.81627 ], [ -122.2638, 37.81757 ], [ -122.26308, 37.81745 ], [ -122.26237, 37.81861 ], [ -122.26347, 37.8188 ], [ -122.26294, 37.82076 ], [ -122.26106, 37.8207 ], [ -122.26001, 37.82242 ], [ -122.262, 37.82301 ], [ -122.26166, 37.8252 ], [ -122.25868, 37.82451 ], [ -122.25762, 37.82623 ], [ -122.25883, 37.82637 ], [ -122.25782, 37.8281 ], [ -122.25674, 37.82763 ], [ -122.25578, 37.8301 ], [ -122.25302, 37.83356 ], [ -122.25401, 37.83421 ], [ -122.25275, 37.83479 ], [ -122.2523, 37.83448 ], [ -122.25162, 37.83561 ], [ -122.24795, 37.83501 ], [ -122.24899, 37.83309 ], [ -122.24412, 37.83516 ], [ -122.23971, 37.83859 ], [ -122.23632, 37.84004 ], [ -122.23208, 37.83659 ], [ -122.22959, 37.83543 ], [ -122.22875, 37.83573 ], [ -122.22561, 37.83485 ], [ -122.22701, 37.83266 ], [ -122.23079, 37.83272 ], [ -122.23139, 37.83146 ], [ -122.22629, 37.82971 ], [ -122.22446, 37.83026 ], [ -122.22188, 37.8325 ], [ -122.2171, 37.83276 ], [ -122.22756, 37.84547 ], [ -122.228, 37.84824 ], [ -122.22433, 37.84861 ], [ -122.22115, 37.85292 ], [ -122.21743, 37.85437 ], [ -122.21889, 37.85476 ], [ -122.21615, 37.85569 ], [ -122.21356, 37.85791 ], [ -122.21606, 37.85953 ], [ -122.21745, 37.86189 ], [ -122.22086, 37.8646 ], [ -122.22199, 37.8642 ], [ -122.22239, 37.86656 ], [ -122.22149, 37.86626 ], [ -122.21942, 37.86805 ], [ -122.21778, 37.86836 ], [ -122.21979, 37.86733 ], [ -122.22142, 37.86547 ], [ -122.21983, 37.86477 ], [ -122.21185, 37.8568 ], [ -122.2089, 37.85194 ], [ -122.2031, 37.85119 ], [ -122.20266, 37.85048 ], [ -122.18897, 37.85043 ], [ -122.1886, 37.85105 ], [ -122.18867, 37.83792 ], [ -122.18512, 37.83735 ], [ -122.18382, 37.83435 ], [ -122.18565, 37.83173 ], [ -122.18702, 37.82754 ], [ -122.18573, 37.82537 ], [ -122.18687, 37.82208 ], [ -122.18558, 37.82073 ], [ -122.18122, 37.81934 ], [ -122.17547, 37.81459 ], [ -122.17416, 37.81027 ], [ -122.17542, 37.80823 ], [ -122.17485, 37.80955 ], [ -122.17587, 37.81329 ], [ -122.18013, 37.81605 ], [ -122.1806, 37.81754 ], [ -122.18437, 37.81944 ], [ -122.18438, 37.81869 ], [ -122.18543, 37.81941 ], [ -122.18934, 37.81452 ], [ -122.19389, 37.81374 ], [ -122.19903, 37.8152 ], [ -122.20082, 37.81402 ], [ -122.19727, 37.81093 ], [ -122.19779, 37.81059 ], [ -122.20653, 37.81918 ], [ -122.20771, 37.82104 ], [ -122.21247, 37.81672 ], [ -122.21311, 37.81477 ], [ -122.21517, 37.81228 ], [ -122.21851, 37.81405 ], [ -122.22054, 37.81381 ], [ -122.22148, 37.81565 ], [ -122.22012, 37.81721 ], [ -122.22183, 37.81794 ], [ -122.22319, 37.81773 ], [ -122.22523, 37.8189 ], [ -122.22524, 37.81708 ], [ -122.22756, 37.81743 ], [ -122.22889, 37.81653 ], [ -122.23107, 37.81709 ], [ -122.23193, 37.81879 ], [ -122.23387, 37.82003 ], [ -122.23581, 37.81944 ], [ -122.23721, 37.82221 ], [ -122.23916, 37.82361 ], [ -122.24414, 37.82253 ], [ -122.24514, 37.81935 ], [ -122.24757, 37.82157 ], [ -122.24844, 37.82132 ], [ -122.24793, 37.82084 ], [ -122.25208, 37.81953 ], [ -122.25248, 37.81989 ], [ -122.25346, 37.8192 ], [ -122.25566, 37.8226 ], [ -122.25712, 37.82118 ], [ -122.25386, 37.81837 ], [ -122.25904, 37.81532 ], [ -122.2615, 37.81303 ], [ -122.26307, 37.81506 ], [ -122.26256, 37.81615 ], [ -122.26376, 37.81638 ], [ -122.26419, 37.81571 ], [ -122.26594, 37.81598 ], [ -122.26613, 37.8166 ] ] ] ] } },
{ "type": "Feature", "properties": { "zip_code": "94702", "county": "Alameda", "band": 30.0, "band_source": "routed", "drive_min": 18.1, "distance_mi": 10.0, "memberships": 2, "regular": null, "associate": null, "median_age": null, "age_note": "suppressed", "pt_lon": -122.2858, "pt_lat": 37.86321 }, "geometry": { "type": "Polygon", "coordinates": [ [ [ -122.29642, 37.88031 ], [ -122.2909, 37.88144 ], [ -122.2847, 37.88014 ], [ -122.28327, 37.88093 ], [ -122.28305, 37.87882 ], [ -122.28233, 37.87885 ], [ -122.28261, 37.87667 ], [ -122.28069, 37.86227 ], [ -122.28123, 37.86221 ], [ -122.28018, 37.86054 ], [ -122.27777, 37.84752 ], [ -122.2819, 37.84697 ], [ -122.28346, 37.85031 ], [ -122.28601, 37.85017 ], [ -122.28749, 37.85439 ], [ -122.28859, 37.85457 ], [ -122.28841, 37.85589 ], [ -122.29272, 37.87068 ], [ -122.29328, 37.87067 ], [ -122.29422, 37.87517 ], [ -122.29541, 37.8753 ], [ -122.2951, 37.87623 ], [ -122.29642, 37.88031 ] ] ] } },
{ "type": "Feature", "properties": { "zip_code": "94704", "county": "Alameda", "band": 30.0, "band_source": "routed", "drive_min": 22.8, "distance_mi": 11.4, "memberships": 1, "regular": null, "associate": null, "median_age": null, "age_note": "suppressed", "pt_lon": -122.26471, "pt_lat": 37.86654 }, "geometry": { "type": "MultiPolygon", "coordinates": [ [ [ [ -122.24965, 37.8714 ], [ -122.2455, 37.87281 ], [ -122.24516, 37.86974 ], [ -122.24172, 37.86964 ], [ -122.23842, 37.86778 ], [ -122.23901, 37.86721 ], [ -122.24079, 37.86901 ], [ -122.24204, 37.86662 ], [ -122.24478, 37.86671 ], [ -122.24499, 37.86835 ], [ -122.2486, 37.86806 ], [ -122.24965, 37.8714 ] ] ], [ [ [ -122.27326, 37.87332 ], [ -122.27204, 37.87304 ], [ -122.26633, 37.87419 ], [ -122.26599, 37.86783 ], [ -122.25695, 37.86901 ], [ -122.25581, 37.86732 ], [ -122.25794, 37.86613 ], [ -122.25547, 37.86553 ], [ -122.25395, 37.86574 ], [ -122.25459, 37.86932 ], [ -122.25021, 37.86935 ], [ -122.24986, 37.86749 ], [ -122.24842, 37.86608 ], [ -122.25048, 37.86595 ], [ -122.25004, 37.86244 ], [ -122.26037, 37.86122 ], [ -122.26062, 37.86165 ], [ -122.27176, 37.85977 ], [ -122.27326, 37.87332 ] ] ] ] } },
{ "type": "Feature", "properties": { "zip_code": "94710", "county": "Alameda", "band": 30.0, "band_source": "routed", "drive_min": 15.5, "distance_mi": 8.4, "memberships": 2, "regular": null, "associate": null, "median_age": null, "age_note": "suppressed", "pt_lon": -122.30138, "pt_lat": 37.87225 }, "geometry": { "type": "Polygon", "coordinates": [ [ [ -122.32519, 37.87428 ], [ -122.31866, 37.87531 ], [ -122.31316, 37.87015 ], [ -122.3085, 37.87088 ], [ -122.31145, 37.87978 ], [ -122.3127, 37.88115 ], [ -122.30835, 37.88212 ], [ -122.30998, 37.89222 ], [ -122.3095, 37.89298 ], [ -122.31253, 37.89676 ], [ -122.30948, 37.8977 ], [ -122.30783, 37.89041 ], [ -122.30869, 37.88747 ], [ -122.30722, 37.88707 ], [ -122.30579, 37.88202 ], [ -122.29743, 37.88333 ], [ -122.2951, 37.87623 ], [ -122.29541, 37.8753 ], [ -122.29422, 37.87517 ], [ -122.29328, 37.87067 ], [ -122.29272, 37.87068 ], [ -122.28841, 37.85589 ], [ -122.28859, 37.85457 ], [ -122.28749, 37.85439 ], [ -122.28625, 37.8505 ], [ -122.30116, 37.84736 ], [ -122.30137, 37.85549 ], [ -122.30835, 37.86293 ], [ -122.31694, 37.85881 ], [ -122.31872, 37.86638 ], [ -122.32519, 37.87428 ] ] ] } },
{ "type": "Feature", "properties": { "zip_code": "94720", "county": "Alameda", "band": 30.0, "band_source": "routed", "drive_min": 26.1, "distance_mi": 11.6, "memberships": 0, "regular": null, "associate": null, "median_age": null, "age_note": null, "pt_lon": -122.2569, "pt_lat": 37.87191 }, "geometry": { "type": "Polygon", "coordinates": [ [ [ -122.26616, 37.87239 ], [ -122.25919, 37.87261 ], [ -122.25539, 37.87386 ], [ -122.25686, 37.87551 ], [ -122.25472, 37.87563 ], [ -122.25508, 37.88026 ], [ -122.24644, 37.8812 ], [ -122.2455, 37.87281 ], [ -122.24965, 37.8714 ], [ -122.2486, 37.86806 ], [ -122.24499, 37.86835 ], [ -122.24478, 37.86671 ], [ -122.24204, 37.86662 ], [ -122.24079, 37.86901 ], [ -122.23901, 37.86721 ], [ -122.24076, 37.86406 ], [ -122.24453, 37.86373 ], [ -122.2444, 37.86266 ], [ -122.24552, 37.86404 ], [ -122.24473, 37.86579 ], [ -122.24777, 37.86611 ], [ -122.24671, 37.86392 ], [ -122.25004, 37.86244 ], [ -122.25048, 37.86595 ], [ -122.24842, 37.86608 ], [ -122.24986, 37.86749 ], [ -122.25021, 37.86935 ], [ -122.25459, 37.86932 ], [ -122.25395, 37.86574 ], [ -122.25547, 37.86553 ], [ -122.25794, 37.86613 ], [ -122.25581, 37.86732 ], [ -122.25695, 37.86901 ], [ -122.26599, 37.86783 ], [ -122.26616, 37.87239 ] ] ] } },
{ "type": "Feature", "properties": { "zip_code": "94804", "county": "Contra Costa", "band": 15.0, "band_source": "routed", "drive_min": 8.9, "distance_mi": 3.3, "memberships": 13, "regular": 13.0, "associate": 0.0, "median_age": 62.0, "age_note": null, "pt_lon": -122.3507, "pt_lat": 37.9246 }, "geometry": { "type": "Polygon", "coordinates": [ [ [ -122.38133, 37.92771 ], [ -122.37819, 37.92725 ], [ -122.37835, 37.93024 ], [ -122.37752, 37.93136 ], [ -122.3571, 37.93112 ], [ -122.34724, 37.93154 ], [ -122.34789, 37.93201 ], [ -122.34752, 37.93847 ], [ -122.34802, 37.93847 ], [ -122.34821, 37.94031 ], [ -122.34795, 37.94383 ], [ -122.34747, 37.94383 ], [ -122.34787, 37.95179 ], [ -122.34739, 37.95179 ], [ -122.34737, 37.95295 ], [ -122.34356, 37.95309 ], [ -122.34159, 37.95413 ], [ -122.34032, 37.95248 ], [ -122.33845, 37.95316 ], [ -122.33391, 37.95175 ], [ -122.33218, 37.94742 ], [ -122.33544, 37.94705 ], [ -122.33509, 37.94398 ], [ -122.33784, 37.93435 ], [ -122.34113, 37.93481 ], [ -122.34135, 37.93144 ], [ -122.32317, 37.93089 ], [ -122.3207, 37.9273 ], [ -122.32069, 37.91924 ], [ -122.31485, 37.91908 ], [ -122.31194, 37.916 ], [ -122.3124, 37.91467 ], [ -122.31077, 37.91357 ], [ -122.30592, 37.90658 ], [ -122.30586, 37.9038 ], [ -122.30989, 37.90202 ], [ -122.30853, 37.90095 ], [ -122.30705, 37.9025 ], [ -122.3067, 37.90157 ], [ -122.30721, 37.90142 ], [ -122.30541, 37.89816 ], [ -122.31136, 37.89749 ], [ -122.31253, 37.89676 ], [ -122.31479, 37.89869 ], [ -122.31901, 37.89786 ], [ -122.32233, 37.89542 ], [ -122.32542, 37.89778 ], [ -122.32477, 37.90187 ], [ -122.32165, 37.90509 ], [ -122.32511, 37.90807 ], [ -122.33569, 37.91031 ], [ -122.34467, 37.90723 ], [ -122.35228, 37.90761 ], [ -122.35312, 37.90958 ], [ -122.36044, 37.90953 ], [ -122.36185, 37.91743 ], [ -122.36476, 37.91793 ], [ -122.36549, 37.91577 ], [ -122.36353, 37.90561 ], [ -122.36778, 37.90473 ], [ -122.36898, 37.90974 ], [ -122.36773, 37.90983 ], [ -122.37138, 37.91125 ], [ -122.36903, 37.91254 ], [ -122.37099, 37.91428 ], [ -122.36966, 37.9143 ], [ -122.3725, 37.91776 ], [ -122.37721, 37.92016 ], [ -122.3782, 37.92166 ], [ -122.3782, 37.92321 ], [ -122.38069, 37.92375 ], [ -122.38066, 37.92529 ], [ -122.38331, 37.92543 ], [ -122.38133, 37.92771 ] ] ] } },
{ "type": "Feature", "properties": { "zip_code": "94122", "county": "San Francisco", "band": 60.0, "band_source": "routed", "drive_min": 45.4, "distance_mi": 24.0, "memberships": 2, "regular": null, "associate": null, "median_age": null, "age_note": "suppressed", "pt_lon": -122.48534, "pt_lat": 37.76108 }, "geometry": { "type": "Polygon", "coordinates": [ [ [ -122.51044, 37.76406 ], [ -122.50643, 37.76538 ], [ -122.50412, 37.76553 ], [ -122.5063, 37.76668 ], [ -122.49113, 37.77095 ], [ -122.48651, 37.77072 ], [ -122.48408, 37.77212 ], [ -122.48179, 37.77193 ], [ -122.4799, 37.7705 ], [ -122.47555, 37.77171 ], [ -122.47365, 37.77116 ], [ -122.47614, 37.77098 ], [ -122.47619, 37.77025 ], [ -122.47374, 37.76953 ], [ -122.47161, 37.76986 ], [ -122.47272, 37.76846 ], [ -122.47264, 37.76754 ], [ -122.47225, 37.76861 ], [ -122.46976, 37.76921 ], [ -122.467, 37.76801 ], [ -122.4644, 37.76967 ], [ -122.4599, 37.77044 ], [ -122.45916, 37.77131 ], [ -122.4552, 37.7708 ], [ -122.45495, 37.76845 ], [ -122.45828, 37.76728 ], [ -122.45754, 37.76357 ], [ -122.46084, 37.76263 ], [ -122.45999, 37.75935 ], [ -122.46327, 37.75871 ], [ -122.4627, 37.75854 ], [ -122.46192, 37.75553 ], [ -122.46377, 37.75408 ], [ -122.46336, 37.75304 ], [ -122.46446, 37.7529 ], [ -122.46792, 37.75274 ], [ -122.47002, 37.75469 ], [ -122.47068, 37.75238 ], [ -122.50819, 37.75097 ], [ -122.50794, 37.74911 ], [ -122.50846, 37.74891 ], [ -122.51044, 37.76406 ] ] ] } },
{ "type": "Feature", "properties": { "zip_code": "94124", "county": "San Francisco", "band": 45.0, "band_source": "routed", "drive_min": 41.5, "distance_mi": 22.6, "memberships": 1, "regular": null, "associate": null, "median_age": null, "age_note": "suppressed", "pt_lon": -122.38261, "pt_lat": 37.73 }, "geometry": { "type": "Polygon", "coordinates": [ [ [ -122.40764, 37.73961 ], [ -122.40706, 37.73957 ], [ -122.40459, 37.74413 ], [ -122.40356, 37.74776 ], [ -122.40378, 37.74943 ], [ -122.38772, 37.75025 ], [ -122.38789, 37.75282 ], [ -122.38227, 37.75315 ], [ -122.37656, 37.75207 ], [ -122.37624, 37.74852 ], [ -122.3678, 37.74018 ], [ -122.37384, 37.73957 ], [ -122.37587, 37.73566 ], [ -122.37461, 37.73288 ], [ -122.37202, 37.73421 ], [ -122.37008, 37.73279 ], [ -122.36739, 37.732 ], [ -122.36616, 37.73284 ], [ -122.35928, 37.72859 ], [ -122.36365, 37.72207 ], [ -122.36287, 37.71811 ], [ -122.36477, 37.71639 ], [ -122.37929, 37.7243 ], [ -122.38324, 37.72073 ], [ -122.37598, 37.716 ], [ -122.38006, 37.71087 ], [ -122.37877, 37.70952 ], [ -122.37939, 37.70866 ], [ -122.39095, 37.7097 ], [ -122.38645, 37.71116 ], [ -122.3879, 37.71255 ], [ -122.38876, 37.71466 ], [ -122.39101, 37.7138 ], [ -122.39847, 37.71545 ], [ -122.39909, 37.71957 ], [ -122.40221, 37.7281 ], [ -122.40655, 37.73572 ], [ -122.40764, 37.73961 ] ], [ [ -122.38475, 37.74085 ], [ -122.37911, 37.73768 ], [ -122.37685, 37.74019 ], [ -122.38308, 37.74393 ], [ -122.38475, 37.74085 ] ] ] } },
{ "type": "Feature", "properties": { "zip_code": "94127", "county": "San Francisco", "band": 45.0, "band_source": "routed", "drive_min": 42.7, "distance_mi": 25.4, "memberships": 2, "regular": null, "associate": null, "median_age": null, "age_note": "suppressed", "pt_lon": -122.45856, "pt_lat": 37.73597 }, "geometry": { "type": "Polygon", "coordinates": [ [ [ -122.47311, 37.72188 ], [ -122.47222, 37.72554 ], [ -122.47157, 37.73471 ], [ -122.4721, 37.73481 ], [ -122.47109, 37.73951 ], [ -122.47163, 37.74136 ], [ -122.4712, 37.74099 ], [ -122.46856, 37.7415 ], [ -122.46807, 37.74338 ], [ -122.46338, 37.74385 ], [ -122.4604, 37.74531 ], [ -122.45874, 37.74688 ], [ -122.45917, 37.74729 ], [ -122.45864, 37.74777 ], [ -122.46147, 37.75152 ], [ -122.45439, 37.75128 ], [ -122.45314, 37.74897 ], [ -122.45293, 37.75121 ], [ -122.45213, 37.75124 ], [ -122.45203, 37.74827 ], [ -122.44945, 37.74666 ], [ -122.45169, 37.74563 ], [ -122.44986, 37.74327 ], [ -122.44711, 37.74258 ], [ -122.44599, 37.74118 ], [ -122.44286, 37.73977 ], [ -122.44255, 37.7381 ], [ -122.44533, 37.73713 ], [ -122.44535, 37.73455 ], [ -122.44432, 37.73309 ], [ -122.4443, 37.73161 ], [ -122.44484, 37.73111 ], [ -122.44658, 37.7316 ], [ -122.44686, 37.73114 ], [ -122.45577, 37.7314 ], [ -122.46038, 37.72997 ], [ -122.46038, 37.72839 ], [ -122.46219, 37.72772 ], [ -122.46227, 37.72302 ], [ -122.46324, 37.72315 ], [ -122.46498, 37.72168 ], [ -122.47244, 37.7216 ], [ -122.47311, 37.72188 ] ] ] } },
{ "type": "Feature", "properties": { "zip_code": "94128", "county": "San Mateo", "band": 60.0, "band_source": "routed", "drive_min": 51.8, "distance_mi": 31.7, "memberships": 0, "regular": null, "associate": null, "median_age": null, "age_note": null, "pt_lon": -122.38379, "pt_lat": 37.62404 }, "geometry": { "type": "Polygon", "coordinates": [ [ [ -122.40366, 37.63554 ], [ -122.40272, 37.63554 ], [ -122.4027, 37.63824 ], [ -122.40105, 37.63886 ], [ -122.39166, 37.63909 ], [ -122.38931, 37.64019 ], [ -122.38432, 37.64038 ], [ -122.3805, 37.63535 ], [ -122.38595, 37.63532 ], [ -122.38753, 37.6348 ], [ -122.38892, 37.63325 ], [ -122.38893, 37.6312 ], [ -122.38774, 37.62977 ], [ -122.38489, 37.62897 ], [ -122.37896, 37.63155 ], [ -122.37753, 37.62961 ], [ -122.37411, 37.62826 ], [ -122.37155, 37.62854 ], [ -122.36857, 37.62728 ], [ -122.36732, 37.62903 ], [ -122.36521, 37.6278 ], [ -122.36792, 37.62099 ], [ -122.35563, 37.61529 ], [ -122.35913, 37.60932 ], [ -122.37036, 37.61443 ], [ -122.37331, 37.61377 ], [ -122.37784, 37.60669 ], [ -122.37886, 37.60724 ], [ -122.38353, 37.60448 ], [ -122.39647, 37.61286 ], [ -122.39801, 37.61521 ], [ -122.40239, 37.62794 ], [ -122.40366, 37.63554 ] ] ] } },
{ "type": "Feature", "properties": { "zip_code": "94545", "county": "Alameda", "band": 45.0, "band_source": "routed", "drive_min": 44.9, "distance_mi": 32.0, "memberships": 0, "regular": null, "associate": null, "median_age": null, "age_note": null, "pt_lon": -122.11681, "pt_lat": 37.62709 }, "geometry": { "type": "Polygon", "coordinates": [ [ [ -122.16011, 37.66384 ], [ -122.15243, 37.66395 ], [ -122.15086, 37.66278 ], [ -122.14592, 37.66568 ], [ -122.1392, 37.65847 ], [ -122.13253, 37.66155 ], [ -122.13096, 37.66356 ], [ -122.12918, 37.66329 ], [ -122.1231, 37.66599 ], [ -122.12009, 37.66497 ], [ -122.11932, 37.6626 ], [ -122.12415, 37.66217 ], [ -122.12378, 37.65634 ], [ -122.12039, 37.65641 ], [ -122.12024, 37.65322 ], [ -122.11041, 37.65316 ], [ -122.10161, 37.65642 ], [ -122.07145, 37.61328 ], [ -122.07793, 37.61348 ], [ -122.08026, 37.61153 ], [ -122.08683, 37.60863 ], [ -122.08906, 37.60651 ], [ -122.09763, 37.60183 ], [ -122.09768, 37.6056 ], [ -122.10159, 37.60501 ], [ -122.10253, 37.60022 ], [ -122.10406, 37.59837 ], [ -122.10957, 37.59872 ], [ -122.11028, 37.5979 ], [ -122.11251, 37.59867 ], [ -122.10907, 37.60152 ], [ -122.11192, 37.60419 ], [ -122.11401, 37.60474 ], [ -122.11538, 37.6043 ], [ -122.11581, 37.60261 ], [ -122.11827, 37.6027 ], [ -122.12061, 37.60111 ], [ -122.12237, 37.59836 ], [ -122.12122, 37.59645 ], [ -122.12333, 37.59292 ], [ -122.12608, 37.59232 ], [ -122.12713, 37.59394 ], [ -122.12684, 37.59625 ], [ -122.12827, 37.59709 ], [ -122.13045, 37.5963 ], [ -122.1307, 37.59292 ], [ -122.13235, 37.59227 ], [ -122.13379, 37.59526 ], [ -122.13338, 37.59685 ], [ -122.13438, 37.59842 ], [ -122.13867, 37.59751 ], [ -122.14004, 37.59809 ], [ -122.14118, 37.59976 ], [ -122.14129, 37.60217 ], [ -122.1396, 37.6033 ], [ -122.13641, 37.60422 ], [ -122.13453, 37.60639 ], [ -122.13704, 37.60652 ], [ -122.14101, 37.60854 ], [ -122.14305, 37.60525 ], [ -122.14599, 37.60265 ], [ -122.14636, 37.60739 ], [ -122.1514, 37.62054 ], [ -122.15299, 37.64192 ], [ -122.16011, 37.66384 ] ] ] } },
{ "type": "Feature", "properties": { "zip_code": "94403", "county": "San Mateo", "band": 60.0, "band_source": "routed", "drive_min": 59.2, "distance_mi": 39.4, "memberships": 0, "regular": null, "associate": null, "median_age": null, "age_note": null, "pt_lon": -122.30323, "pt_lat": 37.5407 }, "geometry": { "type": "Polygon", "coordinates": [ [ [ -122.33265, 37.522 ], [ -122.3323, 37.52517 ], [ -122.32915, 37.53528 ], [ -122.32996, 37.541 ], [ -122.32859, 37.54356 ], [ -122.32444, 37.54661 ], [ -122.31361, 37.54954 ], [ -122.3089, 37.5523 ], [ -122.29628, 37.55335 ], [ -122.30278, 37.56033 ], [ -122.29705, 37.56293 ], [ -122.2971, 37.56772 ], [ -122.28715, 37.56758 ], [ -122.28652, 37.56607 ], [ -122.28733, 37.56533 ], [ -122.29065, 37.56497 ], [ -122.29323, 37.56352 ], [ -122.29268, 37.5614 ], [ -122.29102, 37.55992 ], [ -122.29298, 37.55674 ], [ -122.29025, 37.55456 ], [ -122.28916, 37.5549 ], [ -122.287, 37.55291 ], [ -122.28391, 37.55413 ], [ -122.28196, 37.55334 ], [ -122.28201, 37.55146 ], [ -122.28449, 37.55047 ], [ -122.28355, 37.54827 ], [ -122.28021, 37.54847 ], [ -122.27898, 37.54565 ], [ -122.27714, 37.54416 ], [ -122.27648, 37.5404 ], [ -122.27883, 37.5364 ], [ -122.27666, 37.53422 ], [ -122.27732, 37.53293 ], [ -122.27497, 37.53047 ], [ -122.27645, 37.52951 ], [ -122.27785, 37.52987 ], [ -122.27828, 37.52883 ], [ -122.28554, 37.53067 ], [ -122.28741, 37.52927 ], [ -122.3073, 37.52116 ], [ -122.31174, 37.52444 ], [ -122.31328, 37.52156 ], [ -122.31443, 37.52111 ], [ -122.31496, 37.51921 ], [ -122.31972, 37.51948 ], [ -122.32179, 37.52122 ], [ -122.32371, 37.52102 ], [ -122.32551, 37.51909 ], [ -122.32485, 37.51732 ], [ -122.32685, 37.51506 ], [ -122.32971, 37.51317 ], [ -122.32899, 37.51484 ], [ -122.32928, 37.51695 ], [ -122.33265, 37.522 ] ] ] } },
{ "type": "Feature", "properties": { "zip_code": "94518", "county": "Contra Costa", "band": 60.0, "band_source": "routed", "drive_min": 46.4, "distance_mi": 31.3, "memberships": 0, "regular": null, "associate": null, "median_age": null, "age_note": null, "pt_lon": -122.02212, "pt_lat": 37.952 }, "geometry": { "type": "Polygon", "coordinates": [ [ [ -122.05229, 37.93758 ], [ -122.05139, 37.94277 ], [ -122.04979, 37.94268 ], [ -122.04978, 37.94547 ], [ -122.05164, 37.94755 ], [ -122.05085, 37.94809 ], [ -122.05043, 37.94723 ], [ -122.04704, 37.94808 ], [ -122.04787, 37.95015 ], [ -122.04326, 37.95335 ], [ -122.04272, 37.95285 ], [ -122.04215, 37.95324 ], [ -122.04268, 37.95376 ], [ -122.03317, 37.96043 ], [ -122.03173, 37.96407 ], [ -122.03081, 37.96417 ], [ -122.03123, 37.96839 ], [ -122.02841, 37.97539 ], [ -122.01534, 37.97171 ], [ -122.01572, 37.97086 ], [ -122.01376, 37.9703 ], [ -122.01336, 37.97116 ], [ -122.00936, 37.97 ], [ -122.00864, 37.96593 ], [ -122.00752, 37.96607 ], [ -122.00734, 37.96535 ], [ -122.00674, 37.96541 ], [ -122.00634, 37.96374 ], [ -122.00812, 37.96313 ], [ -122.00803, 37.96165 ], [ -122.00117, 37.95575 ], [ -122.00161, 37.95545 ], [ -121.9969, 37.95043 ], [ -121.99629, 37.95067 ], [ -121.99519, 37.94902 ], [ -121.99223, 37.94716 ], [ -121.9951, 37.94553 ], [ -121.9969, 37.94269 ], [ -121.9977, 37.93721 ], [ -122.001, 37.93454 ], [ -122.00388, 37.93071 ], [ -122.00447, 37.93445 ], [ -122.00566, 37.93636 ], [ -122.00804, 37.93789 ], [ -122.00771, 37.93953 ], [ -122.0103, 37.94047 ], [ -122.01745, 37.93561 ], [ -122.01908, 37.9356 ], [ -122.02631, 37.93147 ], [ -122.02902, 37.93445 ], [ -122.03378, 37.932 ], [ -122.03513, 37.93347 ], [ -122.0337, 37.9342 ], [ -122.03489, 37.93555 ], [ -122.0332, 37.93642 ], [ -122.03587, 37.93939 ], [ -122.04667, 37.93384 ], [ -122.05068, 37.938 ], [ -122.05229, 37.93758 ] ] ] } },
{ "type": "Feature", "properties": { "zip_code": "94501", "county": "Alameda", "band": 30.0, "band_source": "routed", "drive_min": 28.7, "distance_mi": 16.8, "memberships": 15, "regular": 14.0, "associate": 1.0, "median_age": 65.0, "age_note": null, "pt_lon": -122.27161, "pt_lat": 37.77399 }, "geometry": { "type": "Polygon", "coordinates": [ [ [ -122.333, 37.79905 ], [ -122.32851, 37.79749 ], [ -122.30104, 37.79195 ], [ -122.2948, 37.79216 ], [ -122.28597, 37.79362 ], [ -122.27824, 37.79313 ], [ -122.26854, 37.78793 ], [ -122.26006, 37.78449 ], [ -122.25396, 37.78678 ], [ -122.25133, 37.78688 ], [ -122.24659, 37.78468 ], [ -122.24522, 37.78303 ], [ -122.24482, 37.77912 ], [ -122.24354, 37.77628 ], [ -122.2405, 37.77373 ], [ -122.22658, 37.76693 ], [ -122.2249, 37.76456 ], [ -122.22348, 37.7547 ], [ -122.22608, 37.74967 ], [ -122.23641, 37.74855 ], [ -122.23665, 37.75015 ], [ -122.23687, 37.74972 ], [ -122.24395, 37.75178 ], [ -122.27191, 37.76151 ], [ -122.27537, 37.76594 ], [ -122.2756, 37.76746 ], [ -122.27719, 37.76847 ], [ -122.27882, 37.76782 ], [ -122.2794, 37.76813 ], [ -122.28307, 37.76386 ], [ -122.28901, 37.76461 ], [ -122.28877, 37.76874 ], [ -122.29987, 37.77234 ], [ -122.30643, 37.77611 ], [ -122.31539, 37.7766 ], [ -122.31777, 37.77968 ], [ -122.33204, 37.78204 ], [ -122.33094, 37.79514 ], [ -122.333, 37.79905 ] ] ] } },
{ "type": "Feature", "properties": { "zip_code": "94502", "county": "Alameda", "band": 45.0, "band_source": "routed", "drive_min": 39.9, "distance_mi": 22.7, "memberships": 2, "regular": null, "associate": null, "median_age": null, "age_note": "suppressed", "pt_lon": -122.23898, "pt_lat": 37.73111 }, "geometry": { "type": "Polygon", "coordinates": [ [ [ -122.26168, 37.74337 ], [ -122.25073, 37.74817 ], [ -122.24009, 37.74801 ], [ -122.23619, 37.74733 ], [ -122.23641, 37.74855 ], [ -122.23592, 37.74747 ], [ -122.23578, 37.74804 ], [ -122.22651, 37.74788 ], [ -122.22677, 37.72766 ], [ -122.22834, 37.72773 ], [ -122.23618, 37.71985 ], [ -122.24846, 37.72787 ], [ -122.25599, 37.73567 ], [ -122.26097, 37.73961 ], [ -122.26168, 37.74337 ] ] ] } },
{ "type": "Feature", "properties": { "zip_code": "94516", "county": "Contra Costa", "band": 45.0, "band_source": "routed", "drive_min": 37.8, "distance_mi": 22.7, "memberships": 0, "regular": null, "associate": null, "median_age": null, "age_note": null, "pt_lon": -122.16576, "pt_lat": 37.82434 }, "geometry": { "type": "Polygon", "coordinates": [ [ [ -122.18827, 37.8379 ], [ -122.18376, 37.84007 ], [ -122.18129, 37.83972 ], [ -122.1726, 37.84516 ], [ -122.16807, 37.84374 ], [ -122.16549, 37.8445 ], [ -122.16402, 37.84337 ], [ -122.15853, 37.8419 ], [ -122.15601, 37.83747 ], [ -122.15577, 37.83181 ], [ -122.14938, 37.82821 ], [ -122.14558, 37.82513 ], [ -122.14359, 37.82222 ], [ -122.14649, 37.81842 ], [ -122.13976, 37.80779 ], [ -122.13998, 37.80705 ], [ -122.13865, 37.80463 ], [ -122.14032, 37.8047 ], [ -122.14881, 37.81376 ], [ -122.15295, 37.81503 ], [ -122.15739, 37.81795 ], [ -122.16687, 37.81342 ], [ -122.17278, 37.81583 ], [ -122.17787, 37.81632 ], [ -122.18122, 37.81934 ], [ -122.18558, 37.82073 ], [ -122.18687, 37.82208 ], [ -122.18573, 37.82537 ], [ -122.18702, 37.82754 ], [ -122.18565, 37.83173 ], [ -122.18382, 37.83435 ], [ -122.18512, 37.83735 ], [ -122.18827, 37.8379 ] ] ] } },
{ "type": "Feature", "properties": { "zip_code": "94520", "county": "Contra Costa", "band": 45.0, "band_source": "routed", "drive_min": 36.4, "distance_mi": 26.6, "memberships": 1, "regular": null, "associate": null, "median_age": null, "age_note": "suppressed", "pt_lon": -122.04828, "pt_lat": 37.99026 }, "geometry": { "type": "Polygon", "coordinates": [ [ [ -122.07732, 38.00845 ], [ -122.07841, 38.00869 ], [ -122.07833, 38.01023 ], [ -122.07622, 38.01226 ], [ -122.07581, 38.0141 ], [ -122.0775, 38.01661 ], [ -122.07818, 38.0203 ], [ -122.07015, 38.02468 ], [ -122.07031, 38.02027 ], [ -122.06934, 38.01612 ], [ -122.06485, 38.02026 ], [ -122.05372, 38.00233 ], [ -122.05059, 38.00319 ], [ -122.04803, 38.00298 ], [ -122.04839, 38.00622 ], [ -122.04541, 38.00853 ], [ -122.04601, 38.01106 ], [ -122.04192, 38.01166 ], [ -122.03992, 38.01287 ], [ -122.03552, 38.01361 ], [ -122.03359, 38.02258 ], [ -122.03067, 38.02299 ], [ -122.03085, 38.02136 ], [ -122.02992, 38.02049 ], [ -122.02816, 38.02039 ], [ -122.02777, 38.02097 ], [ -122.03217, 38.02962 ], [ -122.03168, 38.0299 ], [ -122.03228, 38.03101 ], [ -122.03108, 38.03255 ], [ -122.02873, 38.03293 ], [ -122.02972, 38.0313 ], [ -122.02617, 38.0245 ], [ -122.01872, 38.02075 ], [ -122.01247, 38.01865 ], [ -122.01052, 38.01678 ], [ -122.00878, 38.01687 ], [ -122.00369, 38.0135 ], [ -122.00596, 38.01577 ], [ -122.00635, 38.01807 ], [ -122.00246, 38.01888 ], [ -122.00129, 38.02048 ], [ -121.99648, 38.0172 ], [ -121.99493, 38.01852 ], [ -121.99186, 38.01765 ], [ -121.99884, 38.01479 ], [ -121.99734, 38.01354 ], [ -121.97717, 38.02297 ], [ -121.97211, 38.02368 ], [ -121.97591, 38.02303 ], [ -121.97925, 38.02174 ], [ -121.98005, 38.02004 ], [ -121.98335, 38.01966 ], [ -121.98592, 38.01723 ], [ -121.98783, 38.01662 ], [ -121.98787, 38.01577 ], [ -121.97976, 38.00803 ], [ -121.98116, 38.00684 ], [ -121.97986, 38.00635 ], [ -121.98037, 38.00416 ], [ -121.97702, 38.0049 ], [ -121.97677, 38.0045 ], [ -121.97721, 38.0034 ], [ -121.98062, 38.00291 ], [ -121.98626, 37.99767 ], [ -121.98532, 37.9964 ], [ -121.98635, 37.9948 ], [ -121.98454, 37.99371 ], [ -121.98503, 37.99307 ], [ -121.98766, 37.99448 ], [ -121.98982, 37.99426 ], [ -121.99455, 37.99739 ], [ -121.99661, 37.99955 ], [ -122.00098, 37.99937 ], [ -122.00002, 38.00229 ], [ -122.00156, 38.00609 ], [ -122.01126, 38.01124 ], [ -122.02252, 38.00948 ], [ -122.02295, 38.00625 ], [ -122.02398, 38.00442 ], [ -122.03326, 37.99155 ], [ -122.03372, 37.98947 ], [ -122.02959, 37.97854 ], [ -122.03063, 37.97818 ], [ -122.02996, 37.97727 ], [ -122.0291, 37.97736 ], [ -122.02841, 37.97539 ], [ -122.03123, 37.96839 ], [ -122.03081, 37.96417 ], [ -122.03173, 37.96407 ], [ -122.03317, 37.96043 ], [ -122.04268, 37.95376 ], [ -122.04215, 37.95324 ], [ -122.04272, 37.95285 ], [ -122.04326, 37.95335 ], [ -122.04787, 37.95015 ], [ -122.04704, 37.94808 ], [ -122.04833, 37.94749 ], [ -122.05043, 37.94723 ], [ -122.05085, 37.94809 ], [ -122.05164, 37.94755 ], [ -122.0538, 37.95162 ], [ -122.05443, 37.95396 ], [ -122.05255, 37.95872 ], [ -122.05618, 37.96607 ], [ -122.06171, 37.96242 ], [ -122.06318, 37.97034 ], [ -122.06071, 37.97066 ], [ -122.06285, 37.97372 ], [ -122.06404, 37.97405 ], [ -122.06555, 37.97982 ], [ -122.06375, 37.98216 ], [ -122.06295, 37.98753 ], [ -122.06308, 37.99614 ], [ -122.06144, 37.99728 ], [ -122.0564, 37.99902 ], [ -122.05813, 38.00172 ], [ -122.06574, 38.00926 ], [ -122.06966, 38.0157 ], [ -122.07495, 38.00947 ], [ -122.07705, 38.00857 ], [ -122.07493, 38.00567 ], [ -122.07895, 38.00593 ], [ -122.07732, 38.00845 ] ] ] } },
{ "type": "Feature", "properties": { "zip_code": "94563", "county": "Contra Costa", "band": 30.0, "band_source": "routed", "drive_min": 29.2, "distance_mi": 19.8, "memberships": 7, "regular": 7.0, "associate": 0.0, "median_age": 65.0, "age_note": null, "pt_lon": -122.19034, "pt_lat": 37.87977 }, "geometry": { "type": "Polygon", "coordinates": [ [ [ -122.25541, 37.89883 ], [ -122.24705, 37.90544 ], [ -122.24775, 37.90566 ], [ -122.24773, 37.90904 ], [ -122.24925, 37.91008 ], [ -122.24954, 37.91108 ], [ -122.25308, 37.91176 ], [ -122.25101, 37.91511 ], [ -122.25222, 37.91865 ], [ -122.2555, 37.92154 ], [ -122.24008, 37.92171 ], [ -122.23799, 37.92116 ], [ -122.24005, 37.91913 ], [ -122.23695, 37.91987 ], [ -122.23453, 37.91717 ], [ -122.23249, 37.91657 ], [ -122.2308, 37.91234 ], [ -122.22765, 37.9084 ], [ -122.22525, 37.90809 ], [ -122.22477, 37.90717 ], [ -122.22274, 37.90655 ], [ -122.21676, 37.90683 ], [ -122.21498, 37.90561 ], [ -122.21487, 37.90402 ], [ -122.21429, 37.90453 ], [ -122.21577, 37.90713 ], [ -122.21249, 37.90806 ], [ -122.21193, 37.90991 ], [ -122.20892, 37.90894 ], [ -122.21037, 37.90861 ], [ -122.2111, 37.90789 ], [ -122.21126, 37.90685 ], [ -122.21054, 37.90582 ], [ -122.21113, 37.90725 ], [ -122.2105, 37.90837 ], [ -122.20856, 37.90879 ], [ -122.2049, 37.90841 ], [ -122.20329, 37.90952 ], [ -122.20002, 37.91489 ], [ -122.19986, 37.91751 ], [ -122.19801, 37.9186 ], [ -122.1957, 37.92155 ], [ -122.19261, 37.92018 ], [ -122.18849, 37.91983 ], [ -122.18485, 37.91873 ], [ -122.17696, 37.91814 ], [ -122.17566, 37.91582 ], [ -122.17406, 37.91539 ], [ -122.16679, 37.91703 ], [ -122.16535, 37.91551 ], [ -122.16091, 37.91304 ], [ -122.16094, 37.90954 ], [ -122.16522, 37.90949 ], [ -122.16506, 37.89236 ], [ -122.16692, 37.89205 ], [ -122.16688, 37.8895 ], [ -122.16503, 37.88955 ], [ -122.16499, 37.88535 ], [ -122.16169, 37.88309 ], [ -122.16324, 37.88113 ], [ -122.15817, 37.88116 ], [ -122.15581, 37.88186 ], [ -122.15573, 37.88357 ], [ -122.15368, 37.88303 ], [ -122.15544, 37.88257 ], [ -122.15586, 37.88139 ], [ -122.15555, 37.87263 ], [ -122.15668, 37.8716 ], [ -122.14425, 37.86852 ], [ -122.1429, 37.86728 ], [ -122.14323, 37.86591 ], [ -122.14381, 37.86621 ], [ -122.14429, 37.86564 ], [ -122.14436, 37.8627 ], [ -122.14294, 37.86328 ], [ -122.1426, 37.85265 ], [ -122.14032, 37.85195 ], [ -122.13944, 37.84904 ], [ -122.14239, 37.84734 ], [ -122.14052, 37.84425 ], [ -122.14235, 37.84136 ], [ -122.14345, 37.84195 ], [ -122.14604, 37.83887 ], [ -122.14869, 37.83919 ], [ -122.15674, 37.84364 ], [ -122.15853, 37.8419 ], [ -122.16402, 37.84337 ], [ -122.16549, 37.8445 ], [ -122.16807, 37.84374 ], [ -122.1726, 37.84516 ], [ -122.18129, 37.83972 ], [ -122.18376, 37.84007 ], [ -122.18867, 37.83792 ], [ -122.1886, 37.85105 ], [ -122.18897, 37.85043 ], [ -122.20266, 37.85048 ], [ -122.2031, 37.85119 ], [ -122.2089, 37.85194 ], [ -122.21185, 37.8568 ], [ -122.21983, 37.86477 ], [ -122.22142, 37.86547 ], [ -122.21979, 37.86733 ], [ -122.21637, 37.86908 ], [ -122.21764, 37.87225 ], [ -122.2198, 37.87349 ], [ -122.22362, 37.87857 ], [ -122.22884, 37.88102 ], [ -122.23868, 37.88332 ], [ -122.24197, 37.88193 ], [ -122.24926, 37.88697 ], [ -122.25029, 37.88983 ], [ -122.24915, 37.89113 ], [ -122.25105, 37.89382 ], [ -122.25287, 37.89373 ], [ -122.25268, 37.89499 ], [ -122.25363, 37.89614 ], [ -122.25516, 37.89626 ], [ -122.25541, 37.89883 ] ] ] } },
{ "type": "Feature", "properties": { "zip_code": "94505", "county": "Contra Costa", "band": null, "band_source": "routed", "drive_min": 75.7, "distance_mi": 58.9, "memberships": 1, "regular": null, "associate": null, "median_age": null, "age_note": "suppressed", "pt_lon": -121.59367, "pt_lat": 37.86546 }, "geometry": { "type": "Polygon", "coordinates": [ [ [ -121.6321, 37.89642 ], [ -121.62304, 37.89641 ], [ -121.62292, 37.91499 ], [ -121.62143, 37.91499 ], [ -121.62144, 37.91645 ], [ -121.62291, 37.91645 ], [ -121.6229, 37.91726 ], [ -121.61839, 37.91732 ], [ -121.61856, 37.91874 ], [ -121.62289, 37.91868 ], [ -121.62272, 37.93278 ], [ -121.60894, 37.93282 ], [ -121.60586, 37.91737 ], [ -121.59371, 37.91792 ], [ -121.5911, 37.92084 ], [ -121.58895, 37.92054 ], [ -121.58696, 37.91922 ], [ -121.58216, 37.91752 ], [ -121.57713, 37.91839 ], [ -121.57479, 37.91787 ], [ -121.57174, 37.91567 ], [ -121.56592, 37.9161 ], [ -121.56321, 37.91222 ], [ -121.56329, 37.9106 ], [ -121.56477, 37.90901 ], [ -121.57263, 37.90466 ], [ -121.57177, 37.9025 ], [ -121.56816, 37.90102 ], [ -121.56695, 37.89991 ], [ -121.5659, 37.89767 ], [ -121.56641, 37.89521 ], [ -121.56768, 37.89243 ], [ -121.5699, 37.89086 ], [ -121.57553, 37.88898 ], [ -121.57592, 37.88755 ], [ -121.57387, 37.8834 ], [ -121.57943, 37.8723 ], [ -121.57883, 37.86995 ], [ -121.57374, 37.86651 ], [ -121.57352, 37.86493 ], [ -121.56961, 37.86066 ], [ -121.56829, 37.86 ], [ -121.57059, 37.85801 ], [ -121.56802, 37.85704 ], [ -121.5659, 37.85786 ], [ -121.56261, 37.85335 ], [ -121.56198, 37.85314 ], [ -121.56122, 37.85428 ], [ -121.5623, 37.85568 ], [ -121.56181, 37.85713 ], [ -121.55989, 37.85882 ], [ -121.55526, 37.85801 ], [ -121.55374, 37.85923 ], [ -121.55312, 37.86096 ], [ -121.55168, 37.8604 ], [ -121.54899, 37.85625 ], [ -121.5475, 37.85523 ], [ -121.54112, 37.85775 ], [ -121.54035, 37.85672 ], [ -121.54148, 37.85522 ], [ -121.54201, 37.85131 ], [ -121.54004, 37.84884 ], [ -121.53841, 37.84925 ], [ -121.53721, 37.85084 ], [ -121.53425, 37.84989 ], [ -121.53493, 37.84754 ], [ -121.5368, 37.84626 ], [ -121.53679, 37.84418 ], [ -121.53804, 37.84295 ], [ -121.53799, 37.84091 ], [ -121.53887, 37.8393 ], [ -121.53819, 37.83742 ], [ -121.5416, 37.83542 ], [ -121.5422, 37.83379 ], [ -121.54419, 37.83254 ], [ -121.54587, 37.83234 ], [ -121.54774, 37.83338 ], [ -121.54946, 37.83357 ], [ -121.55197, 37.83 ], [ -121.55224, 37.82713 ], [ -121.55115, 37.8251 ], [ -121.5525, 37.82403 ], [ -121.55208, 37.8225 ], [ -121.5539, 37.818 ], [ -121.55694, 37.81722 ], [ -121.55696, 37.79884 ], [ -121.6027, 37.82792 ], [ -121.6188, 37.84563 ], [ -121.6125, 37.84617 ], [ -121.61402, 37.8479 ], [ -121.61367, 37.86744 ], [ -121.61712, 37.8674 ], [ -121.61444, 37.88932 ], [ -121.6322, 37.88929 ], [ -121.6321, 37.89642 ] ] ] } },
{ "type": "Feature", "properties": { "zip_code": "94506", "county": "Contra Costa", "band": 60.0, "band_source": "routed", "drive_min": 56.8, "distance_mi": 38.5, "memberships": 1, "regular": null, "associate": null, "median_age": null, "age_note": "suppressed", "pt_lon": -121.90509, "pt_lat": 37.79332 }, "geometry": { "type": "Polygon", "coordinates": [ [ [ -121.9671, 37.83523 ], [ -121.9659, 37.83393 ], [ -121.96219, 37.83307 ], [ -121.96048, 37.8335 ], [ -121.95907, 37.83321 ], [ -121.95688, 37.83206 ], [ -121.95192, 37.83193 ], [ -121.95162, 37.83517 ], [ -121.94797, 37.8389 ], [ -121.94756, 37.84023 ], [ -121.94918, 37.84086 ], [ -121.95022, 37.84392 ], [ -121.94815, 37.84228 ], [ -121.94613, 37.84331 ], [ -121.94393, 37.84198 ], [ -121.94165, 37.84341 ], [ -121.94034, 37.84319 ], [ -121.9407, 37.84192 ], [ -121.93816, 37.84117 ], [ -121.93722, 37.84269 ], [ -121.93726, 37.84427 ], [ -121.93603, 37.84362 ], [ -121.93376, 37.84402 ], [ -121.93242, 37.84156 ], [ -121.93134, 37.84219 ], [ -121.92919, 37.84184 ], [ -121.92708, 37.84278 ], [ -121.92522, 37.84115 ], [ -121.92267, 37.84088 ], [ -121.92234, 37.84258 ], [ -121.92107, 37.84302 ], [ -121.90917, 37.84032 ], [ -121.86297, 37.83362 ], [ -121.86421, 37.83119 ], [ -121.86408, 37.82971 ], [ -121.86608, 37.82609 ], [ -121.86875, 37.82205 ], [ -121.87168, 37.81976 ], [ -121.87186, 37.81719 ], [ -121.8748, 37.81314 ], [ -121.87498, 37.81108 ], [ -121.87647, 37.80981 ], [ -121.87533, 37.80912 ], [ -121.87338, 37.80914 ], [ -121.86666, 37.80721 ], [ -121.86056, 37.80355 ], [ -121.86062, 37.80633 ], [ -121.85876, 37.80832 ], [ -121.86042, 37.80605 ], [ -121.86015, 37.80414 ], [ -121.86186, 37.79934 ], [ -121.86393, 37.79743 ], [ -121.86505, 37.79496 ], [ -121.86379, 37.79096 ], [ -121.86419, 37.78842 ], [ -121.8617, 37.77584 ], [ -121.86633, 37.76542 ], [ -121.86808, 37.75664 ], [ -121.86944, 37.75554 ], [ -121.87298, 37.75432 ], [ -121.8758, 37.75154 ], [ -121.87492, 37.74959 ], [ -121.87648, 37.74881 ], [ -121.87825, 37.74639 ], [ -121.88208, 37.74334 ], [ -121.8832, 37.74299 ], [ -121.8826, 37.74543 ], [ -121.88285, 37.75285 ], [ -121.87962, 37.75755 ], [ -121.88115, 37.75863 ], [ -121.8809, 37.76577 ], [ -121.87919, 37.76753 ], [ -121.88002, 37.76932 ], [ -121.87898, 37.77187 ], [ -121.87702, 37.77336 ], [ -121.87698, 37.77574 ], [ -121.87849, 37.77811 ], [ -121.87811, 37.78127 ], [ -121.90066, 37.7814 ], [ -121.90063, 37.78867 ], [ -121.92377, 37.78826 ], [ -121.92372, 37.79241 ], [ -121.93278, 37.79239 ], [ -121.93284, 37.7889 ], [ -121.94194, 37.78879 ], [ -121.94194, 37.79106 ], [ -121.94648, 37.79314 ], [ -121.94646, 37.7945 ], [ -121.95353, 37.79813 ], [ -121.95116, 37.80257 ], [ -121.95208, 37.80317 ], [ -121.94958, 37.80747 ], [ -121.94251, 37.80417 ], [ -121.94172, 37.80592 ], [ -121.94263, 37.80907 ], [ -121.94506, 37.81027 ], [ -121.94587, 37.80915 ], [ -121.94871, 37.81073 ], [ -121.94895, 37.81291 ], [ -121.95112, 37.81246 ], [ -121.9511, 37.81669 ], [ -121.9476, 37.81686 ], [ -121.94884, 37.81945 ], [ -121.95495, 37.82188 ], [ -121.9546, 37.82359 ], [ -121.9574, 37.8264 ], [ -121.95977, 37.83085 ], [ -121.95647, 37.83174 ], [ -121.95913, 37.83309 ], [ -121.96248, 37.83294 ], [ -121.96616, 37.83393 ], [ -121.9671, 37.83523 ] ] ] } },
{ "type": "Feature", "properties": { "zip_code": "94509", "county": "Contra Costa", "band": 60.0, "band_source": "routed", "drive_min": 49.5, "distance_mi": 39.7, "memberships": 0, "regular": null, "associate": null, "median_age": null, "age_note": null, "pt_lon": -121.82302, "pt_lat": 37.98549 }, "geometry": { "type": "Polygon", "coordinates": [ [ [ -121.869, 37.95638 ], [ -121.86897, 37.98301 ], [ -121.86048, 37.98316 ], [ -121.86085, 37.998 ], [ -121.85603, 37.998 ], [ -121.85663, 38.00525 ], [ -121.85573, 38.0088 ], [ -121.83743, 38.00378 ], [ -121.83321, 38.00749 ], [ -121.8449, 38.01001 ], [ -121.84244, 38.01311 ], [ -121.84238, 38.02047 ], [ -121.83825, 38.02486 ], [ -121.83725, 38.02447 ], [ -121.83557, 38.02556 ], [ -121.83448, 38.02404 ], [ -121.82617, 38.02432 ], [ -121.81769, 38.0184 ], [ -121.80396, 38.01641 ], [ -121.80391, 38.0174 ], [ -121.80026, 38.01746 ], [ -121.78449, 38.01495 ], [ -121.77957, 38.0148 ], [ -121.77202, 38.01641 ], [ -121.76738, 38.01857 ], [ -121.76456, 38.01851 ], [ -121.76524, 38.01912 ], [ -121.76288, 38.01996 ], [ -121.75717, 38.01983 ], [ -121.75577, 38.0176 ], [ -121.75549, 38.01982 ], [ -121.75159, 38.01975 ], [ -121.75142, 38.01695 ], [ -121.75089, 38.01671 ], [ -121.75076, 38.00908 ], [ -121.75238, 38.00926 ], [ -121.75647, 37.99306 ], [ -121.75825, 37.99095 ], [ -121.76177, 37.99031 ], [ -121.77146, 37.9937 ], [ -121.78534, 37.99612 ], [ -121.7839, 37.99294 ], [ -121.78459, 37.99016 ], [ -121.78758, 37.99035 ], [ -121.78758, 37.98731 ], [ -121.78569, 37.98731 ], [ -121.78539, 37.9848 ], [ -121.78383, 37.98242 ], [ -121.78423, 37.98078 ], [ -121.78611, 37.97898 ], [ -121.78642, 37.97783 ], [ -121.78597, 37.97591 ], [ -121.78223, 37.97121 ], [ -121.78502, 37.96956 ], [ -121.78591, 37.96806 ], [ -121.79706, 37.97164 ], [ -121.80356, 37.97809 ], [ -121.80442, 37.97739 ], [ -121.80315, 37.97621 ], [ -121.8049, 37.97361 ], [ -121.80546, 37.96757 ], [ -121.80823, 37.96747 ], [ -121.81279, 37.96546 ], [ -121.82241, 37.96534 ], [ -121.82178, 37.96281 ], [ -121.82312, 37.95985 ], [ -121.82405, 37.95459 ], [ -121.82098, 37.95277 ], [ -121.83075, 37.94794 ], [ -121.83134, 37.94697 ], [ -121.83396, 37.94634 ], [ -121.83482, 37.9453 ], [ -121.83582, 37.94534 ], [ -121.83717, 37.94724 ], [ -121.84193, 37.94891 ], [ -121.84595, 37.95273 ], [ -121.84433, 37.95725 ], [ -121.84327, 37.95535 ], [ -121.84072, 37.95553 ], [ -121.83947, 37.95649 ], [ -121.83859, 37.95957 ], [ -121.83541, 37.95967 ], [ -121.83396, 37.96092 ], [ -121.83166, 37.96142 ], [ -121.8309, 37.96381 ], [ -121.8282, 37.96548 ], [ -121.83446, 37.96601 ], [ -121.83759, 37.96767 ], [ -121.8376, 37.96862 ], [ -121.85127, 37.96872 ], [ -121.85128, 37.98319 ], [ -121.85465, 37.98322 ], [ -121.85569, 37.98109 ], [ -121.85732, 37.98041 ], [ -121.85839, 37.97879 ], [ -121.86169, 37.97618 ], [ -121.86151, 37.97449 ], [ -121.86358, 37.96852 ], [ -121.8627, 37.96243 ], [ -121.86295, 37.95929 ], [ -121.86547, 37.95613 ], [ -121.869, 37.95638 ] ] ] } },
{ "type": "Feature", "properties": { "zip_code": "94024", "county": "Santa Clara", "band": null, "band_source": "routed", "drive_min": 78.0, "distance_mi": 61.9, "memberships": 1, "regular": null, "associate": null, "median_age": null, "age_note": "suppressed", "pt_lon": -122.09238, "pt_lat": 37.35665 }, "geometry": { "type": "Polygon", "coordinates": [ [ [ -122.14355, 37.34604 ], [ -122.14154, 37.34608 ], [ -122.14163, 37.34891 ], [ -122.13722, 37.34896 ], [ -122.13585, 37.34624 ], [ -122.13416, 37.34888 ], [ -122.12885, 37.3489 ], [ -122.12781, 37.3468 ], [ -122.12411, 37.34686 ], [ -122.12342, 37.34868 ], [ -122.12228, 37.34765 ], [ -122.12033, 37.34736 ], [ -122.11576, 37.35597 ], [ -122.11796, 37.35771 ], [ -122.12023, 37.36112 ], [ -122.11201, 37.36927 ], [ -122.11077, 37.3686 ], [ -122.10959, 37.3696 ], [ -122.11069, 37.37062 ], [ -122.09938, 37.36189 ], [ -122.1097, 37.37005 ], [ -122.10925, 37.37118 ], [ -122.10978, 37.37165 ], [ -122.10053, 37.38146 ], [ -122.09789, 37.38138 ], [ -122.09657, 37.38248 ], [ -122.0972, 37.3842 ], [ -122.09598, 37.38553 ], [ -122.09598, 37.38468 ], [ -122.09076, 37.38464 ], [ -122.09044, 37.38405 ], [ -122.08952, 37.38458 ], [ -122.0901, 37.38262 ], [ -122.08887, 37.38134 ], [ -122.09598, 37.38139 ], [ -122.09599, 37.37966 ], [ -122.09319, 37.37965 ], [ -122.0932, 37.37677 ], [ -122.09597, 37.3768 ], [ -122.09603, 37.3669 ], [ -122.08977, 37.36685 ], [ -122.08916, 37.36594 ], [ -122.08239, 37.36683 ], [ -122.0806, 37.36683 ], [ -122.0806, 37.36617 ], [ -122.07785, 37.36617 ], [ -122.07781, 37.35902 ], [ -122.07052, 37.35904 ], [ -122.06868, 37.35792 ], [ -122.06866, 37.35676 ], [ -122.06575, 37.35676 ], [ -122.06571, 37.35951 ], [ -122.06301, 37.35955 ], [ -122.06061, 37.35204 ], [ -122.06308, 37.35205 ], [ -122.0647, 37.34895 ], [ -122.06364, 37.34697 ], [ -122.06519, 37.34315 ], [ -122.06206, 37.33807 ], [ -122.0624, 37.33754 ], [ -122.06756, 37.33747 ], [ -122.06382, 37.33415 ], [ -122.06803, 37.33545 ], [ -122.06833, 37.33419 ], [ -122.06383, 37.33349 ], [ -122.06082, 37.3311 ], [ -122.05965, 37.32935 ], [ -122.06029, 37.32854 ], [ -122.06229, 37.32871 ], [ -122.06226, 37.32985 ], [ -122.06913, 37.33141 ], [ -122.06971, 37.32972 ], [ -122.07164, 37.33133 ], [ -122.07481, 37.33198 ], [ -122.07653, 37.33328 ], [ -122.0797, 37.33409 ], [ -122.08083, 37.33195 ], [ -122.08337, 37.33386 ], [ -122.08317, 37.33689 ], [ -122.08966, 37.34063 ], [ -122.09098, 37.33612 ], [ -122.0926, 37.33577 ], [ -122.09339, 37.33361 ], [ -122.09709, 37.33149 ], [ -122.09826, 37.33142 ], [ -122.10158, 37.3328 ], [ -122.10384, 37.33522 ], [ -122.10715, 37.33665 ], [ -122.11851, 37.33665 ], [ -122.12006, 37.33787 ], [ -122.12224, 37.33851 ], [ -122.13168, 37.34012 ], [ -122.13222, 37.3311 ], [ -122.1457, 37.33105 ], [ -122.14355, 37.34604 ] ] ] } },
{ "type": "Feature", "properties": { "zip_code": "94025", "county": "San Mateo", "band": null, "band_source": "routed", "drive_min": 72.8, "distance_mi": 48.5, "memberships": 2, "regular": null, "associate": null, "median_age": null, "age_note": "suppressed", "pt_lon": -122.18043, "pt_lat": 37.44894 }, "geometry": { "type": "Polygon", "coordinates": [ [ [ -122.22927, 37.42473 ], [ -122.22552, 37.42473 ], [ -122.22455, 37.42411 ], [ -122.22096, 37.42793 ], [ -122.21897, 37.42896 ], [ -122.21755, 37.42796 ], [ -122.21338, 37.43274 ], [ -122.21399, 37.43316 ], [ -122.21244, 37.43501 ], [ -122.2129, 37.43525 ], [ -122.21198, 37.43634 ], [ -122.2124, 37.43657 ], [ -122.21092, 37.43834 ], [ -122.21012, 37.43793 ], [ -122.20761, 37.44013 ], [ -122.20697, 37.43984 ], [ -122.20656, 37.44038 ], [ -122.20177, 37.4389 ], [ -122.18759, 37.45582 ], [ -122.19561, 37.45985 ], [ -122.19342, 37.46179 ], [ -122.192, 37.46097 ], [ -122.18924, 37.46456 ], [ -122.18634, 37.46312 ], [ -122.18851, 37.46031 ], [ -122.18375, 37.45795 ], [ -122.18086, 37.46159 ], [ -122.17978, 37.4602 ], [ -122.1767, 37.45866 ], [ -122.17544, 37.46028 ], [ -122.17395, 37.45952 ], [ -122.16787, 37.4717 ], [ -122.17449, 37.47523 ], [ -122.1779, 37.47619 ], [ -122.18678, 37.47676 ], [ -122.1897, 37.47172 ], [ -122.1922, 37.47272 ], [ -122.19334, 37.47087 ], [ -122.19795, 37.47264 ], [ -122.20211, 37.46727 ], [ -122.20365, 37.46825 ], [ -122.20612, 37.46514 ], [ -122.20978, 37.46774 ], [ -122.20896, 37.46723 ], [ -122.20604, 37.46975 ], [ -122.20116, 37.47697 ], [ -122.18601, 37.47801 ], [ -122.18191, 37.48252 ], [ -122.18288, 37.484 ], [ -122.18221, 37.48513 ], [ -122.18929, 37.48666 ], [ -122.1895, 37.48753 ], [ -122.18278, 37.48825 ], [ -122.1785, 37.48699 ], [ -122.17804, 37.48631 ], [ -122.16508, 37.48285 ], [ -122.15812, 37.48207 ], [ -122.15041, 37.48214 ], [ -122.1509, 37.48533 ], [ -122.14958, 37.48648 ], [ -122.14612, 37.48661 ], [ -122.14516, 37.48427 ], [ -122.14255, 37.48637 ], [ -122.14155, 37.48546 ], [ -122.13976, 37.48085 ], [ -122.13952, 37.47593 ], [ -122.14586, 37.47559 ], [ -122.14718, 37.47357 ], [ -122.15369, 37.4745 ], [ -122.15632, 37.46941 ], [ -122.15056, 37.46599 ], [ -122.15126, 37.46274 ], [ -122.15, 37.46175 ], [ -122.1446, 37.46047 ], [ -122.14493, 37.4582 ], [ -122.14676, 37.45659 ], [ -122.14874, 37.45709 ], [ -122.15351, 37.45668 ], [ -122.15593, 37.45542 ], [ -122.15571, 37.45418 ], [ -122.15769, 37.4535 ], [ -122.15952, 37.45472 ], [ -122.1653, 37.45284 ], [ -122.16582, 37.45093 ], [ -122.16875, 37.44743 ], [ -122.17171, 37.44678 ], [ -122.17415, 37.44478 ], [ -122.1757, 37.44188 ], [ -122.1798, 37.44084 ], [ -122.17986, 37.43946 ], [ -122.18218, 37.43948 ], [ -122.18456, 37.43409 ], [ -122.18765, 37.43331 ], [ -122.19051, 37.43096 ], [ -122.18961, 37.42714 ], [ -122.19133, 37.4253 ], [ -122.18829, 37.4223 ], [ -122.18792, 37.42002 ], [ -122.19027, 37.41848 ], [ -122.18719, 37.41655 ], [ -122.18756, 37.41484 ], [ -122.19236, 37.41387 ], [ -122.19211, 37.4131 ], [ -122.19361, 37.41167 ], [ -122.1942, 37.40909 ], [ -122.19944, 37.41078 ], [ -122.19947, 37.41161 ], [ -122.20111, 37.41107 ], [ -122.20689, 37.4129 ], [ -122.21483, 37.41827 ], [ -122.22214, 37.41964 ], [ -122.22927, 37.42473 ] ] ] } },
{ "type": "Feature", "properties": { "zip_code": "94030", "county": "San Mateo", "band": 60.0, "band_source": "routed", "drive_min": 53.8, "distance_mi": 36.9, "memberships": 0, "regular": null, "associate": null, "median_age": null, "age_note": null, "pt_lon": -122.40221, "pt_lat": 37.59831 }, "geometry": { "type": "Polygon", "coordinates": [ [ [ -122.42837, 37.60573 ], [ -122.42672, 37.60495 ], [ -122.42288, 37.60714 ], [ -122.42072, 37.60922 ], [ -122.41588, 37.61071 ], [ -122.40927, 37.61405 ], [ -122.40581, 37.61224 ], [ -122.40528, 37.6136 ], [ -122.40607, 37.61498 ], [ -122.40174, 37.61085 ], [ -122.40048, 37.6115 ], [ -122.40108, 37.61218 ], [ -122.40016, 37.61265 ], [ -122.39908, 37.61202 ], [ -122.39647, 37.61286 ], [ -122.38353, 37.60448 ], [ -122.37886, 37.60724 ], [ -122.37784, 37.60669 ], [ -122.37854, 37.60559 ], [ -122.37705, 37.6051 ], [ -122.38406, 37.60045 ], [ -122.38291, 37.59946 ], [ -122.38043, 37.60093 ], [ -122.37884, 37.60099 ], [ -122.38715, 37.59564 ], [ -122.39011, 37.5925 ], [ -122.38831, 37.59119 ], [ -122.38995, 37.58824 ], [ -122.39095, 37.589 ], [ -122.39551, 37.58547 ], [ -122.39916, 37.58445 ], [ -122.40362, 37.58161 ], [ -122.41105, 37.58756 ], [ -122.41944, 37.59607 ], [ -122.42673, 37.60221 ], [ -122.42837, 37.60573 ] ] ] } },
{ "type": "Feature", "properties": { "zip_code": "94037", "county": "San Mateo", "band": null, "band_source": "routed", "drive_min": 66.3, "distance_mi": 41.0, "memberships": 1, "regular": null, "associate": null, "median_age": null, "age_note": "suppressed", "pt_lon": -122.49078, "pt_lat": 37.55683 }, "geometry": { "type": "Polygon", "coordinates": [ [ [ -122.51949, 37.5374 ], [ -122.51659, 37.54494 ], [ -122.51479, 37.54614 ], [ -122.51369, 37.55224 ], [ -122.51517, 37.56628 ], [ -122.51768, 37.56742 ], [ -122.51635, 37.56953 ], [ -122.51811, 37.571 ], [ -122.51761, 37.57322 ], [ -122.51421, 37.5748 ], [ -122.51266, 37.57759 ], [ -122.5108, 37.57639 ], [ -122.50912, 37.57406 ], [ -122.50192, 37.57219 ], [ -122.50036, 37.57234 ], [ -122.49758, 37.57051 ], [ -122.49443, 37.57029 ], [ -122.49257, 37.56659 ], [ -122.48543, 37.56551 ], [ -122.48007, 37.56214 ], [ -122.47789, 37.56214 ], [ -122.4777, 37.56355 ], [ -122.46764, 37.56351 ], [ -122.46762, 37.56629 ], [ -122.45979, 37.56604 ], [ -122.46816, 37.56079 ], [ -122.46926, 37.5592 ], [ -122.46514, 37.55494 ], [ -122.46911, 37.55535 ], [ -122.47095, 37.55442 ], [ -122.47218, 37.55209 ], [ -122.47215, 37.54979 ], [ -122.47309, 37.54903 ], [ -122.47359, 37.54559 ], [ -122.48055, 37.54014 ], [ -122.48247, 37.53982 ], [ -122.48598, 37.53741 ], [ -122.48899, 37.53366 ], [ -122.49106, 37.53435 ], [ -122.49385, 37.53341 ], [ -122.49776, 37.5335 ], [ -122.49854, 37.53396 ], [ -122.49674, 37.53664 ], [ -122.49882, 37.53758 ], [ -122.49989, 37.53601 ], [ -122.50263, 37.53676 ], [ -122.50388, 37.53572 ], [ -122.50561, 37.53647 ], [ -122.51111, 37.5325 ], [ -122.51949, 37.5374 ] ] ] } },
{ "type": "Feature", "properties": { "zip_code": "94044", "county": "San Mateo", "band": 60.0, "band_source": "routed", "drive_min": 51.9, "distance_mi": 34.5, "memberships": 0, "regular": null, "associate": null, "median_age": null, "age_note": null, "pt_lon": -122.4738, "pt_lat": 37.61362 }, "geometry": { "type": "Polygon", "coordinates": [ [ [ -122.52085, 37.59418 ], [ -122.51533, 37.59556 ], [ -122.51472, 37.59828 ], [ -122.50765, 37.59607 ], [ -122.50139, 37.59964 ], [ -122.50043, 37.60414 ], [ -122.50213, 37.60642 ], [ -122.50233, 37.60828 ], [ -122.49821, 37.60827 ], [ -122.49679, 37.61214 ], [ -122.49819, 37.61412 ], [ -122.49803, 37.62082 ], [ -122.49589, 37.62277 ], [ -122.49409, 37.64403 ], [ -122.49538, 37.66435 ], [ -122.49374, 37.66441 ], [ -122.49021, 37.6611 ], [ -122.48574, 37.6615 ], [ -122.48473, 37.66249 ], [ -122.48573, 37.66431 ], [ -122.48502, 37.66429 ], [ -122.48487, 37.66637 ], [ -122.4816, 37.66613 ], [ -122.47579, 37.66051 ], [ -122.47134, 37.65304 ], [ -122.47186, 37.64914 ], [ -122.46851, 37.64366 ], [ -122.46413, 37.63879 ], [ -122.46808, 37.6376 ], [ -122.46857, 37.63824 ], [ -122.47141, 37.63451 ], [ -122.47272, 37.6338 ], [ -122.4724, 37.63149 ], [ -122.46279, 37.61933 ], [ -122.45302, 37.61827 ], [ -122.45186, 37.61744 ], [ -122.45095, 37.61754 ], [ -122.45145, 37.61713 ], [ -122.45007, 37.61559 ], [ -122.45059, 37.61569 ], [ -122.44392, 37.59362 ], [ -122.46285, 37.58451 ], [ -122.45976, 37.58447 ], [ -122.45966, 37.57814 ], [ -122.45098, 37.57804 ], [ -122.45087, 37.57054 ], [ -122.45939, 37.57074 ], [ -122.45949, 37.56604 ], [ -122.46762, 37.56629 ], [ -122.46764, 37.56351 ], [ -122.4777, 37.56355 ], [ -122.47789, 37.56214 ], [ -122.48007, 37.56214 ], [ -122.48543, 37.56551 ], [ -122.49257, 37.56659 ], [ -122.49443, 37.57029 ], [ -122.49758, 37.57051 ], [ -122.50036, 37.57234 ], [ -122.50192, 37.57219 ], [ -122.50912, 37.57406 ], [ -122.5108, 37.57639 ], [ -122.51266, 37.57759 ], [ -122.50896, 37.58425 ], [ -122.50746, 37.58496 ], [ -122.51068, 37.58547 ], [ -122.51399, 37.58519 ], [ -122.51742, 37.5868 ], [ -122.51719, 37.59064 ], [ -122.52085, 37.59418 ] ] ] } },
{ "type": "Feature", "properties": { "zip_code": "94080", "county": "San Mateo", "band": 60.0, "band_source": "routed", "drive_min": 47.4, "distance_mi": 28.6, "memberships": 0, "regular": null, "associate": null, "median_age": null, "age_note": null, "pt_lon": -122.41754, "pt_lat": 37.65944 }, "geometry": { "type": "Polygon", "coordinates": [ [ [ -122.47186, 37.64914 ], [ -122.46905, 37.65039 ], [ -122.459, 37.64983 ], [ -122.45565, 37.65055 ], [ -122.45039, 37.64851 ], [ -122.45379, 37.65592 ], [ -122.45612, 37.65399 ], [ -122.45762, 37.65673 ], [ -122.46383, 37.66107 ], [ -122.46341, 37.66235 ], [ -122.46053, 37.66406 ], [ -122.46181, 37.6657 ], [ -122.45342, 37.67079 ], [ -122.45405, 37.67272 ], [ -122.44461, 37.66548 ], [ -122.43663, 37.67149 ], [ -122.43348, 37.67024 ], [ -122.42917, 37.68297 ], [ -122.4282, 37.68129 ], [ -122.42411, 37.67888 ], [ -122.42403, 37.67692 ], [ -122.42033, 37.67455 ], [ -122.41511, 37.6745 ], [ -122.41513, 37.67179 ], [ -122.40866, 37.67108 ], [ -122.40771, 37.67184 ], [ -122.40791, 37.67481 ], [ -122.4049, 37.67435 ], [ -122.40294, 37.67328 ], [ -122.39659, 37.67472 ], [ -122.3966, 37.67388 ], [ -122.39105, 37.6732 ], [ -122.39192, 37.67176 ], [ -122.381, 37.67177 ], [ -122.381, 37.66785 ], [ -122.37429, 37.66221 ], [ -122.37624, 37.65525 ], [ -122.38004, 37.64772 ], [ -122.38724, 37.64734 ], [ -122.39122, 37.6464 ], [ -122.38931, 37.64019 ], [ -122.39166, 37.63909 ], [ -122.40105, 37.63886 ], [ -122.4027, 37.63824 ], [ -122.40272, 37.63554 ], [ -122.40606, 37.63554 ], [ -122.40599, 37.63457 ], [ -122.40758, 37.6339 ], [ -122.41143, 37.63397 ], [ -122.41158, 37.64123 ], [ -122.41676, 37.63935 ], [ -122.41848, 37.64232 ], [ -122.42343, 37.64047 ], [ -122.43303, 37.63438 ], [ -122.43713, 37.63813 ], [ -122.44392, 37.63449 ], [ -122.4452, 37.63497 ], [ -122.4469, 37.63693 ], [ -122.4484, 37.6352 ], [ -122.45868, 37.64046 ], [ -122.46413, 37.63879 ], [ -122.46851, 37.64366 ], [ -122.47186, 37.64914 ] ] ] } },
{ "type": "Feature", "properties": { "zip_code": "94103", "county": "San Francisco", "band": 45.0, "band_source": "routed", "drive_min": 31.7, "distance_mi": 19.1, "memberships": 1, "regular": null, "associate": null, "median_age": null, "age_note": "suppressed", "pt_lon": -122.41032, "pt_lat": 37.77609 }, "geometry": { "type": "Polygon", "coordinates": [ [ [ -122.42866, 37.76774 ], [ -122.40346, 37.78778 ], [ -122.40284, 37.78805 ], [ -122.40183, 37.78727 ], [ -122.40257, 37.78668 ], [ -122.40047, 37.78503 ], [ -122.39937, 37.7859 ], [ -122.39781, 37.78467 ], [ -122.40616, 37.77894 ], [ -122.40351, 37.77682 ], [ -122.40286, 37.77717 ], [ -122.40198, 37.77647 ], [ -122.40252, 37.77604 ], [ -122.39962, 37.77343 ], [ -122.40388, 37.77006 ], [ -122.40199, 37.76903 ], [ -122.40002, 37.77051 ], [ -122.39905, 37.76973 ], [ -122.40078, 37.76836 ], [ -122.39968, 37.76669 ], [ -122.40063, 37.7649 ], [ -122.41036, 37.76431 ], [ -122.41049, 37.76561 ], [ -122.42058, 37.765 ], [ -122.42086, 37.76374 ], [ -122.42185, 37.76457 ], [ -122.42676, 37.76462 ], [ -122.42724, 37.76783 ], [ -122.42866, 37.76774 ] ] ] } },
{ "type": "Feature", "properties": { "zip_code": "94107", "county": "San Francisco", "band": 45.0, "band_source": "routed", "drive_min": 33.2, "distance_mi": 19.6, "memberships": 0, "regular": null, "associate": null, "median_age": null, "age_note": null, "pt_lon": -122.39876, "pt_lat": 37.76809 }, "geometry": { "type": "Polygon", "coordinates": [ [ [ -122.40648, 37.76073 ], [ -122.40509, 37.76463 ], [ -122.40063, 37.7649 ], [ -122.39968, 37.76669 ], [ -122.40078, 37.76836 ], [ -122.39905, 37.76973 ], [ -122.40002, 37.77051 ], [ -122.40199, 37.76903 ], [ -122.40388, 37.77006 ], [ -122.39962, 37.77343 ], [ -122.40252, 37.77604 ], [ -122.40198, 37.77647 ], [ -122.40286, 37.77717 ], [ -122.40351, 37.77682 ], [ -122.40616, 37.77894 ], [ -122.39565, 37.78638 ], [ -122.39402, 37.78521 ], [ -122.39516, 37.78431 ], [ -122.39454, 37.78381 ], [ -122.39018, 37.78666 ], [ -122.38964, 37.78622 ], [ -122.39029, 37.78577 ], [ -122.38767, 37.78476 ], [ -122.38767, 37.78279 ], [ -122.3884, 37.78077 ], [ -122.39171, 37.77802 ], [ -122.39022, 37.77672 ], [ -122.39235, 37.77503 ], [ -122.39394, 37.77626 ], [ -122.39619, 37.77452 ], [ -122.39683, 37.77503 ], [ -122.39907, 37.77328 ], [ -122.39849, 37.77246 ], [ -122.39925, 37.77314 ], [ -122.40037, 37.77168 ], [ -122.39665, 37.76783 ], [ -122.39447, 37.76658 ], [ -122.39271, 37.76408 ], [ -122.38792, 37.76438 ], [ -122.38228, 37.76085 ], [ -122.38133, 37.75531 ], [ -122.3831, 37.75331 ], [ -122.38227, 37.75315 ], [ -122.38789, 37.75282 ], [ -122.38772, 37.75025 ], [ -122.40378, 37.74943 ], [ -122.40306, 37.75192 ], [ -122.4034, 37.75647 ], [ -122.40626, 37.75945 ], [ -122.40648, 37.76073 ] ] ] } },
{ "type": "Feature", "properties": { "zip_code": "94115", "county": "San Francisco", "band": 45.0, "band_source": "routed", "drive_min": 37.5, "distance_mi": 20.9, "memberships": 1, "regular": null, "associate": null, "median_age": null, "age_note": "suppressed", "pt_lon": -122.43778, "pt_lat": 37.78605 }, "geometry": { "type": "Polygon", "coordinates": [ [ [ -122.44802, 37.79166 ], [ -122.44634, 37.79216 ], [ -122.44652, 37.79334 ], [ -122.435, 37.79466 ], [ -122.43433, 37.79533 ], [ -122.43347, 37.79544 ], [ -122.43336, 37.79488 ], [ -122.4301, 37.79546 ], [ -122.42683, 37.77926 ], [ -122.4285, 37.77857 ], [ -122.43002, 37.77836 ], [ -122.43012, 37.77884 ], [ -122.44459, 37.77663 ], [ -122.4462, 37.78003 ], [ -122.44444, 37.78268 ], [ -122.44583, 37.78251 ], [ -122.44642, 37.78537 ], [ -122.44762, 37.78508 ], [ -122.44679, 37.78726 ], [ -122.44802, 37.79166 ] ] ] } },
{ "type": "Feature", "properties": { "zip_code": "95125", "county": "Santa Clara", "band": null, "band_source": "routed", "drive_min": 77.3, "distance_mi": 59.5, "memberships": 1, "regular": null, "associate": null, "median_age": null, "age_note": "suppressed", "pt_lon": -121.89818, "pt_lat": 37.29753 }, "geometry": { "type": "Polygon", "coordinates": [ [ [ -121.93167, 37.29623 ], [ -121.92921, 37.29626 ], [ -121.92922, 37.2978 ], [ -121.91892, 37.30125 ], [ -121.91529, 37.30454 ], [ -121.91363, 37.30716 ], [ -121.91143, 37.3068 ], [ -121.90691, 37.31166 ], [ -121.90414, 37.31262 ], [ -121.90394, 37.3143 ], [ -121.90181, 37.31808 ], [ -121.90223, 37.3187 ], [ -121.90018, 37.32084 ], [ -121.89778, 37.32246 ], [ -121.89232, 37.32374 ], [ -121.88877, 37.31595 ], [ -121.88355, 37.31003 ], [ -121.88162, 37.31103 ], [ -121.88057, 37.30806 ], [ -121.87851, 37.31031 ], [ -121.8781, 37.31276 ], [ -121.87528, 37.30998 ], [ -121.87067, 37.31296 ], [ -121.8702, 37.3125 ], [ -121.87143, 37.31084 ], [ -121.87328, 37.31056 ], [ -121.87171, 37.30893 ], [ -121.87406, 37.30755 ], [ -121.87134, 37.30486 ], [ -121.86604, 37.30832 ], [ -121.86129, 37.30352 ], [ -121.86812, 37.29899 ], [ -121.86528, 37.29618 ], [ -121.86356, 37.2962 ], [ -121.86026, 37.29326 ], [ -121.85987, 37.29169 ], [ -121.8659, 37.29373 ], [ -121.86626, 37.29131 ], [ -121.87042, 37.29241 ], [ -121.87163, 37.29164 ], [ -121.87136, 37.29097 ], [ -121.86993, 37.29186 ], [ -121.86732, 37.28921 ], [ -121.86778, 37.28886 ], [ -121.86938, 37.29053 ], [ -121.8709, 37.28986 ], [ -121.86892, 37.28607 ], [ -121.87179, 37.28392 ], [ -121.87352, 37.28466 ], [ -121.87232, 37.28031 ], [ -121.87286, 37.28014 ], [ -121.87257, 37.27815 ], [ -121.87739, 37.27681 ], [ -121.87785, 37.2785 ], [ -121.88939, 37.27556 ], [ -121.89118, 37.27624 ], [ -121.89611, 37.27361 ], [ -121.90137, 37.2723 ], [ -121.90228, 37.27369 ], [ -121.90604, 37.27116 ], [ -121.90965, 37.27724 ], [ -121.91008, 37.27707 ], [ -121.91232, 37.28034 ], [ -121.9135, 37.2846 ], [ -121.91347, 37.28716 ], [ -121.91751, 37.2862 ], [ -121.91827, 37.28501 ], [ -121.92037, 37.28519 ], [ -121.92246, 37.28263 ], [ -121.92266, 37.29437 ], [ -121.93169, 37.2944 ], [ -121.93167, 37.29623 ] ] ] } },
{ "type": "Feature", "properties": { "zip_code": "95129", "county": "Santa Clara", "band": null, "band_source": "routed", "drive_min": 79.1, "distance_mi": 61.8, "memberships": 1, "regular": null, "associate": null, "median_age": null, "age_note": "suppressed", "pt_lon": -122.00571, "pt_lat": 37.30607 }, "geometry": { "type": "Polygon", "coordinates": [ [ [ -122.03336, 37.30493 ], [ -122.03294, 37.30824 ], [ -122.03432, 37.31007 ], [ -122.03432, 37.31232 ], [ -122.03157, 37.3123 ], [ -122.02111, 37.30954 ], [ -122.00771, 37.31068 ], [ -121.99606, 37.30959 ], [ -121.99584, 37.3205 ], [ -121.99986, 37.32294 ], [ -121.96836, 37.32312 ], [ -121.96837, 37.32018 ], [ -121.97198, 37.32015 ], [ -121.97198, 37.31966 ], [ -121.97068, 37.31967 ], [ -121.97067, 37.31842 ], [ -121.96976, 37.31842 ], [ -121.96928, 37.3162 ], [ -121.97503, 37.31709 ], [ -121.97594, 37.31589 ], [ -121.97679, 37.31432 ], [ -121.97259, 37.31437 ], [ -121.9721, 37.31148 ], [ -121.97732, 37.31141 ], [ -121.97734, 37.31067 ], [ -121.97594, 37.31063 ], [ -121.97591, 37.30817 ], [ -121.97692, 37.30815 ], [ -121.97788, 37.30721 ], [ -121.97954, 37.30358 ], [ -121.98173, 37.30088 ], [ -121.97955, 37.30083 ], [ -121.97961, 37.30016 ], [ -121.98117, 37.29882 ], [ -121.98264, 37.29991 ], [ -121.98819, 37.29504 ], [ -121.98464, 37.29243 ], [ -121.98799, 37.29002 ], [ -121.99, 37.29013 ], [ -121.99215, 37.29163 ], [ -121.99455, 37.28948 ], [ -121.99599, 37.29129 ], [ -121.99389, 37.292 ], [ -122.00343, 37.29308 ], [ -122.00179, 37.29556 ], [ -122.00348, 37.29625 ], [ -122.00741, 37.29641 ], [ -122.00785, 37.29334 ], [ -122.03226, 37.29396 ], [ -122.03239, 37.30206 ], [ -122.03514, 37.30379 ], [ -122.03336, 37.30493 ] ] ] } },
{ "type": "Feature", "properties": { "zip_code": "95030", "county": "Santa Clara", "band": null, "band_source": "routed", "drive_min": 82.1, "distance_mi": 64.9, "memberships": 1, "regular": null, "associate": null, "median_age": null, "age_note": "suppressed", "pt_lon": -121.9946, "pt_lat": 37.22458 }, "geometry": { "type": "Polygon", "coordinates": [ [ [ -122.03028, 37.22379 ], [ -122.01889, 37.22381 ], [ -122.01835, 37.23326 ], [ -122.01931, 37.23365 ], [ -122.02001, 37.23501 ], [ -122.02218, 37.23466 ], [ -122.02197, 37.2356 ], [ -122.02708, 37.23558 ], [ -122.02719, 37.23994 ], [ -122.02382, 37.24107 ], [ -122.02237, 37.24235 ], [ -122.02121, 37.24236 ], [ -122.02122, 37.24302 ], [ -122.01357, 37.2438 ], [ -122.01358, 37.24249 ], [ -122.00923, 37.24017 ], [ -122.00408, 37.24057 ], [ -122.00313, 37.23869 ], [ -122.00093, 37.23999 ], [ -122.0009, 37.24119 ], [ -122.00245, 37.24151 ], [ -121.9971, 37.24391 ], [ -121.99602, 37.2464 ], [ -121.9953, 37.24662 ], [ -121.99576, 37.24788 ], [ -121.99514, 37.25092 ], [ -121.99183, 37.25099 ], [ -121.99173, 37.25176 ], [ -121.99069, 37.25164 ], [ -121.99081, 37.25056 ], [ -121.98979, 37.25042 ], [ -121.98956, 37.2524 ], [ -121.98853, 37.25231 ], [ -121.98788, 37.25029 ], [ -121.98669, 37.25018 ], [ -121.98175, 37.25252 ], [ -121.98091, 37.25242 ], [ -121.98039, 37.25613 ], [ -121.97998, 37.25432 ], [ -121.97809, 37.25387 ], [ -121.97672, 37.24933 ], [ -121.97391, 37.25144 ], [ -121.96918, 37.25084 ], [ -121.96734, 37.25322 ], [ -121.96617, 37.2528 ], [ -121.96709, 37.24697 ], [ -121.96937, 37.2459 ], [ -121.97274, 37.24247 ], [ -121.97573, 37.23737 ], [ -121.97707, 37.23749 ], [ -121.976, 37.23701 ], [ -121.98001, 37.22856 ], [ -121.975, 37.22653 ], [ -121.97082, 37.2256 ], [ -121.97005, 37.22466 ], [ -121.96822, 37.22678 ], [ -121.96041, 37.22551 ], [ -121.95967, 37.22397 ], [ -121.95763, 37.2238 ], [ -121.95494, 37.22215 ], [ -121.95433, 37.22246 ], [ -121.95362, 37.22 ], [ -121.95527, 37.21834 ], [ -121.95613, 37.21834 ], [ -121.95264, 37.21553 ], [ -121.95316, 37.21436 ], [ -121.95229, 37.21431 ], [ -121.95231, 37.21226 ], [ -121.95015, 37.21198 ], [ -121.95505, 37.21111 ], [ -121.95144, 37.21008 ], [ -121.95052, 37.20832 ], [ -121.95108, 37.20693 ], [ -121.94731, 37.20683 ], [ -121.94762, 37.19929 ], [ -121.93097, 37.19926 ], [ -121.93089, 37.21319 ], [ -121.92575, 37.21334 ], [ -121.92283, 37.21446 ], [ -121.92107, 37.21407 ], [ -121.92182, 37.21192 ], [ -121.91731, 37.21194 ], [ -121.91732, 37.21104 ], [ -121.91353, 37.21106 ], [ -121.9173, 37.20762 ], [ -121.91943, 37.20701 ], [ -121.92209, 37.20453 ], [ -121.92343, 37.20114 ], [ -121.92798, 37.19687 ], [ -121.92824, 37.19469 ], [ -121.94151, 37.19566 ], [ -121.94536, 37.19692 ], [ -121.95547, 37.1978 ], [ -121.9631, 37.20115 ], [ -121.97217, 37.20334 ], [ -121.98077, 37.20089 ], [ -121.98367, 37.19903 ], [ -121.98901, 37.20149 ], [ -121.99172, 37.20012 ], [ -121.99145, 37.19818 ], [ -121.99298, 37.19799 ], [ -121.99196, 37.20351 ], [ -121.99486, 37.20195 ], [ -122.00077, 37.20435 ], [ -122.00537, 37.2081 ], [ -122.0072, 37.21202 ], [ -122.01233, 37.21436 ], [ -122.02715, 37.21571 ], [ -122.0288, 37.21752 ], [ -122.02972, 37.21738 ], [ -122.03028, 37.22379 ] ] ] } },
{ "type": "Feature", "properties": { "zip_code": "95050", "county": "Santa Clara", "band": null, "band_source": "routed", "drive_min": 71.2, "distance_mi": 57.0, "memberships": 1, "regular": null, "associate": null, "median_age": null, "age_note": "suppressed", "pt_lon": -121.95569, "pt_lat": 37.34886 }, "geometry": { "type": "Polygon", "coordinates": [ [ [ -121.97028, 37.34281 ], [ -121.96866, 37.34632 ], [ -121.96873, 37.35902 ], [ -121.96817, 37.36179 ], [ -121.96528, 37.36602 ], [ -121.96589, 37.3743 ], [ -121.95067, 37.37425 ], [ -121.94356, 37.37322 ], [ -121.9433, 37.37207 ], [ -121.94126, 37.36987 ], [ -121.94126, 37.36836 ], [ -121.93514, 37.36492 ], [ -121.93106, 37.36095 ], [ -121.93216, 37.35773 ], [ -121.93213, 37.35117 ], [ -121.93008, 37.34996 ], [ -121.9309, 37.34889 ], [ -121.92972, 37.34805 ], [ -121.93196, 37.34446 ], [ -121.93151, 37.34433 ], [ -121.93221, 37.34284 ], [ -121.93208, 37.33849 ], [ -121.93525, 37.33769 ], [ -121.95016, 37.33807 ], [ -121.95026, 37.33113 ], [ -121.95351, 37.33103 ], [ -121.95026, 37.33066 ], [ -121.95023, 37.32847 ], [ -121.95302, 37.32844 ], [ -121.95303, 37.32991 ], [ -121.95641, 37.3299 ], [ -121.95634, 37.32699 ], [ -121.95031, 37.32697 ], [ -121.9502, 37.32736 ], [ -121.94959, 37.32578 ], [ -121.94666, 37.32576 ], [ -121.94668, 37.32697 ], [ -121.94333, 37.32706 ], [ -121.94121, 37.32652 ], [ -121.94127, 37.32486 ], [ -121.94333, 37.32336 ], [ -121.96418, 37.3233 ], [ -121.96445, 37.32551 ], [ -121.9675, 37.32865 ], [ -121.96782, 37.33573 ], [ -121.97028, 37.34281 ] ], [ [ -121.94335, 37.3502 ], [ -121.94124, 37.34651 ], [ -121.93844, 37.34749 ], [ -121.9358, 37.34562 ], [ -121.93365, 37.34533 ], [ -121.9325, 37.34855 ], [ -121.93736, 37.35202 ], [ -121.93822, 37.3505 ], [ -121.94112, 37.34947 ], [ -121.94184, 37.35074 ], [ -121.94335, 37.3502 ] ] ] } },
{ "type": "Feature", "properties": { "zip_code": "95051", "county": "Santa Clara", "band": null, "band_source": "routed", "drive_min": 76.8, "distance_mi": 58.7, "memberships": 1, "regular": null, "associate": null, "median_age": null, "age_note": "suppressed", "pt_lon": -121.98449, "pt_lat": 37.3505 }, "geometry": { "type": "Polygon", "coordinates": [ [ [ -122.00649, 37.32295 ], [ -122.0058, 37.33228 ], [ -122.00467, 37.33229 ], [ -122.00457, 37.33407 ], [ -122.00242, 37.33408 ], [ -122.00239, 37.3378 ], [ -121.99578, 37.33787 ], [ -121.99581, 37.34146 ], [ -122.00285, 37.34141 ], [ -122.003, 37.34531 ], [ -122.00022, 37.34524 ], [ -122.00042, 37.35337 ], [ -122.00098, 37.35336 ], [ -122.00097, 37.35216 ], [ -122.00156, 37.35215 ], [ -122.00159, 37.35384 ], [ -122.00044, 37.35408 ], [ -122.00051, 37.3586 ], [ -121.99962, 37.36065 ], [ -121.99584, 37.36067 ], [ -121.9963, 37.37054 ], [ -121.9824, 37.37058 ], [ -121.98243, 37.37242 ], [ -121.98468, 37.37234 ], [ -121.98727, 37.37093 ], [ -121.9869, 37.37407 ], [ -121.99393, 37.37399 ], [ -121.99391, 37.3728 ], [ -121.99596, 37.37283 ], [ -121.99558, 37.37398 ], [ -122.00471, 37.37391 ], [ -122.00404, 37.37682 ], [ -121.99599, 37.3777 ], [ -121.98138, 37.37764 ], [ -121.97489, 37.37438 ], [ -121.96589, 37.3743 ], [ -121.96528, 37.36602 ], [ -121.96817, 37.36179 ], [ -121.96873, 37.35902 ], [ -121.96866, 37.34632 ], [ -121.97028, 37.34281 ], [ -121.96782, 37.33573 ], [ -121.9675, 37.32865 ], [ -121.96445, 37.32551 ], [ -121.96417, 37.32314 ], [ -122.00649, 37.32295 ] ] ] } },
{ "type": "Feature", "properties": { "zip_code": "94903", "county": "Marin", "band": 30.0, "band_source": "routed", "drive_min": 26.3, "distance_mi": 14.7, "memberships": 7, "regular": 7.0, "associate": 0.0, "median_age": 72.0, "age_note": null, "pt_lon": -122.54407, "pt_lat": 38.02464 }, "geometry": { "type": "Polygon", "coordinates": [ [ [ -122.62441, 38.0415 ], [ -122.62269, 38.04406 ], [ -122.62176, 38.04702 ], [ -122.62249, 38.04807 ], [ -122.62129, 38.0475 ], [ -122.62062, 38.04591 ], [ -122.61881, 38.05653 ], [ -122.61609, 38.06112 ], [ -122.61315, 38.0613 ], [ -122.59678, 38.05352 ], [ -122.59508, 38.05377 ], [ -122.59058, 38.05297 ], [ -122.58833, 38.04917 ], [ -122.58311, 38.0489 ], [ -122.58047, 38.04755 ], [ -122.57504, 38.0465 ], [ -122.57304, 38.0454 ], [ -122.57112, 38.04632 ], [ -122.5543, 38.04676 ], [ -122.53957, 38.04321 ], [ -122.53561, 38.04107 ], [ -122.53077, 38.04234 ], [ -122.52755, 38.04124 ], [ -122.5257, 38.0397 ], [ -122.52434, 38.04009 ], [ -122.52241, 38.03955 ], [ -122.51928, 38.04067 ], [ -122.5206, 38.05261 ], [ -122.51546, 38.05115 ], [ -122.51417, 38.04865 ], [ -122.51401, 38.04439 ], [ -122.50803, 38.04527 ], [ -122.50663, 38.04768 ], [ -122.49328, 38.04757 ], [ -122.49947, 38.03216 ], [ -122.49783, 38.0194 ], [ -122.49574, 38.01668 ], [ -122.5017, 38.01593 ], [ -122.50032, 38.0113 ], [ -122.49852, 38.00849 ], [ -122.49862, 38.00607 ], [ -122.49588, 37.99761 ], [ -122.50134, 37.99683 ], [ -122.50213, 37.9986 ], [ -122.50796, 37.99593 ], [ -122.51001, 37.99708 ], [ -122.5133, 37.99573 ], [ -122.51467, 37.99338 ], [ -122.51816, 37.99135 ], [ -122.52228, 37.9926 ], [ -122.52574, 37.99051 ], [ -122.52908, 37.9906 ], [ -122.53237, 37.98856 ], [ -122.53328, 37.98671 ], [ -122.53758, 37.98696 ], [ -122.5377, 37.9877 ], [ -122.54513, 37.9881 ], [ -122.54411, 37.98899 ], [ -122.55028, 37.99171 ], [ -122.55051, 37.99127 ], [ -122.55248, 37.99173 ], [ -122.55752, 37.99372 ], [ -122.57097, 38.0096 ], [ -122.58972, 38.02383 ], [ -122.58819, 38.02599 ], [ -122.597, 38.02918 ], [ -122.59878, 38.0284 ], [ -122.59876, 38.02744 ], [ -122.60392, 38.02643 ], [ -122.6075, 38.02653 ], [ -122.60956, 38.0251 ], [ -122.61132, 38.02493 ], [ -122.61277, 38.02222 ], [ -122.61646, 38.01971 ], [ -122.61587, 38.02078 ], [ -122.61767, 38.0208 ], [ -122.61965, 38.02191 ], [ -122.61855, 38.02356 ], [ -122.6208, 38.02606 ], [ -122.62243, 38.0265 ], [ -122.61729, 38.02857 ], [ -122.61727, 38.0312 ], [ -122.61929, 38.03368 ], [ -122.61921, 38.03601 ], [ -122.62145, 38.03751 ], [ -122.62264, 38.03762 ], [ -122.62447, 38.0395 ], [ -122.62441, 38.0415 ] ] ] } },
{ "type": "Feature", "properties": { "zip_code": "94930", "county": "Marin", "band": 45.0, "band_source": "routed", "drive_min": 36.6, "distance_mi": 16.4, "memberships": 5, "regular": 5.0, "associate": 0.0, "median_age": 59.0, "age_note": null, "pt_lon": -122.60633, "pt_lat": 37.97127 }, "geometry": { "type": "Polygon", "coordinates": [ [ [ -122.64652, 37.98251 ], [ -122.63632, 37.99409 ], [ -122.62938, 37.99714 ], [ -122.6282, 37.99955 ], [ -122.62705, 38.00038 ], [ -122.6262, 38.00021 ], [ -122.62724, 38.00549 ], [ -122.62448, 38.00765 ], [ -122.62186, 38.0078 ], [ -122.61716, 38.00645 ], [ -122.61428, 38.00407 ], [ -122.61456, 38.00573 ], [ -122.61723, 38.00816 ], [ -122.61823, 38.01123 ], [ -122.61623, 38.01232 ], [ -122.61365, 38.01087 ], [ -122.6144, 38.01676 ], [ -122.61367, 38.01821 ], [ -122.61684, 38.01831 ], [ -122.61656, 38.01965 ], [ -122.61277, 38.02222 ], [ -122.61316, 38.01817 ], [ -122.61156, 38.0174 ], [ -122.60976, 38.01849 ], [ -122.60754, 38.01328 ], [ -122.60218, 38.01106 ], [ -122.60274, 38.00993 ], [ -122.5993, 38.00797 ], [ -122.59727, 38.00772 ], [ -122.59529, 38.00832 ], [ -122.58501, 38.00493 ], [ -122.58645, 38.00329 ], [ -122.58549, 38.0027 ], [ -122.58693, 37.99939 ], [ -122.58189, 37.98665 ], [ -122.57935, 37.98663 ], [ -122.58218, 37.97908 ], [ -122.58138, 37.97763 ], [ -122.58579, 37.97672 ], [ -122.58079, 37.97322 ], [ -122.58067, 37.96973 ], [ -122.58263, 37.9681 ], [ -122.58049, 37.96666 ], [ -122.58059, 37.96611 ], [ -122.57777, 37.96576 ], [ -122.57899, 37.96257 ], [ -122.57555, 37.95928 ], [ -122.57239, 37.95789 ], [ -122.57385, 37.95611 ], [ -122.57756, 37.95637 ], [ -122.58052, 37.95438 ], [ -122.58463, 37.95573 ], [ -122.5881, 37.95447 ], [ -122.59073, 37.95448 ], [ -122.59206, 37.95288 ], [ -122.59601, 37.95187 ], [ -122.59734, 37.94895 ], [ -122.59833, 37.94969 ], [ -122.59844, 37.94774 ], [ -122.59685, 37.94582 ], [ -122.59753, 37.94486 ], [ -122.59964, 37.94538 ], [ -122.60148, 37.94324 ], [ -122.60166, 37.94156 ], [ -122.60327, 37.94056 ], [ -122.60563, 37.94086 ], [ -122.60728, 37.93951 ], [ -122.60596, 37.93878 ], [ -122.60637, 37.93732 ], [ -122.60427, 37.93375 ], [ -122.60408, 37.9312 ], [ -122.60322, 37.92999 ], [ -122.60503, 37.92902 ], [ -122.60711, 37.92599 ], [ -122.60616, 37.92484 ], [ -122.60697, 37.92396 ], [ -122.60898, 37.92481 ], [ -122.61361, 37.92442 ], [ -122.61525, 37.92495 ], [ -122.61639, 37.9241 ], [ -122.6167, 37.92228 ], [ -122.62303, 37.92091 ], [ -122.62527, 37.92221 ], [ -122.62661, 37.92207 ], [ -122.62695, 37.92341 ], [ -122.62937, 37.92432 ], [ -122.6315, 37.92442 ], [ -122.63387, 37.92569 ], [ -122.63354, 37.92788 ], [ -122.63598, 37.93438 ], [ -122.63744, 37.93556 ], [ -122.63867, 37.94074 ], [ -122.63525, 37.94199 ], [ -122.63374, 37.94189 ], [ -122.63249, 37.94385 ], [ -122.63386, 37.94538 ], [ -122.63301, 37.94668 ], [ -122.63462, 37.94879 ], [ -122.63172, 37.94883 ], [ -122.63337, 37.95194 ], [ -122.63649, 37.9541 ], [ -122.6371, 37.95582 ], [ -122.63513, 37.95496 ], [ -122.63333, 37.95565 ], [ -122.6322, 37.95508 ], [ -122.63027, 37.95601 ], [ -122.62887, 37.95954 ], [ -122.63188, 37.96326 ], [ -122.62967, 37.96329 ], [ -122.62905, 37.96462 ], [ -122.63125, 37.96754 ], [ -122.62758, 37.96546 ], [ -122.62616, 37.96277 ], [ -122.62498, 37.9635 ], [ -122.62596, 37.96395 ], [ -122.62657, 37.96679 ], [ -122.62931, 37.96945 ], [ -122.63791, 37.97325 ], [ -122.63837, 37.97488 ], [ -122.64372, 37.97916 ], [ -122.64652, 37.98251 ] ] ] } },
{ "type": "Feature", "properties": { "zip_code": "95820", "county": "Sacramento", "band": null, "band_source": "routed", "drive_min": 95.3, "distance_mi": 79.1, "memberships": 1, "regular": null, "associate": null, "median_age": null, "age_note": "suppressed", "pt_lon": -121.44736, "pt_lat": 38.53564 }, "geometry": { "type": "Polygon", "coordinates": [ [ [ -121.48432, 38.53961 ], [ -121.47393, 38.54116 ], [ -121.46775, 38.54118 ], [ -121.46627, 38.54052 ], [ -121.46432, 38.54119 ], [ -121.45979, 38.54031 ], [ -121.45902, 38.54119 ], [ -121.45833, 38.5403 ], [ -121.45544, 38.54098 ], [ -121.45549, 38.54677 ], [ -121.44401, 38.54667 ], [ -121.44268, 38.54794 ], [ -121.4419, 38.54796 ], [ -121.44187, 38.54669 ], [ -121.42308, 38.54677 ], [ -121.42308, 38.54868 ], [ -121.42788, 38.54827 ], [ -121.4279, 38.55073 ], [ -121.42237, 38.55088 ], [ -121.4211, 38.55033 ], [ -121.41317, 38.53956 ], [ -121.40758, 38.52507 ], [ -121.41231, 38.52507 ], [ -121.41231, 38.52448 ], [ -121.41392, 38.52449 ], [ -121.41443, 38.52507 ], [ -121.41443, 38.52441 ], [ -121.41618, 38.52396 ], [ -121.41681, 38.52507 ], [ -121.4319, 38.52461 ], [ -121.43191, 38.52505 ], [ -121.43702, 38.52501 ], [ -121.43715, 38.5246 ], [ -121.45537, 38.52492 ], [ -121.45538, 38.52358 ], [ -121.45667, 38.52359 ], [ -121.45728, 38.52491 ], [ -121.47244, 38.52488 ], [ -121.47242, 38.52428 ], [ -121.47694, 38.52425 ], [ -121.47694, 38.52485 ], [ -121.47972, 38.52484 ], [ -121.48432, 38.53961 ] ] ] } },
{ "type": "Feature", "properties": { "zip_code": "94937", "county": "Marin", "band": null, "band_source": "routed", "drive_min": 82.0, "distance_mi": 39.9, "memberships": 3, "regular": null, "associate": null, "median_age": null, "age_note": "suppressed", "pt_lon": -122.91442, "pt_lat": 38.11597 }, "geometry": { "type": "Polygon", "coordinates": [ [ [ -123.02407, 37.99488 ], [ -123.02056, 37.99954 ], [ -123.01874, 37.99962 ], [ -123.0174, 37.99878 ], [ -123.01611, 37.99903 ], [ -123.01626, 37.99955 ], [ -123.01153, 38.00344 ], [ -122.99242, 38.04176 ], [ -122.96089, 38.11296 ], [ -122.95209, 38.13856 ], [ -122.94907, 38.15406 ], [ -122.94963, 38.16404 ], [ -122.95354, 38.17028 ], [ -122.95363, 38.17567 ], [ -122.95584, 38.17801 ], [ -122.96086, 38.17941 ], [ -122.96735, 38.18276 ], [ -122.96541, 38.18711 ], [ -122.96637, 38.19851 ], [ -122.96811, 38.20243 ], [ -122.98073, 38.21534 ], [ -122.98043, 38.22098 ], [ -122.98183, 38.2231 ], [ -122.98551, 38.22488 ], [ -122.99563, 38.23863 ], [ -122.995, 38.24004 ], [ -122.99282, 38.24004 ], [ -122.98822, 38.23801 ], [ -122.97899, 38.22929 ], [ -122.97278, 38.22964 ], [ -122.97264, 38.23129 ], [ -122.95262, 38.21281 ], [ -122.93791, 38.20137 ], [ -122.932, 38.19792 ], [ -122.89979, 38.15774 ], [ -122.89351, 38.14858 ], [ -122.88115, 38.12692 ], [ -122.87611, 38.12196 ], [ -122.86586, 38.11515 ], [ -122.85205, 38.10377 ], [ -122.84733, 38.10081 ], [ -122.85152, 38.09777 ], [ -122.85045, 38.0955 ], [ -122.84717, 38.09362 ], [ -122.84545, 38.09155 ], [ -122.84179, 38.09021 ], [ -122.84285, 38.08909 ], [ -122.83928, 38.08611 ], [ -122.84242, 38.08526 ], [ -122.84458, 38.0862 ], [ -122.84664, 38.08529 ], [ -122.8486, 38.08642 ], [ -122.85277, 38.08579 ], [ -122.86268, 38.08853 ], [ -122.86463, 38.08736 ], [ -122.87435, 38.09 ], [ -122.86636, 38.08436 ], [ -122.86385, 38.08494 ], [ -122.86444, 38.08213 ], [ -122.86228, 38.07978 ], [ -122.85631, 38.07877 ], [ -122.85196, 38.07697 ], [ -122.85192, 38.07551 ], [ -122.85072, 38.07404 ], [ -122.84567, 38.07323 ], [ -122.84626, 38.07179 ], [ -122.84706, 38.0727 ], [ -122.84868, 38.07278 ], [ -122.84838, 38.07105 ], [ -122.85003, 38.07128 ], [ -122.8513, 38.07019 ], [ -122.85129, 38.06633 ], [ -122.84958, 38.0653 ], [ -122.84877, 38.0635 ], [ -122.84655, 38.06266 ], [ -122.84405, 38.06019 ], [ -122.84241, 38.05955 ], [ -122.84439, 38.05861 ], [ -122.846, 38.06009 ], [ -122.84841, 38.05886 ], [ -122.85147, 38.05891 ], [ -122.85196, 38.05551 ], [ -122.85374, 38.05277 ], [ -122.85825, 38.04895 ], [ -122.86361, 38.04763 ], [ -122.8654, 38.04556 ], [ -122.86709, 38.04559 ], [ -122.86442, 38.04327 ], [ -122.86532, 38.04051 ], [ -122.86916, 38.03685 ], [ -122.87242, 38.03058 ], [ -122.87282, 38.02543 ], [ -122.86966, 38.02363 ], [ -122.87091, 38.02284 ], [ -122.85668, 38.01785 ], [ -122.85508, 38.01958 ], [ -122.85513, 38.01835 ], [ -122.85664, 38.01674 ], [ -122.88211, 38.02527 ], [ -122.90511, 38.02838 ], [ -122.92314, 38.02868 ], [ -122.92805, 38.02964 ], [ -122.93018, 38.03129 ], [ -122.93971, 38.03191 ], [ -122.95681, 38.02872 ], [ -122.97238, 38.02025 ], [ -122.98178, 38.00912 ], [ -122.98314, 38.00576 ], [ -122.98366, 38.00074 ], [ -122.98303, 37.99741 ], [ -122.97404, 37.9943 ], [ -122.9677, 37.99378 ], [ -122.96354, 37.98991 ], [ -122.9721, 37.99013 ], [ -122.97439, 37.99243 ], [ -122.98601, 37.99208 ], [ -122.9915, 37.99445 ], [ -122.99422, 37.99317 ], [ -123.00633, 37.99363 ], [ -123.00748, 37.99536 ], [ -123.01167, 37.99509 ], [ -123.01428, 37.99393 ], [ -123.02407, 37.99488 ] ] ] } },
{ "type": "Feature", "properties": { "zip_code": "94946", "county": "Marin", "band": 60.0, "band_source": "routed", "drive_min": 49.4, "distance_mi": 25.4, "memberships": 0, "regular": null, "associate": null, "median_age": null, "age_note": null, "pt_lon": -122.68665, "pt_lat": 38.07254 }, "geometry": { "type": "Polygon", "coordinates": [ [ [ -122.77898, 38.11306 ], [ -122.77344, 38.11774 ], [ -122.77099, 38.11653 ], [ -122.76821, 38.11602 ], [ -122.76636, 38.11638 ], [ -122.7658, 38.11532 ], [ -122.76137, 38.11273 ], [ -122.75918, 38.11297 ], [ -122.75601, 38.11111 ], [ -122.75477, 38.11105 ], [ -122.75503, 38.10976 ], [ -122.75289, 38.10854 ], [ -122.75227, 38.10371 ], [ -122.75082, 38.10234 ], [ -122.7502, 38.10057 ], [ -122.75067, 38.09857 ], [ -122.74982, 38.09672 ], [ -122.74774, 38.09641 ], [ -122.7453, 38.0946 ], [ -122.74405, 38.09486 ], [ -122.7426, 38.09225 ], [ -122.7394, 38.09213 ], [ -122.73706, 38.09265 ], [ -122.73592, 38.09357 ], [ -122.72685, 38.10608 ], [ -122.72172, 38.10927 ], [ -122.7201, 38.11185 ], [ -122.71847, 38.11312 ], [ -122.71529, 38.11376 ], [ -122.71466, 38.11457 ], [ -122.71402, 38.11995 ], [ -122.71566, 38.12144 ], [ -122.71615, 38.12292 ], [ -122.71412, 38.12685 ], [ -122.70684, 38.12278 ], [ -122.70305, 38.12335 ], [ -122.70061, 38.11939 ], [ -122.698, 38.11967 ], [ -122.69631, 38.11646 ], [ -122.69147, 38.11427 ], [ -122.68711, 38.11432 ], [ -122.67607, 38.11603 ], [ -122.66752, 38.11293 ], [ -122.66575, 38.10524 ], [ -122.66548, 38.09674 ], [ -122.66501, 38.09484 ], [ -122.66316, 38.09331 ], [ -122.65629, 38.09153 ], [ -122.65298, 38.0896 ], [ -122.64605, 38.08818 ], [ -122.63956, 38.09172 ], [ -122.63557, 38.09087 ], [ -122.63371, 38.08974 ], [ -122.63049, 38.08983 ], [ -122.61536, 38.08294 ], [ -122.60372, 38.07606 ], [ -122.60121, 38.07051 ], [ -122.59746, 38.06712 ], [ -122.6006, 38.06299 ], [ -122.60619, 38.05802 ], [ -122.61315, 38.0613 ], [ -122.61609, 38.06112 ], [ -122.61881, 38.05653 ], [ -122.62062, 38.04591 ], [ -122.62129, 38.0475 ], [ -122.62249, 38.04807 ], [ -122.62176, 38.04702 ], [ -122.62269, 38.04406 ], [ -122.62441, 38.0415 ], [ -122.62447, 38.0395 ], [ -122.62264, 38.03762 ], [ -122.62145, 38.03751 ], [ -122.61921, 38.03601 ], [ -122.61929, 38.03368 ], [ -122.61727, 38.0312 ], [ -122.61729, 38.02857 ], [ -122.62243, 38.0265 ], [ -122.6208, 38.02606 ], [ -122.61855, 38.02356 ], [ -122.61965, 38.02191 ], [ -122.61767, 38.0208 ], [ -122.61587, 38.02078 ], [ -122.61646, 38.01971 ], [ -122.6205, 38.01992 ], [ -122.6264, 38.02289 ], [ -122.63378, 38.02564 ], [ -122.63946, 38.02515 ], [ -122.64248, 38.02572 ], [ -122.64368, 38.0281 ], [ -122.6455, 38.02711 ], [ -122.64993, 38.02828 ], [ -122.65141, 38.02775 ], [ -122.65438, 38.02788 ], [ -122.65465, 38.02686 ], [ -122.6565, 38.02611 ], [ -122.65782, 38.02638 ], [ -122.66438, 38.02316 ], [ -122.66739, 38.02544 ], [ -122.66907, 38.02543 ], [ -122.67452, 38.02839 ], [ -122.67822, 38.02804 ], [ -122.67917, 38.02969 ], [ -122.68295, 38.03158 ], [ -122.6864, 38.03148 ], [ -122.68752, 38.03039 ], [ -122.68859, 38.0307 ], [ -122.69046, 38.0302 ], [ -122.69212, 38.03184 ], [ -122.69769, 38.03354 ], [ -122.69753, 38.0345 ], [ -122.69886, 38.03673 ], [ -122.69834, 38.03893 ], [ -122.70192, 38.04054 ], [ -122.70453, 38.03951 ], [ -122.70891, 38.0393 ], [ -122.70988, 38.04042 ], [ -122.70917, 38.04122 ], [ -122.71089, 38.0424 ], [ -122.7087, 38.04445 ], [ -122.70932, 38.04703 ], [ -122.71256, 38.05012 ], [ -122.71139, 38.04685 ], [ -122.71187, 38.04536 ], [ -122.71842, 38.04713 ], [ -122.72082, 38.04892 ], [ -122.72401, 38.04995 ], [ -122.72453, 38.05181 ], [ -122.72747, 38.05576 ], [ -122.73561, 38.05723 ], [ -122.73843, 38.05631 ], [ -122.7425, 38.06083 ], [ -122.74382, 38.05957 ], [ -122.74547, 38.05963 ], [ -122.75039, 38.05685 ], [ -122.7539, 38.05584 ], [ -122.75451, 38.05395 ], [ -122.75321, 38.05219 ], [ -122.75347, 38.05057 ], [ -122.75696, 38.05078 ], [ -122.75755, 38.04951 ], [ -122.75895, 38.0499 ], [ -122.7596, 38.0516 ], [ -122.75857, 38.05393 ], [ -122.75931, 38.05597 ], [ -122.76164, 38.05739 ], [ -122.76781, 38.05965 ], [ -122.77078, 38.05923 ], [ -122.77107, 38.06345 ], [ -122.7731, 38.06629 ], [ -122.7723, 38.06838 ], [ -122.76971, 38.06897 ], [ -122.77046, 38.07115 ], [ -122.76493, 38.07466 ], [ -122.76357, 38.07697 ], [ -122.76495, 38.08101 ], [ -122.76745, 38.08381 ], [ -122.76766, 38.08898 ], [ -122.77527, 38.09579 ], [ -122.77073, 38.10208 ], [ -122.77184, 38.10538 ], [ -122.7759, 38.11055 ], [ -122.77898, 38.11306 ] ] ] } },
{ "type": "Feature", "properties": { "zip_code": "94949", "county": "Marin", "band": 30.0, "band_source": "routed", "drive_min": 28.7, "distance_mi": 17.8, "memberships": 2, "regular": null, "associate": null, "median_age": null, "age_note": "suppressed", "pt_lon": -122.53816, "pt_lat": 38.06868 }, "geometry": { "type": "Polygon", "coordinates": [ [ [ -122.58805, 38.06907 ], [ -122.5844, 38.06886 ], [ -122.58576, 38.07857 ], [ -122.58245, 38.07696 ], [ -122.57521, 38.07623 ], [ -122.57496, 38.07901 ], [ -122.57144, 38.08041 ], [ -122.56901, 38.07874 ], [ -122.56904, 38.07699 ], [ -122.56628, 38.07702 ], [ -122.56391, 38.07525 ], [ -122.55922, 38.07656 ], [ -122.55884, 38.07577 ], [ -122.55598, 38.07661 ], [ -122.55356, 38.0753 ], [ -122.55125, 38.07585 ], [ -122.54593, 38.07406 ], [ -122.5447, 38.0744 ], [ -122.53956, 38.0714 ], [ -122.54251, 38.07653 ], [ -122.54611, 38.08008 ], [ -122.53483, 38.08736 ], [ -122.53385, 38.08431 ], [ -122.53039, 38.08216 ], [ -122.52823, 38.08153 ], [ -122.52755, 38.08291 ], [ -122.5291, 38.08608 ], [ -122.52848, 38.08774 ], [ -122.52699, 38.08811 ], [ -122.52318, 38.08764 ], [ -122.5195, 38.09093 ], [ -122.51785, 38.0916 ], [ -122.51533, 38.09162 ], [ -122.51329, 38.08639 ], [ -122.51226, 38.0853 ], [ -122.50919, 38.08446 ], [ -122.50554, 38.08539 ], [ -122.50241, 38.08963 ], [ -122.49654, 38.09337 ], [ -122.49378, 38.09432 ], [ -122.49382, 38.09218 ], [ -122.48947, 38.09502 ], [ -122.48716, 38.09927 ], [ -122.48591, 38.09924 ], [ -122.48376, 38.07176 ], [ -122.49227, 38.05638 ], [ -122.49328, 38.04757 ], [ -122.50663, 38.04768 ], [ -122.50803, 38.04527 ], [ -122.51401, 38.04439 ], [ -122.51417, 38.04865 ], [ -122.51546, 38.05115 ], [ -122.5206, 38.05261 ], [ -122.51928, 38.04067 ], [ -122.52241, 38.03955 ], [ -122.52434, 38.04009 ], [ -122.5257, 38.0397 ], [ -122.52755, 38.04124 ], [ -122.53077, 38.04234 ], [ -122.53561, 38.04107 ], [ -122.53957, 38.04321 ], [ -122.5543, 38.04676 ], [ -122.57112, 38.04632 ], [ -122.57461, 38.04796 ], [ -122.5942, 38.06633 ], [ -122.58805, 38.06907 ] ] ] } },
{ "type": "Feature", "properties": { "zip_code": "94951", "county": "Sonoma", "band": 60.0, "band_source": "routed", "drive_min": 56.7, "distance_mi": 39.0, "memberships": 0, "regular": null, "associate": null, "median_age": null, "age_note": null, "pt_lon": -122.64338, "pt_lat": 38.317 }, "geometry": { "type": "Polygon", "coordinates": [ [ [ -122.70476, 38.30403 ], [ -122.69436, 38.30938 ], [ -122.69682, 38.3123 ], [ -122.69437, 38.3143 ], [ -122.69255, 38.31217 ], [ -122.68421, 38.3122 ], [ -122.68297, 38.30944 ], [ -122.68439, 38.30885 ], [ -122.68302, 38.30696 ], [ -122.6783, 38.30703 ], [ -122.67969, 38.30773 ], [ -122.67864, 38.30874 ], [ -122.67275, 38.30946 ], [ -122.67062, 38.31136 ], [ -122.66663, 38.31203 ], [ -122.66669, 38.32519 ], [ -122.67606, 38.32519 ], [ -122.67609, 38.33618 ], [ -122.66682, 38.33617 ], [ -122.66686, 38.33858 ], [ -122.66193, 38.33863 ], [ -122.65732, 38.33951 ], [ -122.65473, 38.33828 ], [ -122.65443, 38.33223 ], [ -122.6515, 38.33319 ], [ -122.65087, 38.33467 ], [ -122.64803, 38.33518 ], [ -122.64474, 38.34104 ], [ -122.64511, 38.34229 ], [ -122.64175, 38.34736 ], [ -122.6386, 38.34849 ], [ -122.63764, 38.35078 ], [ -122.62026, 38.35083 ], [ -122.62021, 38.35774 ], [ -122.5995, 38.35754 ], [ -122.5995, 38.35587 ], [ -122.59645, 38.35227 ], [ -122.59321, 38.35075 ], [ -122.58921, 38.35008 ], [ -122.5836, 38.35031 ], [ -122.58351, 38.34329 ], [ -122.59268, 38.34318 ], [ -122.59274, 38.33593 ], [ -122.60186, 38.33586 ], [ -122.60189, 38.33364 ], [ -122.6092, 38.33362 ], [ -122.61115, 38.33253 ], [ -122.61796, 38.33254 ], [ -122.61852, 38.32592 ], [ -122.61456, 38.3237 ], [ -122.63068, 38.30562 ], [ -122.64167, 38.31189 ], [ -122.64998, 38.30272 ], [ -122.65082, 38.30329 ], [ -122.65733, 38.29601 ], [ -122.65409, 38.29419 ], [ -122.65738, 38.29055 ], [ -122.66386, 38.28914 ], [ -122.66458, 38.2851 ], [ -122.66635, 38.28319 ], [ -122.66861, 38.28448 ], [ -122.67282, 38.27929 ], [ -122.6782, 38.27933 ], [ -122.67867, 38.27888 ], [ -122.68233, 38.2817 ], [ -122.68233, 38.28499 ], [ -122.67805, 38.28441 ], [ -122.67677, 38.28558 ], [ -122.70476, 38.30403 ] ] ] } },
{ "type": "Feature", "properties": { "zip_code": "94954", "county": "Sonoma", "band": 60.0, "band_source": "routed", "drive_min": 50.7, "distance_mi": 33.8, "memberships": 0, "regular": null, "associate": null, "median_age": null, "age_note": null, "pt_lon": -122.5598, "pt_lat": 38.23522 }, "geometry": { "type": "Polygon", "coordinates": [ [ [ -122.6782, 38.27933 ], [ -122.67282, 38.27929 ], [ -122.66861, 38.28448 ], [ -122.66635, 38.28319 ], [ -122.66458, 38.2851 ], [ -122.66386, 38.28914 ], [ -122.65738, 38.29055 ], [ -122.65409, 38.29419 ], [ -122.65733, 38.29601 ], [ -122.65082, 38.30329 ], [ -122.64998, 38.30272 ], [ -122.64167, 38.31189 ], [ -122.63068, 38.30562 ], [ -122.61456, 38.3237 ], [ -122.61852, 38.32592 ], [ -122.61796, 38.33254 ], [ -122.61115, 38.33253 ], [ -122.6092, 38.33362 ], [ -122.60189, 38.33364 ], [ -122.60186, 38.33586 ], [ -122.59274, 38.33593 ], [ -122.59268, 38.34318 ], [ -122.58351, 38.34329 ], [ -122.58366, 38.35535 ], [ -122.58265, 38.35779 ], [ -122.5682, 38.35775 ], [ -122.56805, 38.35845 ], [ -122.56576, 38.35788 ], [ -122.55674, 38.35787 ], [ -122.55584, 38.35596 ], [ -122.55638, 38.35498 ], [ -122.56013, 38.35424 ], [ -122.56529, 38.35423 ], [ -122.5653, 38.35057 ], [ -122.56007, 38.3507 ], [ -122.56021, 38.34797 ], [ -122.56234, 38.34464 ], [ -122.56283, 38.34237 ], [ -122.56162, 38.34025 ], [ -122.56325, 38.33767 ], [ -122.56986, 38.33471 ], [ -122.57, 38.33278 ], [ -122.56683, 38.33047 ], [ -122.56722, 38.3275 ], [ -122.56952, 38.32707 ], [ -122.57353, 38.32755 ], [ -122.57457, 38.32486 ], [ -122.57357, 38.31753 ], [ -122.57268, 38.3162 ], [ -122.56761, 38.31286 ], [ -122.55362, 38.29384 ], [ -122.55534, 38.28847 ], [ -122.55994, 38.28765 ], [ -122.56322, 38.28535 ], [ -122.55107, 38.27623 ], [ -122.54982, 38.27451 ], [ -122.54612, 38.27266 ], [ -122.5459, 38.27112 ], [ -122.5358, 38.26517 ], [ -122.53345, 38.26281 ], [ -122.52489, 38.26115 ], [ -122.52205, 38.25928 ], [ -122.51232, 38.25484 ], [ -122.50739, 38.24729 ], [ -122.50316, 38.2467 ], [ -122.50022, 38.24766 ], [ -122.50539, 38.24267 ], [ -122.50544, 38.24002 ], [ -122.50762, 38.23707 ], [ -122.50246, 38.23877 ], [ -122.49544, 38.22542 ], [ -122.49839, 38.22288 ], [ -122.45804, 38.18996 ], [ -122.46111, 38.18803 ], [ -122.46348, 38.18536 ], [ -122.46145, 38.18487 ], [ -122.45604, 38.18079 ], [ -122.45051, 38.1783 ], [ -122.44872, 38.17821 ], [ -122.44543, 38.17946 ], [ -122.44724, 38.17711 ], [ -122.45356, 38.17518 ], [ -122.45739, 38.17004 ], [ -122.45934, 38.1712 ], [ -122.46079, 38.17129 ], [ -122.46383, 38.1739 ], [ -122.46953, 38.17733 ], [ -122.47162, 38.18072 ], [ -122.47286, 38.18098 ], [ -122.47485, 38.18284 ], [ -122.48047, 38.18453 ], [ -122.48122, 38.18551 ], [ -122.48519, 38.18657 ], [ -122.48663, 38.18784 ], [ -122.49047, 38.18915 ], [ -122.49378, 38.18934 ], [ -122.497, 38.19157 ], [ -122.49853, 38.19175 ], [ -122.50091, 38.19459 ], [ -122.50278, 38.19424 ], [ -122.50833, 38.19511 ], [ -122.51034, 38.19644 ], [ -122.51182, 38.19906 ], [ -122.52179, 38.20537 ], [ -122.5254, 38.20448 ], [ -122.52948, 38.2049 ], [ -122.53114, 38.20418 ], [ -122.53571, 38.20362 ], [ -122.54426, 38.1945 ], [ -122.54188, 38.19019 ], [ -122.53776, 38.18699 ], [ -122.53883, 38.18557 ], [ -122.53636, 38.18313 ], [ -122.52311, 38.1733 ], [ -122.51947, 38.17615 ], [ -122.51848, 38.17618 ], [ -122.50115, 38.16222 ], [ -122.49999, 38.15877 ], [ -122.49711, 38.16028 ], [ -122.49815, 38.15734 ], [ -122.49405, 38.15409 ], [ -122.48945, 38.15147 ], [ -122.47629, 38.13398 ], [ -122.4891, 38.12596 ], [ -122.48715, 38.12239 ], [ -122.49142, 38.12019 ], [ -122.50163, 38.11233 ], [ -122.50282, 38.113 ], [ -122.50793, 38.1181 ], [ -122.51129, 38.12492 ], [ -122.5131, 38.13212 ], [ -122.51595, 38.13645 ], [ -122.51902, 38.13974 ], [ -122.52396, 38.14351 ], [ -122.53326, 38.14812 ], [ -122.5377, 38.15151 ], [ -122.54371, 38.15807 ], [ -122.54538, 38.15873 ], [ -122.54463, 38.15987 ], [ -122.54469, 38.16236 ], [ -122.54189, 38.16472 ], [ -122.53413, 38.16715 ], [ -122.53212, 38.16907 ], [ -122.53175, 38.17132 ], [ -122.54056, 38.17917 ], [ -122.54372, 38.18307 ], [ -122.54484, 38.18501 ], [ -122.54751, 38.19684 ], [ -122.54974, 38.19953 ], [ -122.55128, 38.20006 ], [ -122.55492, 38.19989 ], [ -122.55898, 38.19821 ], [ -122.56256, 38.19872 ], [ -122.56535, 38.20172 ], [ -122.56655, 38.20422 ], [ -122.56676, 38.20603 ], [ -122.56528, 38.21011 ], [ -122.56655, 38.21154 ], [ -122.5703, 38.21266 ], [ -122.56865, 38.21206 ], [ -122.57139, 38.2116 ], [ -122.56808, 38.21189 ], [ -122.56617, 38.2109 ], [ -122.56569, 38.20942 ], [ -122.56891, 38.20419 ], [ -122.57683, 38.20681 ], [ -122.58386, 38.20973 ], [ -122.59466, 38.2207 ], [ -122.60323, 38.2211 ], [ -122.60627, 38.22446 ], [ -122.61412, 38.2284 ], [ -122.61556, 38.22853 ], [ -122.62445, 38.24467 ], [ -122.66154, 38.26508 ], [ -122.67867, 38.27888 ], [ -122.6782, 38.27933 ] ] ] } },
{ "type": "Feature", "properties": { "zip_code": "94960", "county": "Marin", "band": 45.0, "band_source": "routed", "drive_min": 34.0, "distance_mi": 14.9, "memberships": 3, "regular": null, "associate": null, "median_age": null, "age_note": "suppressed", "pt_lon": -122.57245, "pt_lat": 37.99589 }, "geometry": { "type": "Polygon", "coordinates": [ [ [ -122.61277, 38.02222 ], [ -122.61132, 38.02493 ], [ -122.60956, 38.0251 ], [ -122.6075, 38.02653 ], [ -122.60392, 38.02643 ], [ -122.59876, 38.02744 ], [ -122.59878, 38.0284 ], [ -122.597, 38.02918 ], [ -122.58819, 38.02599 ], [ -122.58972, 38.02383 ], [ -122.57097, 38.0096 ], [ -122.55752, 37.99372 ], [ -122.55951, 37.98447 ], [ -122.5576, 37.98501 ], [ -122.55643, 37.98445 ], [ -122.55725, 37.98351 ], [ -122.5504, 37.9808 ], [ -122.55094, 37.97824 ], [ -122.55198, 37.97741 ], [ -122.55093, 37.97749 ], [ -122.55091, 37.97219 ], [ -122.5532, 37.97256 ], [ -122.55154, 37.97117 ], [ -122.5521, 37.96952 ], [ -122.55789, 37.9682 ], [ -122.55877, 37.96653 ], [ -122.56059, 37.96956 ], [ -122.56636, 37.96695 ], [ -122.5673, 37.96783 ], [ -122.57156, 37.96763 ], [ -122.58067, 37.96973 ], [ -122.58079, 37.97322 ], [ -122.58579, 37.97672 ], [ -122.58138, 37.97763 ], [ -122.58218, 37.97908 ], [ -122.57935, 37.98663 ], [ -122.58189, 37.98665 ], [ -122.58693, 37.99939 ], [ -122.58549, 38.0027 ], [ -122.58645, 38.00329 ], [ -122.58501, 38.00493 ], [ -122.59529, 38.00832 ], [ -122.59727, 38.00772 ], [ -122.5993, 38.00797 ], [ -122.60274, 38.00993 ], [ -122.60218, 38.01106 ], [ -122.60754, 38.01328 ], [ -122.60976, 38.01849 ], [ -122.61156, 38.0174 ], [ -122.61316, 38.01817 ], [ -122.61277, 38.02222 ] ] ] } },
{ "type": "Feature", "properties": { "zip_code": "94965", "county": "Marin", "band": 45.0, "band_source": "routed", "drive_min": 43.6, "distance_mi": 19.8, "memberships": 5, "regular": 5.0, "associate": 0.0, "median_age": 57.0, "age_note": null, "pt_lon": -122.55764, "pt_lat": 37.85677 }, "geometry": { "type": "Polygon", "coordinates": [ [ [ -122.60345, 37.87727 ], [ -122.60017, 37.87846 ], [ -122.60188, 37.87717 ], [ -122.59875, 37.87488 ], [ -122.59398, 37.87503 ], [ -122.58761, 37.86769 ], [ -122.58667, 37.86464 ], [ -122.58506, 37.86407 ], [ -122.58259, 37.86517 ], [ -122.57938, 37.86453 ], [ -122.57627, 37.86305 ], [ -122.58372, 37.87312 ], [ -122.58238, 37.87635 ], [ -122.57906, 37.87891 ], [ -122.57708, 37.8821 ], [ -122.56792, 37.88644 ], [ -122.56753, 37.88848 ], [ -122.56628, 37.88707 ], [ -122.5643, 37.88798 ], [ -122.56578, 37.88865 ], [ -122.56237, 37.88942 ], [ -122.56329, 37.89063 ], [ -122.56128, 37.89217 ], [ -122.56206, 37.89457 ], [ -122.56379, 37.89374 ], [ -122.56369, 37.89275 ], [ -122.56559, 37.8925 ], [ -122.56433, 37.89355 ], [ -122.56414, 37.89516 ], [ -122.56202, 37.89549 ], [ -122.56176, 37.89623 ], [ -122.55872, 37.89353 ], [ -122.55718, 37.89348 ], [ -122.55615, 37.89034 ], [ -122.55504, 37.88934 ], [ -122.55428, 37.88341 ], [ -122.55372, 37.88419 ], [ -122.55383, 37.87771 ], [ -122.55176, 37.87638 ], [ -122.55229, 37.87453 ], [ -122.55106, 37.87315 ], [ -122.55275, 37.87168 ], [ -122.55197, 37.87046 ], [ -122.55075, 37.87052 ], [ -122.55116, 37.86912 ], [ -122.54905, 37.86923 ], [ -122.55122, 37.86803 ], [ -122.55072, 37.86549 ], [ -122.55142, 37.86423 ], [ -122.54644, 37.86229 ], [ -122.54777, 37.86121 ], [ -122.54554, 37.8611 ], [ -122.5444, 37.85949 ], [ -122.53901, 37.85579 ], [ -122.53756, 37.85854 ], [ -122.53405, 37.85937 ], [ -122.53305, 37.85884 ], [ -122.53355, 37.85747 ], [ -122.53512, 37.85697 ], [ -122.53264, 37.85552 ], [ -122.53315, 37.85384 ], [ -122.52634, 37.85004 ], [ -122.52397, 37.85234 ], [ -122.52491, 37.85467 ], [ -122.52182, 37.85655 ], [ -122.5198, 37.85618 ], [ -122.5159, 37.85672 ], [ -122.51143, 37.85488 ], [ -122.50941, 37.85575 ], [ -122.50742, 37.85572 ], [ -122.51017, 37.85685 ], [ -122.50842, 37.85894 ], [ -122.51172, 37.86322 ], [ -122.5128, 37.8635 ], [ -122.52025, 37.87011 ], [ -122.51934, 37.87451 ], [ -122.5196, 37.87555 ], [ -122.52095, 37.87576 ], [ -122.52003, 37.87707 ], [ -122.52068, 37.87938 ], [ -122.51851, 37.8787 ], [ -122.51662, 37.87687 ], [ -122.51152, 37.87672 ], [ -122.51464, 37.87853 ], [ -122.5162, 37.88031 ], [ -122.51658, 37.88415 ], [ -122.49847, 37.87579 ], [ -122.50054, 37.87415 ], [ -122.49627, 37.87078 ], [ -122.4946, 37.86627 ], [ -122.48771, 37.86421 ], [ -122.47844, 37.85952 ], [ -122.47881, 37.85161 ], [ -122.47987, 37.84984 ], [ -122.47974, 37.84757 ], [ -122.47752, 37.84655 ], [ -122.4769, 37.84261 ], [ -122.47226, 37.83681 ], [ -122.47268, 37.8324 ], [ -122.47348, 37.83231 ], [ -122.47424, 37.83367 ], [ -122.47612, 37.83396 ], [ -122.47778, 37.83338 ], [ -122.47907, 37.83038 ], [ -122.47874, 37.82559 ], [ -122.48348, 37.82673 ], [ -122.49093, 37.82675 ], [ -122.49548, 37.82243 ], [ -122.49903, 37.82239 ], [ -122.49979, 37.82206 ], [ -122.50001, 37.82091 ], [ -122.50445, 37.82109 ], [ -122.50569, 37.8233 ], [ -122.51109, 37.82501 ], [ -122.51882, 37.82569 ], [ -122.52345, 37.82504 ], [ -122.5258, 37.8214 ], [ -122.52815, 37.82087 ], [ -122.52926, 37.81969 ], [ -122.52913, 37.81805 ], [ -122.52988, 37.81756 ], [ -122.53177, 37.82099 ], [ -122.53498, 37.82422 ], [ -122.53412, 37.82616 ], [ -122.53728, 37.83033 ], [ -122.54899, 37.83623 ], [ -122.55899, 37.84653 ], [ -122.56149, 37.85183 ], [ -122.57353, 37.85573 ], [ -122.57539, 37.85873 ], [ -122.57969, 37.86008 ], [ -122.58182, 37.85704 ], [ -122.60129, 37.87513 ], [ -122.60444, 37.87595 ], [ -122.60345, 37.87727 ] ] ] } },
{ "type": "Feature", "properties": { "zip_code": "94973", "county": "Marin", "band": 60.0, "band_source": "routed", "drive_min": 46.7, "distance_mi": 19.8, "memberships": 2, "regular": null, "associate": null, "median_age": null, "age_note": "suppressed", "pt_lon": -122.63533, "pt_lat": 38.01138 }, "geometry": { "type": "Polygon", "coordinates": [ [ [ -122.66438, 38.02316 ], [ -122.65782, 38.02638 ], [ -122.6565, 38.02611 ], [ -122.65465, 38.02686 ], [ -122.65438, 38.02788 ], [ -122.65141, 38.02775 ], [ -122.64993, 38.02828 ], [ -122.6455, 38.02711 ], [ -122.64368, 38.0281 ], [ -122.64248, 38.02572 ], [ -122.63946, 38.02515 ], [ -122.63378, 38.02564 ], [ -122.6264, 38.02289 ], [ -122.6205, 38.01992 ], [ -122.61656, 38.01965 ], [ -122.61684, 38.01831 ], [ -122.61367, 38.01821 ], [ -122.6144, 38.01676 ], [ -122.61365, 38.01087 ], [ -122.61623, 38.01232 ], [ -122.61823, 38.01123 ], [ -122.61723, 38.00816 ], [ -122.61456, 38.00573 ], [ -122.61428, 38.00407 ], [ -122.61716, 38.00645 ], [ -122.62186, 38.0078 ], [ -122.62448, 38.00765 ], [ -122.62724, 38.00549 ], [ -122.6262, 38.00021 ], [ -122.62705, 38.00038 ], [ -122.6282, 37.99955 ], [ -122.62938, 37.99714 ], [ -122.63425, 37.99465 ], [ -122.6373, 37.99476 ], [ -122.64009, 37.99378 ], [ -122.64234, 37.99615 ], [ -122.64621, 37.99606 ], [ -122.64777, 37.99667 ], [ -122.65065, 37.99539 ], [ -122.65323, 37.99811 ], [ -122.65389, 38.00073 ], [ -122.64622, 38.00631 ], [ -122.64764, 38.00704 ], [ -122.65022, 38.007 ], [ -122.65043, 38.00886 ], [ -122.65265, 38.00941 ], [ -122.65376, 38.01165 ], [ -122.64883, 38.01287 ], [ -122.64694, 38.01282 ], [ -122.65078, 38.01317 ], [ -122.65799, 38.01182 ], [ -122.65999, 38.01295 ], [ -122.66298, 38.01257 ], [ -122.66381, 38.01784 ], [ -122.66036, 38.02273 ], [ -122.66341, 38.02225 ], [ -122.66438, 38.02316 ] ] ] } },
{ "type": "Feature", "properties": { "zip_code": "95492", "county": "Sonoma", "band": null, "band_source": "routed", "drive_min": 70.0, "distance_mi": 56.6, "memberships": 1, "regular": null, "associate": null, "median_age": null, "age_note": "suppressed", "pt_lon": -122.81741, "pt_lat": 38.53107 }, "geometry": { "type": "Polygon", "coordinates": [ [ [ -122.85864, 38.50239 ], [ -122.85353, 38.50383 ], [ -122.85372, 38.51594 ], [ -122.85562, 38.51593 ], [ -122.84919, 38.52194 ], [ -122.84792, 38.52421 ], [ -122.84638, 38.52394 ], [ -122.84442, 38.52525 ], [ -122.84447, 38.53266 ], [ -122.83522, 38.53288 ], [ -122.83529, 38.54376 ], [ -122.84181, 38.54369 ], [ -122.84144, 38.5455 ], [ -122.84462, 38.54693 ], [ -122.84461, 38.54769 ], [ -122.8397, 38.54798 ], [ -122.8397, 38.55213 ], [ -122.8384, 38.5521 ], [ -122.83839, 38.55469 ], [ -122.8395, 38.5547 ], [ -122.83948, 38.55833 ], [ -122.83498, 38.55829 ], [ -122.8359, 38.5642 ], [ -122.83671, 38.56482 ], [ -122.83311, 38.56547 ], [ -122.84149, 38.57488 ], [ -122.84279, 38.57796 ], [ -122.83694, 38.5779 ], [ -122.83108, 38.57017 ], [ -122.82318, 38.56182 ], [ -122.81793, 38.56177 ], [ -122.81782, 38.57028 ], [ -122.82594, 38.56532 ], [ -122.81983, 38.56931 ], [ -122.81846, 38.57189 ], [ -122.81698, 38.57223 ], [ -122.81575, 38.57675 ], [ -122.80777, 38.57676 ], [ -122.7892, 38.59104 ], [ -122.77992, 38.59098 ], [ -122.77966, 38.57107 ], [ -122.78271, 38.57091 ], [ -122.79214, 38.57438 ], [ -122.79584, 38.57482 ], [ -122.78858, 38.56597 ], [ -122.78381, 38.56598 ], [ -122.78449, 38.56208 ], [ -122.78256, 38.56205 ], [ -122.78261, 38.55488 ], [ -122.77479, 38.55466 ], [ -122.77291, 38.55186 ], [ -122.77288, 38.54662 ], [ -122.77607, 38.54522 ], [ -122.77674, 38.54371 ], [ -122.77906, 38.54404 ], [ -122.77904, 38.54145 ], [ -122.78031, 38.54033 ], [ -122.78359, 38.54032 ], [ -122.78379, 38.54765 ], [ -122.78654, 38.54754 ], [ -122.78648, 38.54033 ], [ -122.78857, 38.54033 ], [ -122.78844, 38.53753 ], [ -122.78968, 38.53673 ], [ -122.78836, 38.53554 ], [ -122.78901, 38.5351 ], [ -122.78846, 38.53323 ], [ -122.78905, 38.53215 ], [ -122.79166, 38.53125 ], [ -122.78957, 38.53126 ], [ -122.78842, 38.53308 ], [ -122.78394, 38.53225 ], [ -122.77927, 38.53302 ], [ -122.77233, 38.53297 ], [ -122.7723, 38.53028 ], [ -122.77448, 38.53026 ], [ -122.77443, 38.5257 ], [ -122.78991, 38.52581 ], [ -122.78212, 38.5173 ], [ -122.77327, 38.51815 ], [ -122.76985, 38.51469 ], [ -122.76992, 38.51115 ], [ -122.77592, 38.51139 ], [ -122.78373, 38.51873 ], [ -122.78303, 38.51774 ], [ -122.78825, 38.51768 ], [ -122.78822, 38.51479 ], [ -122.7936, 38.52067 ], [ -122.79795, 38.52062 ], [ -122.79807, 38.52582 ], [ -122.80196, 38.52574 ], [ -122.80268, 38.52212 ], [ -122.80024, 38.52194 ], [ -122.7992, 38.5183 ], [ -122.82146, 38.51822 ], [ -122.8211, 38.50351 ], [ -122.81661, 38.5033 ], [ -122.81653, 38.5 ], [ -122.80505, 38.49942 ], [ -122.80223, 38.50113 ], [ -122.80214, 38.50178 ], [ -122.79987, 38.50234 ], [ -122.79898, 38.50049 ], [ -122.79564, 38.50291 ], [ -122.79284, 38.50249 ], [ -122.78884, 38.5037 ], [ -122.78465, 38.50686 ], [ -122.78192, 38.50168 ], [ -122.78244, 38.50022 ], [ -122.78482, 38.49929 ], [ -122.78426, 38.49819 ], [ -122.78598, 38.49752 ], [ -122.78439, 38.49446 ], [ -122.78753, 38.49322 ], [ -122.78543, 38.48886 ], [ -122.79037, 38.48716 ], [ -122.78966, 38.48056 ], [ -122.78829, 38.47704 ], [ -122.78903, 38.47277 ], [ -122.79562, 38.47883 ], [ -122.80782, 38.47563 ], [ -122.81314, 38.48318 ], [ -122.81743, 38.48294 ], [ -122.81779, 38.48415 ], [ -122.82817, 38.48311 ], [ -122.83497, 38.48181 ], [ -122.83698, 38.48214 ], [ -122.84034, 38.48412 ], [ -122.84237, 38.48458 ], [ -122.84165, 38.48526 ], [ -122.84247, 38.48666 ], [ -122.845, 38.4888 ], [ -122.84426, 38.4923 ], [ -122.84447, 38.5009 ], [ -122.84882, 38.50095 ], [ -122.8488, 38.49844 ], [ -122.85422, 38.49903 ], [ -122.85416, 38.49611 ], [ -122.8569, 38.49775 ], [ -122.85761, 38.50196 ], [ -122.85864, 38.50239 ] ] ] } },
{ "type": "Feature", "properties": { "zip_code": "95403", "county": "Sonoma", "band": null, "band_source": "routed", "drive_min": 65.7, "distance_mi": 52.7, "memberships": 1, "regular": null, "associate": null, "median_age": null, "age_note": "suppressed", "pt_lon": -122.75234, "pt_lat": 38.50343 }, "geometry": { "type": "Polygon", "coordinates": [ [ [ -122.82146, 38.51822 ], [ -122.7992, 38.5183 ], [ -122.80024, 38.52194 ], [ -122.80268, 38.52212 ], [ -122.80196, 38.52574 ], [ -122.79807, 38.52582 ], [ -122.79795, 38.52062 ], [ -122.7936, 38.52067 ], [ -122.78822, 38.51479 ], [ -122.78825, 38.51768 ], [ -122.78303, 38.51774 ], [ -122.78373, 38.51873 ], [ -122.77592, 38.51139 ], [ -122.76992, 38.51115 ], [ -122.76985, 38.51469 ], [ -122.77327, 38.51815 ], [ -122.78212, 38.5173 ], [ -122.78991, 38.52581 ], [ -122.77443, 38.5257 ], [ -122.77448, 38.53026 ], [ -122.7723, 38.53028 ], [ -122.77233, 38.53297 ], [ -122.77927, 38.53302 ], [ -122.78394, 38.53225 ], [ -122.78842, 38.53308 ], [ -122.78957, 38.53126 ], [ -122.79166, 38.53125 ], [ -122.78905, 38.53215 ], [ -122.78846, 38.53323 ], [ -122.78901, 38.5351 ], [ -122.78836, 38.53554 ], [ -122.78968, 38.53673 ], [ -122.78844, 38.53753 ], [ -122.78857, 38.54033 ], [ -122.78648, 38.54033 ], [ -122.78654, 38.54754 ], [ -122.78379, 38.54765 ], [ -122.78359, 38.54032 ], [ -122.78031, 38.54033 ], [ -122.77904, 38.54145 ], [ -122.77906, 38.54404 ], [ -122.77674, 38.54371 ], [ -122.77607, 38.54522 ], [ -122.77237, 38.54669 ], [ -122.76993, 38.54624 ], [ -122.76979, 38.5453 ], [ -122.7669, 38.5453 ], [ -122.76243, 38.54784 ], [ -122.76201, 38.54984 ], [ -122.75841, 38.55194 ], [ -122.75737, 38.55361 ], [ -122.75374, 38.55403 ], [ -122.75233, 38.55495 ], [ -122.75128, 38.55471 ], [ -122.73996, 38.55831 ], [ -122.74081, 38.55701 ], [ -122.73733, 38.55527 ], [ -122.7373, 38.55453 ], [ -122.73269, 38.55082 ], [ -122.72809, 38.55085 ], [ -122.72809, 38.54725 ], [ -122.72351, 38.54721 ], [ -122.72355, 38.53779 ], [ -122.72561, 38.53633 ], [ -122.72544, 38.53293 ], [ -122.73025, 38.52923 ], [ -122.72802, 38.52523 ], [ -122.72874, 38.52067 ], [ -122.72661, 38.51831 ], [ -122.73507, 38.51822 ], [ -122.73471, 38.51773 ], [ -122.74007, 38.5174 ], [ -122.74052, 38.50419 ], [ -122.73767, 38.50327 ], [ -122.73629, 38.50381 ], [ -122.73561, 38.50309 ], [ -122.73821, 38.50148 ], [ -122.73253, 38.49696 ], [ -122.73344, 38.50173 ], [ -122.73407, 38.50191 ], [ -122.73293, 38.5038 ], [ -122.72343, 38.50384 ], [ -122.72349, 38.50697 ], [ -122.71881, 38.50808 ], [ -122.71843, 38.5065 ], [ -122.71456, 38.5044 ], [ -122.71434, 38.49974 ], [ -122.71339, 38.49657 ], [ -122.70498, 38.49663 ], [ -122.70491, 38.49294 ], [ -122.70302, 38.49292 ], [ -122.70423, 38.49253 ], [ -122.70449, 38.49095 ], [ -122.70361, 38.48963 ], [ -122.70587, 38.48901 ], [ -122.7096, 38.48907 ], [ -122.70966, 38.48781 ], [ -122.7109, 38.48612 ], [ -122.70709, 38.48581 ], [ -122.70476, 38.4828 ], [ -122.70487, 38.47962 ], [ -122.70912, 38.47886 ], [ -122.70909, 38.478 ], [ -122.70713, 38.47743 ], [ -122.70873, 38.47617 ], [ -122.70938, 38.47262 ], [ -122.71016, 38.47316 ], [ -122.7133, 38.47154 ], [ -122.71448, 38.47325 ], [ -122.71647, 38.47371 ], [ -122.72018, 38.46979 ], [ -122.72217, 38.46947 ], [ -122.71716, 38.46101 ], [ -122.72297, 38.45918 ], [ -122.72374, 38.46001 ], [ -122.73027, 38.45973 ], [ -122.73937, 38.45453 ], [ -122.74008, 38.45505 ], [ -122.74184, 38.45503 ], [ -122.74185, 38.4565 ], [ -122.74575, 38.45648 ], [ -122.74577, 38.45358 ], [ -122.7447, 38.45358 ], [ -122.74463, 38.4526 ], [ -122.75132, 38.45258 ], [ -122.75131, 38.45013 ], [ -122.76034, 38.45122 ], [ -122.76513, 38.44905 ], [ -122.76956, 38.44844 ], [ -122.76957, 38.45313 ], [ -122.77257, 38.45317 ], [ -122.77254, 38.45621 ], [ -122.77883, 38.45629 ], [ -122.77885, 38.45981 ], [ -122.77295, 38.45981 ], [ -122.77299, 38.46286 ], [ -122.76967, 38.463 ], [ -122.76973, 38.46713 ], [ -122.77112, 38.46712 ], [ -122.77202, 38.47102 ], [ -122.77501, 38.47102 ], [ -122.77502, 38.47444 ], [ -122.76978, 38.47445 ], [ -122.76983, 38.48164 ], [ -122.7651, 38.48162 ], [ -122.76826, 38.48176 ], [ -122.76606, 38.48481 ], [ -122.76233, 38.48485 ], [ -122.76757, 38.49085 ], [ -122.76494, 38.49239 ], [ -122.76063, 38.49204 ], [ -122.76061, 38.49639 ], [ -122.75643, 38.49617 ], [ -122.77283, 38.50892 ], [ -122.77608, 38.50881 ], [ -122.78121, 38.5065 ], [ -122.78391, 38.50636 ], [ -122.78465, 38.50686 ], [ -122.78884, 38.5037 ], [ -122.79284, 38.50249 ], [ -122.79564, 38.50291 ], [ -122.79898, 38.50049 ], [ -122.79987, 38.50234 ], [ -122.80214, 38.50178 ], [ -122.80223, 38.50113 ], [ -122.80505, 38.49942 ], [ -122.81653, 38.5 ], [ -122.81661, 38.5033 ], [ -122.8211, 38.50351 ], [ -122.82146, 38.51822 ] ] ] } },
{ "type": "Feature", "properties": { "zip_code": "95405", "county": "Sonoma", "band": null, "band_source": "routed", "drive_min": 63.7, "distance_mi": 49.4, "memberships": 3, "regular": null, "associate": null, "median_age": null, "age_note": "suppressed", "pt_lon": -122.66798, "pt_lat": 38.43731 }, "geometry": { "type": "Polygon", "coordinates": [ [ [ -122.70245, 38.44404 ], [ -122.70015, 38.44521 ], [ -122.69801, 38.44775 ], [ -122.69807, 38.44937 ], [ -122.6963, 38.45052 ], [ -122.69269, 38.44983 ], [ -122.69033, 38.45266 ], [ -122.68896, 38.45211 ], [ -122.68799, 38.45315 ], [ -122.68647, 38.45142 ], [ -122.68743, 38.45125 ], [ -122.68846, 38.44967 ], [ -122.68425, 38.44946 ], [ -122.68219, 38.45103 ], [ -122.68041, 38.45477 ], [ -122.67715, 38.45243 ], [ -122.67621, 38.4554 ], [ -122.67219, 38.4577 ], [ -122.67139, 38.45704 ], [ -122.67012, 38.45779 ], [ -122.66935, 38.45703 ], [ -122.66551, 38.45728 ], [ -122.66351, 38.45622 ], [ -122.65996, 38.4575 ], [ -122.65952, 38.45692 ], [ -122.65669, 38.45817 ], [ -122.65351, 38.45399 ], [ -122.65404, 38.45263 ], [ -122.6532, 38.44987 ], [ -122.65145, 38.45014 ], [ -122.65099, 38.45165 ], [ -122.65042, 38.4514 ], [ -122.64854, 38.44581 ], [ -122.64882, 38.44481 ], [ -122.6502, 38.44453 ], [ -122.65132, 38.44298 ], [ -122.64907, 38.44181 ], [ -122.64821, 38.43989 ], [ -122.64875, 38.44047 ], [ -122.64834, 38.41988 ], [ -122.65564, 38.41989 ], [ -122.65782, 38.4169 ], [ -122.66162, 38.41691 ], [ -122.66276, 38.41793 ], [ -122.66553, 38.41845 ], [ -122.67287, 38.42292 ], [ -122.67483, 38.42685 ], [ -122.67832, 38.4307 ], [ -122.67948, 38.43109 ], [ -122.67796, 38.43468 ], [ -122.67751, 38.43418 ], [ -122.67785, 38.4347 ], [ -122.6816, 38.43589 ], [ -122.6818, 38.43645 ], [ -122.68175, 38.43484 ], [ -122.6798, 38.43318 ], [ -122.68158, 38.43189 ], [ -122.68337, 38.43216 ], [ -122.68352, 38.43324 ], [ -122.68803, 38.43402 ], [ -122.68737, 38.43776 ], [ -122.68834, 38.43735 ], [ -122.69103, 38.43942 ], [ -122.69366, 38.43865 ], [ -122.69634, 38.4393 ], [ -122.70003, 38.43883 ], [ -122.70169, 38.44285 ], [ -122.70281, 38.44284 ], [ -122.70245, 38.44404 ] ] ] } },
{ "type": "Feature", "properties": { "zip_code": "95407", "county": "Sonoma", "band": 60.0, "band_source": "routed", "drive_min": 59.5, "distance_mi": 45.2, "memberships": 0, "regular": null, "associate": null, "median_age": null, "age_note": null, "pt_lon": -122.73711, "pt_lat": 38.39133 }, "geometry": { "type": "Polygon", "coordinates": [ [ [ -122.81638, 38.40347 ], [ -122.79802, 38.40992 ], [ -122.79914, 38.41138 ], [ -122.7983, 38.41433 ], [ -122.79683, 38.41458 ], [ -122.79728, 38.41965 ], [ -122.79447, 38.41972 ], [ -122.79393, 38.4123 ], [ -122.77438, 38.42367 ], [ -122.77129, 38.4265 ], [ -122.76861, 38.42789 ], [ -122.74461, 38.42999 ], [ -122.73944, 38.43125 ], [ -122.72336, 38.43348 ], [ -122.72, 38.43312 ], [ -122.71554, 38.4313 ], [ -122.71498, 38.42989 ], [ -122.71485, 38.42424 ], [ -122.71555, 38.4201 ], [ -122.71349, 38.42091 ], [ -122.71348, 38.4097 ], [ -122.70747, 38.41042 ], [ -122.70727, 38.40917 ], [ -122.70407, 38.4092 ], [ -122.70412, 38.40502 ], [ -122.70694, 38.40485 ], [ -122.70686, 38.40183 ], [ -122.69956, 38.4018 ], [ -122.69965, 38.38685 ], [ -122.70506, 38.38686 ], [ -122.70775, 38.38312 ], [ -122.71105, 38.38341 ], [ -122.70585, 38.38186 ], [ -122.69964, 38.38137 ], [ -122.69961, 38.38029 ], [ -122.69593, 38.38031 ], [ -122.69592, 38.37992 ], [ -122.69508, 38.37992 ], [ -122.69511, 38.3814 ], [ -122.6874, 38.38123 ], [ -122.68696, 38.37947 ], [ -122.68797, 38.37657 ], [ -122.68811, 38.37218 ], [ -122.7038, 38.37212 ], [ -122.7015, 38.36942 ], [ -122.71274, 38.36925 ], [ -122.71253, 38.36537 ], [ -122.7152, 38.36919 ], [ -122.71354, 38.36664 ], [ -122.71514, 38.36326 ], [ -122.71384, 38.36153 ], [ -122.71354, 38.35774 ], [ -122.72555, 38.35779 ], [ -122.73197, 38.34978 ], [ -122.73819, 38.35201 ], [ -122.7461, 38.35236 ], [ -122.75257, 38.35552 ], [ -122.75615, 38.36008 ], [ -122.76173, 38.36207 ], [ -122.76648, 38.3655 ], [ -122.76879, 38.36608 ], [ -122.76885, 38.38567 ], [ -122.78075, 38.39555 ], [ -122.78498, 38.39289 ], [ -122.77998, 38.3877 ], [ -122.78111, 38.38697 ], [ -122.78767, 38.38685 ], [ -122.78757, 38.38312 ], [ -122.79411, 38.38234 ], [ -122.79806, 38.38517 ], [ -122.79708, 38.38671 ], [ -122.79715, 38.39065 ], [ -122.79898, 38.39458 ], [ -122.80039, 38.3958 ], [ -122.80828, 38.39617 ], [ -122.81306, 38.3975 ], [ -122.81527, 38.3993 ], [ -122.81561, 38.40119 ], [ -122.81638, 38.40109 ], [ -122.81638, 38.40347 ] ], [ [ -122.69498, 38.37572 ], [ -122.69325, 38.37579 ], [ -122.69327, 38.37727 ], [ -122.69441, 38.37727 ], [ -122.69442, 38.37886 ], [ -122.69503, 38.37886 ], [ -122.69498, 38.37572 ] ] ] } },
{ "type": "Feature", "properties": { "zip_code": "95409", "county": "Sonoma", "band": null, "band_source": "routed", "drive_min": 76.1, "distance_mi": 54.5, "memberships": 2, "regular": null, "associate": null, "median_age": null, "age_note": "suppressed", "pt_lon": -122.59917, "pt_lat": 38.45398 }, "geometry": { "type": "MultiPolygon", "coordinates": [ [ [ [ -122.68154, 38.45771 ], [ -122.67832, 38.45929 ], [ -122.6766, 38.46242 ], [ -122.67732, 38.46796 ], [ -122.67979, 38.46632 ], [ -122.67967, 38.47112 ], [ -122.68018, 38.47144 ], [ -122.67779, 38.47229 ], [ -122.67762, 38.47661 ], [ -122.67902, 38.4759 ], [ -122.67746, 38.47776 ], [ -122.67896, 38.47846 ], [ -122.67786, 38.48136 ], [ -122.67705, 38.48216 ], [ -122.67347, 38.48216 ], [ -122.67265, 38.4844 ], [ -122.67708, 38.48426 ], [ -122.67708, 38.48539 ], [ -122.67379, 38.48536 ], [ -122.67382, 38.48948 ], [ -122.67249, 38.4895 ], [ -122.67245, 38.49672 ], [ -122.66997, 38.49673 ], [ -122.6699, 38.50389 ], [ -122.66759, 38.50392 ], [ -122.66765, 38.50032 ], [ -122.66303, 38.50036 ], [ -122.66309, 38.49676 ], [ -122.65543, 38.49683 ], [ -122.65672, 38.49401 ], [ -122.65606, 38.49254 ], [ -122.65799, 38.4916 ], [ -122.65771, 38.4911 ], [ -122.64928, 38.48947 ], [ -122.64921, 38.48595 ], [ -122.64466, 38.48589 ], [ -122.64467, 38.48534 ], [ -122.6422, 38.48503 ], [ -122.64164, 38.48601 ], [ -122.63471, 38.48696 ], [ -122.63649, 38.48814 ], [ -122.64021, 38.48917 ], [ -122.64142, 38.49127 ], [ -122.6426, 38.49197 ], [ -122.64534, 38.49248 ], [ -122.6449, 38.49367 ], [ -122.6464, 38.49455 ], [ -122.65246, 38.49598 ], [ -122.65428, 38.49758 ], [ -122.65398, 38.49805 ], [ -122.64904, 38.49889 ], [ -122.64356, 38.49697 ], [ -122.64278, 38.49546 ], [ -122.64073, 38.49445 ], [ -122.63193, 38.49398 ], [ -122.63053, 38.4948 ], [ -122.62737, 38.49467 ], [ -122.62506, 38.49315 ], [ -122.62084, 38.49203 ], [ -122.61706, 38.4926 ], [ -122.61562, 38.49216 ], [ -122.61564, 38.4948 ], [ -122.6088, 38.49513 ], [ -122.60897, 38.50264 ], [ -122.57854, 38.50286 ], [ -122.57786, 38.49567 ], [ -122.57349, 38.49541 ], [ -122.5734, 38.49945 ], [ -122.56903, 38.49985 ], [ -122.56905, 38.50296 ], [ -122.56449, 38.50291 ], [ -122.56449, 38.4958 ], [ -122.56276, 38.49695 ], [ -122.56261, 38.49792 ], [ -122.55697, 38.49759 ], [ -122.55225, 38.49667 ], [ -122.54654, 38.49431 ], [ -122.54289, 38.49391 ], [ -122.54098, 38.49168 ], [ -122.54054, 38.48831 ], [ -122.53822, 38.48654 ], [ -122.53608, 38.48234 ], [ -122.53353, 38.48073 ], [ -122.53106, 38.47778 ], [ -122.53133, 38.47634 ], [ -122.52963, 38.47313 ], [ -122.52983, 38.46618 ], [ -122.54501, 38.46624 ], [ -122.54399, 38.44888 ], [ -122.55447, 38.43612 ], [ -122.55343, 38.43352 ], [ -122.5566, 38.43185 ], [ -122.55959, 38.42876 ], [ -122.55961, 38.42424 ], [ -122.56451, 38.42169 ], [ -122.56546, 38.41968 ], [ -122.56816, 38.42067 ], [ -122.56588, 38.4232 ], [ -122.56323, 38.42914 ], [ -122.56744, 38.43091 ], [ -122.5691, 38.42842 ], [ -122.56747, 38.42773 ], [ -122.57085, 38.42273 ], [ -122.57291, 38.42276 ], [ -122.57603, 38.42428 ], [ -122.58181, 38.41586 ], [ -122.59067, 38.42115 ], [ -122.59312, 38.42107 ], [ -122.59783, 38.40947 ], [ -122.59698, 38.40853 ], [ -122.59881, 38.40744 ], [ -122.60061, 38.40261 ], [ -122.62468, 38.41341 ], [ -122.635, 38.42518 ], [ -122.63791, 38.4253 ], [ -122.63878, 38.42752 ], [ -122.64378, 38.43366 ], [ -122.64673, 38.43511 ], [ -122.64907, 38.44181 ], [ -122.65128, 38.44284 ], [ -122.6502, 38.44453 ], [ -122.64882, 38.44481 ], [ -122.64854, 38.44581 ], [ -122.65042, 38.4514 ], [ -122.65099, 38.45165 ], [ -122.65145, 38.45014 ], [ -122.6532, 38.44987 ], [ -122.65404, 38.45263 ], [ -122.65351, 38.45399 ], [ -122.65669, 38.45817 ], [ -122.65952, 38.45692 ], [ -122.65996, 38.4575 ], [ -122.66351, 38.45622 ], [ -122.66551, 38.45728 ], [ -122.66935, 38.45703 ], [ -122.67012, 38.45779 ], [ -122.67139, 38.45704 ], [ -122.67219, 38.4577 ], [ -122.67621, 38.4554 ], [ -122.67715, 38.45243 ], [ -122.68041, 38.45477 ], [ -122.68154, 38.45771 ] ] ], [ [ [ -122.69342, 38.46108 ], [ -122.69107, 38.46141 ], [ -122.69323, 38.4631 ], [ -122.6915, 38.46361 ], [ -122.69181, 38.46489 ], [ -122.68899, 38.46376 ], [ -122.68963, 38.46178 ], [ -122.68703, 38.46016 ], [ -122.68626, 38.45618 ], [ -122.68165, 38.45284 ], [ -122.68073, 38.45442 ], [ -122.68219, 38.45103 ], [ -122.68425, 38.44946 ], [ -122.68846, 38.44967 ], [ -122.68743, 38.45125 ], [ -122.68647, 38.45142 ], [ -122.68799, 38.45315 ], [ -122.68745, 38.45372 ], [ -122.69009, 38.45575 ], [ -122.68959, 38.45656 ], [ -122.69002, 38.4575 ], [ -122.69511, 38.4597 ], [ -122.69342, 38.46108 ] ] ] ] } },
{ "type": "Feature", "properties": { "zip_code": "95776", "county": "Yolo", "band": null, "band_source": "routed", "drive_min": 85.2, "distance_mi": 72.4, "memberships": 1, "regular": null, "associate": null, "median_age": null, "age_note": "suppressed", "pt_lon": -121.70517, "pt_lat": 38.68313 }, "geometry": { "type": "Polygon", "coordinates": [ [ [ -121.78132, 38.73517 ], [ -121.77559, 38.73563 ], [ -121.77437, 38.79288 ], [ -121.77335, 38.79315 ], [ -121.72742, 38.79225 ], [ -121.72563, 38.79347 ], [ -121.72194, 38.79139 ], [ -121.71984, 38.7956 ], [ -121.71878, 38.79591 ], [ -121.70504, 38.79569 ], [ -121.70505, 38.8017 ], [ -121.70179, 38.803 ], [ -121.69923, 38.80224 ], [ -121.69669, 38.79736 ], [ -121.6939, 38.79575 ], [ -121.69067, 38.79563 ], [ -121.69054, 38.79483 ], [ -121.69313, 38.79183 ], [ -121.69337, 38.78982 ], [ -121.69089, 38.78578 ], [ -121.69085, 38.78358 ], [ -121.68857, 38.78213 ], [ -121.68645, 38.77695 ], [ -121.68749, 38.77337 ], [ -121.68943, 38.7712 ], [ -121.69213, 38.76955 ], [ -121.69269, 38.76831 ], [ -121.68808, 38.76415 ], [ -121.686, 38.76337 ], [ -121.68028, 38.76345 ], [ -121.67772, 38.76067 ], [ -121.67009, 38.75933 ], [ -121.67019, 38.75824 ], [ -121.67273, 38.75636 ], [ -121.67661, 38.75204 ], [ -121.67752, 38.74927 ], [ -121.67683, 38.74671 ], [ -121.67345, 38.74303 ], [ -121.67, 38.74482 ], [ -121.66854, 38.74926 ], [ -121.66904, 38.75329 ], [ -121.66708, 38.75504 ], [ -121.66406, 38.75573 ], [ -121.66109, 38.75493 ], [ -121.65855, 38.75494 ], [ -121.65849, 38.75702 ], [ -121.65993, 38.76103 ], [ -121.66191, 38.76292 ], [ -121.6602, 38.76394 ], [ -121.65781, 38.76421 ], [ -121.65091, 38.76355 ], [ -121.6383, 38.76461 ], [ -121.63558, 38.76413 ], [ -121.63435, 38.74734 ], [ -121.63412, 38.72356 ], [ -121.63513, 38.71731 ], [ -121.64561, 38.69078 ], [ -121.64432, 38.67747 ], [ -121.64308, 38.67321 ], [ -121.67179, 38.67339 ], [ -121.66773, 38.65259 ], [ -121.66555, 38.64651 ], [ -121.63136, 38.6024 ], [ -121.6292, 38.59596 ], [ -121.62898, 38.58452 ], [ -121.63073, 38.58265 ], [ -121.63055, 38.57958 ], [ -121.63235, 38.57524 ], [ -121.63412, 38.57428 ], [ -121.63309, 38.56797 ], [ -121.63869, 38.56616 ], [ -121.63863, 38.57509 ], [ -121.64503, 38.57533 ], [ -121.64692, 38.57684 ], [ -121.64696, 38.58773 ], [ -121.64761, 38.5894 ], [ -121.64877, 38.58974 ], [ -121.75224, 38.59012 ], [ -121.75525, 38.5996 ], [ -121.75985, 38.60155 ], [ -121.76639, 38.60248 ], [ -121.76632, 38.6228 ], [ -121.76469, 38.62934 ], [ -121.76645, 38.63615 ], [ -121.7653, 38.68756 ], [ -121.76553, 38.6862 ], [ -121.76687, 38.68987 ], [ -121.76907, 38.69191 ], [ -121.76526, 38.69188 ], [ -121.76522, 38.69586 ], [ -121.77025, 38.69774 ], [ -121.77025, 38.69884 ], [ -121.76521, 38.69891 ], [ -121.76512, 38.71349 ], [ -121.76424, 38.72263 ], [ -121.76508, 38.728 ], [ -121.78138, 38.72858 ], [ -121.78132, 38.73517 ] ] ] } },
{ "type": "Feature", "properties": { "zip_code": "94108", "county": "San Francisco", "band": 45.0, "band_source": "routed", "drive_min": 32.7, "distance_mi": 19.1, "memberships": 0, "regular": null, "associate": null, "median_age": null, "age_note": null, "pt_lon": -122.40908, "pt_lat": 37.79113 }, "geometry": { "type": "Polygon", "coordinates": [ [ [ -122.41392, 37.79046 ], [ -122.41424, 37.79506 ], [ -122.41117, 37.79507 ], [ -122.40665, 37.79602 ], [ -122.40555, 37.79571 ], [ -122.40441, 37.7963 ], [ -122.40496, 37.79533 ], [ -122.40346, 37.78778 ], [ -122.40474, 37.78678 ], [ -122.4064, 37.78661 ], [ -122.40677, 37.7885 ], [ -122.4084, 37.78829 ], [ -122.4086, 37.78923 ], [ -122.41189, 37.78881 ], [ -122.41227, 37.79067 ], [ -122.41392, 37.79046 ] ] ] } },
{ "type": "Feature", "properties": { "zip_code": "94541", "county": "Alameda", "band": 45.0, "band_source": "routed", "drive_min": 38.7, "distance_mi": 28.5, "memberships": 1, "regular": null, "associate": null, "median_age": null, "age_note": "suppressed", "pt_lon": -122.08732, "pt_lat": 37.67412 }, "geometry": { "type": "Polygon", "coordinates": [ [ [ -122.13927, 37.66253 ], [ -122.13436, 37.6628 ], [ -122.13447, 37.66457 ], [ -122.12768, 37.66518 ], [ -122.1279, 37.66786 ], [ -122.12307, 37.66813 ], [ -122.12075, 37.66978 ], [ -122.12355, 37.67421 ], [ -122.11867, 37.67571 ], [ -122.11405, 37.67867 ], [ -122.11979, 37.68373 ], [ -122.11942, 37.68526 ], [ -122.11321, 37.68633 ], [ -122.11074, 37.68468 ], [ -122.10845, 37.68444 ], [ -122.1147, 37.6887 ], [ -122.11136, 37.68844 ], [ -122.10554, 37.68903 ], [ -122.10737, 37.69047 ], [ -122.10326, 37.69337 ], [ -122.10442, 37.69545 ], [ -122.10105, 37.69175 ], [ -122.09916, 37.69062 ], [ -122.09673, 37.68998 ], [ -122.09401, 37.69005 ], [ -122.09629, 37.68804 ], [ -122.09025, 37.68365 ], [ -122.08895, 37.68419 ], [ -122.08376, 37.6815 ], [ -122.08018, 37.68174 ], [ -122.07993, 37.68076 ], [ -122.07705, 37.67963 ], [ -122.07691, 37.67892 ], [ -122.07558, 37.67926 ], [ -122.07322, 37.68198 ], [ -122.07201, 37.68099 ], [ -122.07024, 37.68137 ], [ -122.07092, 37.68353 ], [ -122.07038, 37.68417 ], [ -122.06892, 37.68373 ], [ -122.06828, 37.68491 ], [ -122.06659, 37.68402 ], [ -122.06512, 37.68555 ], [ -122.06216, 37.68589 ], [ -122.0588, 37.69206 ], [ -122.05708, 37.6936 ], [ -122.04925, 37.69356 ], [ -122.04452, 37.69573 ], [ -122.04446, 37.69253 ], [ -122.04515, 37.69168 ], [ -122.04604, 37.69203 ], [ -122.04727, 37.69094 ], [ -122.04715, 37.68967 ], [ -122.04374, 37.68672 ], [ -122.04135, 37.68099 ], [ -122.04701, 37.67761 ], [ -122.04903, 37.67709 ], [ -122.05233, 37.674 ], [ -122.05459, 37.67367 ], [ -122.0501, 37.67139 ], [ -122.0429, 37.67359 ], [ -122.04216, 37.67179 ], [ -122.04038, 37.67179 ], [ -122.04087, 37.66532 ], [ -122.04632, 37.66476 ], [ -122.0529, 37.66693 ], [ -122.0563, 37.66578 ], [ -122.05923, 37.66638 ], [ -122.06292, 37.66522 ], [ -122.06639, 37.66672 ], [ -122.07278, 37.66738 ], [ -122.07551, 37.66649 ], [ -122.07697, 37.66822 ], [ -122.07989, 37.66985 ], [ -122.08414, 37.66351 ], [ -122.08747, 37.66322 ], [ -122.0886, 37.66142 ], [ -122.11041, 37.65316 ], [ -122.12024, 37.65322 ], [ -122.12039, 37.65641 ], [ -122.12378, 37.65634 ], [ -122.12415, 37.66217 ], [ -122.11932, 37.6626 ], [ -122.12009, 37.66497 ], [ -122.1231, 37.66599 ], [ -122.12918, 37.66329 ], [ -122.13096, 37.66356 ], [ -122.13253, 37.66155 ], [ -122.1392, 37.65847 ], [ -122.14375, 37.66335 ], [ -122.13927, 37.66253 ] ], [ [ -122.09533, 37.66101 ], [ -122.09428, 37.65962 ], [ -122.09305, 37.65998 ], [ -122.09457, 37.66134 ], [ -122.09533, 37.66101 ] ] ] } },
{ "type": "Feature", "properties": { "zip_code": "94565", "county": "Contra Costa", "band": null, "band_source": "routed", "drive_min": 65.5, "distance_mi": 41.6, "memberships": 1, "regular": null, "associate": null, "median_age": null, "age_note": "suppressed", "pt_lon": -121.91975, "pt_lat": 38.00165 }, "geometry": { "type": "Polygon", "coordinates": [ [ [ -122.03374, 38.03285 ], [ -122.0299, 38.04141 ], [ -122.03162, 38.04529 ], [ -122.02161, 38.04809 ], [ -122.0212, 38.05509 ], [ -122.01954, 38.05663 ], [ -122.0116, 38.05546 ], [ -122.00883, 38.05595 ], [ -122.00156, 38.05378 ], [ -122.0019, 38.04932 ], [ -122.00121, 38.05363 ], [ -121.9985, 38.05409 ], [ -121.99301, 38.05387 ], [ -121.99251, 38.05489 ], [ -121.99088, 38.05339 ], [ -121.97878, 38.04771 ], [ -121.97303, 38.04732 ], [ -121.96732, 38.04802 ], [ -121.96321, 38.04763 ], [ -121.96312, 38.0417 ], [ -121.96395, 38.04055 ], [ -121.9629, 38.04087 ], [ -121.96268, 38.04765 ], [ -121.96135, 38.04859 ], [ -121.96049, 38.04788 ], [ -121.95736, 38.04845 ], [ -121.95657, 38.04938 ], [ -121.95261, 38.04757 ], [ -121.95171, 38.04959 ], [ -121.95006, 38.05084 ], [ -121.94625, 38.04857 ], [ -121.94498, 38.04916 ], [ -121.94271, 38.04813 ], [ -121.94151, 38.04634 ], [ -121.93782, 38.04547 ], [ -121.93539, 38.04564 ], [ -121.93278, 38.04434 ], [ -121.9327, 38.03143 ], [ -121.93174, 38.03116 ], [ -121.92812, 38.03405 ], [ -121.92794, 38.04283 ], [ -121.92701, 38.04351 ], [ -121.92189, 38.04297 ], [ -121.91902, 38.04198 ], [ -121.91152, 38.04146 ], [ -121.91139, 38.04032 ], [ -121.90861, 38.03958 ], [ -121.90857, 38.04502 ], [ -121.88957, 38.04666 ], [ -121.88018, 38.04871 ], [ -121.87474, 38.05068 ], [ -121.86958, 38.05441 ], [ -121.85328, 38.04291 ], [ -121.85112, 38.03974 ], [ -121.8509, 38.03771 ], [ -121.84946, 38.03501 ], [ -121.85217, 38.03226 ], [ -121.84753, 38.02976 ], [ -121.84778, 38.02906 ], [ -121.84331, 38.02721 ], [ -121.8423, 38.02726 ], [ -121.84244, 38.01311 ], [ -121.8449, 38.01001 ], [ -121.83321, 38.00749 ], [ -121.83743, 38.00378 ], [ -121.85573, 38.0088 ], [ -121.85663, 38.00525 ], [ -121.85603, 37.998 ], [ -121.86085, 37.998 ], [ -121.86048, 37.98316 ], [ -121.86897, 37.98301 ], [ -121.869, 37.95638 ], [ -121.86917, 37.95751 ], [ -121.87308, 37.95708 ], [ -121.87444, 37.9561 ], [ -121.87598, 37.95704 ], [ -121.88254, 37.95838 ], [ -121.88327, 37.95656 ], [ -121.8865, 37.95559 ], [ -121.89082, 37.95542 ], [ -121.89733, 37.95331 ], [ -121.89955, 37.95369 ], [ -121.90529, 37.94865 ], [ -121.90827, 37.94836 ], [ -121.91251, 37.94635 ], [ -121.91451, 37.94637 ], [ -121.9147, 37.96216 ], [ -121.91932, 37.96232 ], [ -121.91936, 37.96932 ], [ -121.92264, 37.96929 ], [ -121.92146, 37.97058 ], [ -121.92457, 37.96888 ], [ -121.92761, 37.96607 ], [ -121.9284, 37.96316 ], [ -121.9304, 37.96182 ], [ -121.93292, 37.96168 ], [ -121.93302, 37.96835 ], [ -121.93538, 37.9683 ], [ -121.93533, 37.96651 ], [ -121.94044, 37.96648 ], [ -121.94046, 37.96774 ], [ -121.94531, 37.96355 ], [ -121.94866, 37.96308 ], [ -121.95923, 37.96768 ], [ -121.9585, 37.96838 ], [ -121.96388, 37.97283 ], [ -121.96832, 37.97317 ], [ -121.97002, 37.97174 ], [ -121.97548, 37.97553 ], [ -121.97764, 37.97371 ], [ -122.00317, 37.99245 ], [ -122.00192, 37.99489 ], [ -122.00098, 37.99937 ], [ -121.99661, 37.99955 ], [ -121.99455, 37.99739 ], [ -121.98982, 37.99426 ], [ -121.98766, 37.99448 ], [ -121.98503, 37.99307 ], [ -121.98454, 37.99371 ], [ -121.98635, 37.9948 ], [ -121.98532, 37.9964 ], [ -121.98626, 37.99767 ], [ -121.98062, 38.00291 ], [ -121.97721, 38.0034 ], [ -121.97677, 38.0045 ], [ -121.97702, 38.0049 ], [ -121.98037, 38.00416 ], [ -121.97986, 38.00635 ], [ -121.98116, 38.00684 ], [ -121.97976, 38.00803 ], [ -121.98787, 38.01577 ], [ -121.98783, 38.01662 ], [ -121.98592, 38.01723 ], [ -121.98335, 38.01966 ], [ -121.98005, 38.02004 ], [ -121.97925, 38.02174 ], [ -121.97591, 38.02303 ], [ -121.97211, 38.02368 ], [ -121.97717, 38.02297 ], [ -121.99734, 38.01354 ], [ -121.99884, 38.01479 ], [ -121.99186, 38.01765 ], [ -121.99493, 38.01852 ], [ -121.99648, 38.0172 ], [ -122.00129, 38.02048 ], [ -122.00246, 38.01888 ], [ -122.00635, 38.01807 ], [ -122.00596, 38.01577 ], [ -122.00369, 38.0135 ], [ -122.00878, 38.01687 ], [ -122.01052, 38.01678 ], [ -122.01247, 38.01865 ], [ -122.01872, 38.02075 ], [ -122.02617, 38.0245 ], [ -122.02972, 38.0313 ], [ -122.02873, 38.03293 ], [ -122.03108, 38.03255 ], [ -122.03228, 38.03101 ], [ -122.02832, 38.02168 ], [ -122.03374, 38.03285 ] ] ] } },
{ "type": "Feature", "properties": { "zip_code": "94605", "county": "Alameda", "band": 45.0, "band_source": "routed", "drive_min": 30.4, "distance_mi": 21.2, "memberships": 1, "regular": null, "associate": null, "median_age": null, "age_note": "suppressed", "pt_lon": -122.14591, "pt_lat": 37.75865 }, "geometry": { "type": "Polygon", "coordinates": [ [ [ -122.19735, 37.77162 ], [ -122.19065, 37.77678 ], [ -122.1883, 37.77787 ], [ -122.18537, 37.77542 ], [ -122.17989, 37.7799 ], [ -122.17509, 37.78029 ], [ -122.17566, 37.7816 ], [ -122.17887, 37.78342 ], [ -122.18369, 37.78417 ], [ -122.1784, 37.78382 ], [ -122.17802, 37.78505 ], [ -122.17738, 37.78459 ], [ -122.17499, 37.78613 ], [ -122.17193, 37.78629 ], [ -122.16556, 37.78091 ], [ -122.15793, 37.78205 ], [ -122.15977, 37.78375 ], [ -122.15855, 37.78273 ], [ -122.15669, 37.7847 ], [ -122.1537, 37.7839 ], [ -122.15236, 37.78456 ], [ -122.14845, 37.78356 ], [ -122.14618, 37.78592 ], [ -122.14452, 37.78498 ], [ -122.1423, 37.7851 ], [ -122.14155, 37.78118 ], [ -122.13272, 37.77534 ], [ -122.12868, 37.76961 ], [ -122.12421, 37.76133 ], [ -122.11613, 37.75026 ], [ -122.1148, 37.74022 ], [ -122.11509, 37.73528 ], [ -122.11996, 37.73204 ], [ -122.12108, 37.7319 ], [ -122.12217, 37.72939 ], [ -122.12446, 37.72859 ], [ -122.12724, 37.72983 ], [ -122.13123, 37.73043 ], [ -122.13235, 37.73173 ], [ -122.13049, 37.73277 ], [ -122.13444, 37.73431 ], [ -122.13669, 37.73187 ], [ -122.13898, 37.73093 ], [ -122.14077, 37.73728 ], [ -122.14605, 37.7428 ], [ -122.14873, 37.74086 ], [ -122.15067, 37.74177 ], [ -122.15173, 37.74148 ], [ -122.15363, 37.74407 ], [ -122.15509, 37.74518 ], [ -122.15602, 37.74504 ], [ -122.15632, 37.74545 ], [ -122.15571, 37.74559 ], [ -122.15657, 37.74576 ], [ -122.15983, 37.75133 ], [ -122.16141, 37.75564 ], [ -122.16427, 37.75521 ], [ -122.16524, 37.75386 ], [ -122.1661, 37.75396 ], [ -122.17228, 37.7617 ], [ -122.17521, 37.76314 ], [ -122.17367, 37.76098 ], [ -122.17664, 37.75988 ], [ -122.18039, 37.76368 ], [ -122.18093, 37.7636 ], [ -122.18272, 37.76603 ], [ -122.1857, 37.76423 ], [ -122.18713, 37.76545 ], [ -122.18905, 37.7647 ], [ -122.19199, 37.76764 ], [ -122.19434, 37.76878 ], [ -122.19367, 37.76925 ], [ -122.19478, 37.77038 ], [ -122.19585, 37.77021 ], [ -122.19735, 37.77162 ] ] ] } },
{ "type": "Feature", "properties": { "zip_code": "94705", "county": "Alameda", "band": 30.0, "band_source": "routed", "drive_min": 28.6, "distance_mi": 14.2, "memberships": 4, "regular": null, "associate": null, "median_age": null, "age_note": "suppressed", "pt_lon": -122.22815, "pt_lat": 37.86837 }, "geometry": { "type": "Polygon", "coordinates": [ [ [ -122.26945, 37.86003 ], [ -122.26062, 37.86165 ], [ -122.26037, 37.86122 ], [ -122.25004, 37.86244 ], [ -122.24671, 37.86392 ], [ -122.24777, 37.86611 ], [ -122.24473, 37.86579 ], [ -122.24552, 37.86404 ], [ -122.2444, 37.86266 ], [ -122.24453, 37.86373 ], [ -122.24076, 37.86406 ], [ -122.23842, 37.86778 ], [ -122.24172, 37.86964 ], [ -122.24516, 37.86974 ], [ -122.24691, 37.88535 ], [ -122.24197, 37.88193 ], [ -122.23868, 37.88332 ], [ -122.22884, 37.88102 ], [ -122.22362, 37.87857 ], [ -122.2198, 37.87349 ], [ -122.21764, 37.87225 ], [ -122.21637, 37.86908 ], [ -122.21942, 37.86805 ], [ -122.22149, 37.86626 ], [ -122.22239, 37.86656 ], [ -122.22199, 37.8642 ], [ -122.22086, 37.8646 ], [ -122.21745, 37.86189 ], [ -122.21606, 37.85953 ], [ -122.21356, 37.85791 ], [ -122.21573, 37.85621 ], [ -122.21661, 37.85807 ], [ -122.21876, 37.859 ], [ -122.2188, 37.86002 ], [ -122.21939, 37.85955 ], [ -122.22108, 37.86011 ], [ -122.22262, 37.85771 ], [ -122.22161, 37.85529 ], [ -122.22354, 37.85492 ], [ -122.22395, 37.8536 ], [ -122.2246, 37.85537 ], [ -122.22705, 37.8572 ], [ -122.22916, 37.85671 ], [ -122.23431, 37.85361 ], [ -122.23419, 37.85254 ], [ -122.24253, 37.85187 ], [ -122.24574, 37.85224 ], [ -122.24576, 37.85061 ], [ -122.24636, 37.85031 ], [ -122.24738, 37.85165 ], [ -122.2525, 37.85083 ], [ -122.25335, 37.85383 ], [ -122.26707, 37.85189 ], [ -122.26652, 37.85234 ], [ -122.26701, 37.85523 ], [ -122.26831, 37.85654 ], [ -122.26746, 37.85942 ], [ -122.26945, 37.86003 ] ] ] } },
{ "type": "Feature", "properties": { "zip_code": "94801", "county": "Contra Costa", "band": 15.0, "band_source": "routed", "drive_min": 12.0, "distance_mi": 4.9, "memberships": 102, "regular": 96.0, "associate": 6.0, "median_age": 69.0, "age_note": null, "pt_lon": -122.37776, "pt_lat": 37.95875 }, "geometry": { "type": "Polygon", "coordinates": [ [ [ -122.42976, 37.9654 ], [ -122.41859, 37.96478 ], [ -122.41265, 37.96328 ], [ -122.41176, 37.9605 ], [ -122.40838, 37.95754 ], [ -122.40291, 37.95485 ], [ -122.39554, 37.95991 ], [ -122.40148, 37.96572 ], [ -122.40113, 37.96777 ], [ -122.39728, 37.96777 ], [ -122.39551, 37.96944 ], [ -122.38175, 37.97172 ], [ -122.36758, 37.97817 ], [ -122.36412, 37.98539 ], [ -122.36312, 37.98517 ], [ -122.35998, 37.99069 ], [ -122.3609, 37.99477 ], [ -122.36272, 37.99635 ], [ -122.36548, 37.99695 ], [ -122.36693, 37.99846 ], [ -122.36889, 38.00795 ], [ -122.36791, 38.01253 ], [ -122.36464, 38.01293 ], [ -122.36203, 38.00862 ], [ -122.35554, 38.00867 ], [ -122.34406, 38.00497 ], [ -122.34178, 38.00294 ], [ -122.33623, 38.00257 ], [ -122.33255, 38.0015 ], [ -122.32867, 38.00348 ], [ -122.32819, 38.00255 ], [ -122.32992, 38.00158 ], [ -122.3347, 38.00053 ], [ -122.34411, 38.00218 ], [ -122.34805, 38.00232 ], [ -122.3507, 38.00169 ], [ -122.35335, 38.00023 ], [ -122.35555, 37.99777 ], [ -122.35629, 37.99576 ], [ -122.35889, 37.96764 ], [ -122.35639, 37.96718 ], [ -122.35861, 37.95045 ], [ -122.35713, 37.95043 ], [ -122.35716, 37.94983 ], [ -122.34742, 37.94978 ], [ -122.34821, 37.94031 ], [ -122.34802, 37.93847 ], [ -122.34752, 37.93847 ], [ -122.34789, 37.93201 ], [ -122.34724, 37.93154 ], [ -122.3571, 37.93112 ], [ -122.37752, 37.93136 ], [ -122.37835, 37.93024 ], [ -122.37819, 37.92725 ], [ -122.38133, 37.92771 ], [ -122.38331, 37.92543 ], [ -122.38066, 37.92529 ], [ -122.38069, 37.92375 ], [ -122.3782, 37.92321 ], [ -122.3782, 37.92166 ], [ -122.37721, 37.92016 ], [ -122.3725, 37.91776 ], [ -122.36966, 37.9143 ], [ -122.37099, 37.91428 ], [ -122.36903, 37.91254 ], [ -122.37138, 37.91125 ], [ -122.36773, 37.90983 ], [ -122.36898, 37.90974 ], [ -122.36778, 37.90473 ], [ -122.37866, 37.90723 ], [ -122.39055, 37.90911 ], [ -122.38746, 37.92055 ], [ -122.39049, 37.92254 ], [ -122.3915, 37.92542 ], [ -122.39768, 37.92936 ], [ -122.40129, 37.92843 ], [ -122.40196, 37.93142 ], [ -122.41004, 37.93236 ], [ -122.41372, 37.93726 ], [ -122.41099, 37.93967 ], [ -122.41408, 37.94529 ], [ -122.42263, 37.94717 ], [ -122.41931, 37.95092 ], [ -122.42073, 37.95485 ], [ -122.42501, 37.95691 ], [ -122.43009, 37.96312 ], [ -122.42976, 37.9654 ] ] ] } },
{ "type": "Feature", "properties": { "zip_code": "94805", "county": "Contra Costa", "band": 15.0, "band_source": "routed", "drive_min": 14.6, "distance_mi": 8.3, "memberships": 5, "regular": 5.0, "associate": 0.0, "median_age": 67.0, "age_note": null, "pt_lon": -122.32254, "pt_lat": 37.94291 }, "geometry": { "type": "Polygon", "coordinates": [ [ [ -122.34135, 37.93144 ], [ -122.34113, 37.93481 ], [ -122.33784, 37.93435 ], [ -122.33509, 37.94398 ], [ -122.33544, 37.94705 ], [ -122.33218, 37.94742 ], [ -122.33391, 37.95175 ], [ -122.33362, 37.95325 ], [ -122.33176, 37.95396 ], [ -122.33025, 37.95134 ], [ -122.32742, 37.95129 ], [ -122.32639, 37.94915 ], [ -122.32349, 37.94965 ], [ -122.32208, 37.952 ], [ -122.3244, 37.95384 ], [ -122.32382, 37.9541 ], [ -122.31875, 37.95404 ], [ -122.31828, 37.95492 ], [ -122.31613, 37.95322 ], [ -122.3167, 37.95183 ], [ -122.31493, 37.95238 ], [ -122.31139, 37.95141 ], [ -122.31141, 37.95267 ], [ -122.30837, 37.95267 ], [ -122.30952, 37.95166 ], [ -122.3096, 37.94812 ], [ -122.31136, 37.94882 ], [ -122.31131, 37.9456 ], [ -122.3119, 37.94513 ], [ -122.31107, 37.9436 ], [ -122.3076, 37.94273 ], [ -122.30319, 37.93912 ], [ -122.30357, 37.9382 ], [ -122.32032, 37.93834 ], [ -122.32038, 37.93112 ], [ -122.34135, 37.93144 ] ] ] } },
{ "type": "Feature", "properties": { "zip_code": "94904", "county": "Marin", "band": 45.0, "band_source": "routed", "drive_min": 36.3, "distance_mi": 13.7, "memberships": 2, "regular": null, "associate": null, "median_age": null, "age_note": "suppressed", "pt_lon": -122.5706, "pt_lat": 37.94725 }, "geometry": { "type": "Polygon", "coordinates": [ [ [ -122.59601, 37.95187 ], [ -122.59206, 37.95288 ], [ -122.59073, 37.95448 ], [ -122.5881, 37.95447 ], [ -122.58463, 37.95573 ], [ -122.58052, 37.95438 ], [ -122.57756, 37.95637 ], [ -122.57017, 37.95567 ], [ -122.56876, 37.95699 ], [ -122.56623, 37.95623 ], [ -122.56541, 37.95894 ], [ -122.56541, 37.95734 ], [ -122.56396, 37.95702 ], [ -122.56378, 37.9591 ], [ -122.56377, 37.95538 ], [ -122.55811, 37.95532 ], [ -122.55608, 37.95754 ], [ -122.5533, 37.95816 ], [ -122.55338, 37.95945 ], [ -122.5509, 37.96129 ], [ -122.5481, 37.95977 ], [ -122.5444, 37.96332 ], [ -122.5427, 37.96281 ], [ -122.54047, 37.96383 ], [ -122.54323, 37.96519 ], [ -122.53382, 37.96178 ], [ -122.53272, 37.96107 ], [ -122.53253, 37.95997 ], [ -122.52664, 37.95772 ], [ -122.52328, 37.95548 ], [ -122.52256, 37.95418 ], [ -122.52033, 37.95412 ], [ -122.51746, 37.95186 ], [ -122.51593, 37.95164 ], [ -122.51177, 37.95256 ], [ -122.50954, 37.95187 ], [ -122.51321, 37.94691 ], [ -122.51358, 37.94387 ], [ -122.51496, 37.94396 ], [ -122.51535, 37.94251 ], [ -122.51471, 37.94318 ], [ -122.51346, 37.94311 ], [ -122.51078, 37.94169 ], [ -122.50551, 37.94192 ], [ -122.50989, 37.94143 ], [ -122.51286, 37.94222 ], [ -122.51279, 37.93869 ], [ -122.51567, 37.93575 ], [ -122.51662, 37.93555 ], [ -122.51588, 37.9404 ], [ -122.51885, 37.93899 ], [ -122.5192, 37.93931 ], [ -122.51665, 37.94087 ], [ -122.51543, 37.94281 ], [ -122.51639, 37.94212 ], [ -122.52121, 37.94182 ], [ -122.52811, 37.9442 ], [ -122.53213, 37.94249 ], [ -122.53695, 37.94315 ], [ -122.53854, 37.9445 ], [ -122.53958, 37.94716 ], [ -122.54345, 37.94805 ], [ -122.54494, 37.949 ], [ -122.54579, 37.95161 ], [ -122.54967, 37.95077 ], [ -122.54935, 37.9485 ], [ -122.55034, 37.94628 ], [ -122.5496, 37.94483 ], [ -122.54832, 37.94477 ], [ -122.54637, 37.94111 ], [ -122.5514, 37.93968 ], [ -122.55286, 37.93521 ], [ -122.55945, 37.93136 ], [ -122.55819, 37.93035 ], [ -122.55933, 37.92998 ], [ -122.56727, 37.93478 ], [ -122.57039, 37.93299 ], [ -122.57343, 37.93412 ], [ -122.57287, 37.93565 ], [ -122.57392, 37.9369 ], [ -122.57589, 37.9367 ], [ -122.57641, 37.93906 ], [ -122.57949, 37.93934 ], [ -122.58035, 37.94177 ], [ -122.57946, 37.94311 ], [ -122.58212, 37.94617 ], [ -122.58313, 37.94677 ], [ -122.58668, 37.94542 ], [ -122.58891, 37.94562 ], [ -122.59363, 37.94786 ], [ -122.59489, 37.94958 ], [ -122.59734, 37.94895 ], [ -122.59601, 37.95187 ] ] ] } },
{ "type": "Feature", "properties": { "zip_code": "95008", "county": "Santa Clara", "band": null, "band_source": "routed", "drive_min": 74.9, "distance_mi": 61.0, "memberships": 2, "regular": null, "associate": null, "median_age": null, "age_note": "suppressed", "pt_lon": -121.95577, "pt_lat": 37.27892 }, "geometry": { "type": "Polygon", "coordinates": [ [ [ -121.99082, 37.26984 ], [ -121.99063, 37.27167 ], [ -121.98915, 37.27274 ], [ -121.98533, 37.27236 ], [ -121.98292, 37.27343 ], [ -121.98303, 37.27641 ], [ -121.97968, 37.2765 ], [ -121.97979, 37.279 ], [ -121.97728, 37.27914 ], [ -121.97805, 37.28124 ], [ -121.97658, 37.28184 ], [ -121.97663, 37.2836 ], [ -121.98294, 37.28345 ], [ -121.98311, 37.28605 ], [ -121.98412, 37.28624 ], [ -121.97982, 37.28998 ], [ -121.98165, 37.29132 ], [ -121.98059, 37.29223 ], [ -121.9766, 37.28983 ], [ -121.9766, 37.29078 ], [ -121.97072, 37.2908 ], [ -121.97086, 37.29536 ], [ -121.96229, 37.29603 ], [ -121.96185, 37.29789 ], [ -121.95945, 37.2974 ], [ -121.95905, 37.29432 ], [ -121.95442, 37.29432 ], [ -121.95444, 37.29557 ], [ -121.94463, 37.29499 ], [ -121.94536, 37.30154 ], [ -121.94071, 37.30154 ], [ -121.94065, 37.29927 ], [ -121.93832, 37.29439 ], [ -121.93582, 37.29436 ], [ -121.93167, 37.29803 ], [ -121.93167, 37.29722 ], [ -121.92922, 37.2978 ], [ -121.92921, 37.29626 ], [ -121.93167, 37.29623 ], [ -121.93169, 37.2944 ], [ -121.92266, 37.29437 ], [ -121.92246, 37.28263 ], [ -121.92351, 37.28096 ], [ -121.92705, 37.28148 ], [ -121.93003, 37.28025 ], [ -121.93164, 37.28018 ], [ -121.93183, 37.27884 ], [ -121.93024, 37.27759 ], [ -121.93187, 37.27611 ], [ -121.93097, 37.27547 ], [ -121.9334, 37.27523 ], [ -121.94861, 37.25786 ], [ -121.95116, 37.25697 ], [ -121.95342, 37.25881 ], [ -121.95384, 37.25821 ], [ -121.95623, 37.2608 ], [ -121.96196, 37.26158 ], [ -121.96086, 37.26301 ], [ -121.96263, 37.26411 ], [ -121.97188, 37.26394 ], [ -121.97349, 37.26527 ], [ -121.97989, 37.2648 ], [ -121.99082, 37.26984 ] ] ] } },
{ "type": "Feature", "properties": { "zip_code": "94010", "county": "San Mateo", "band": 60.0, "band_source": "routed", "drive_min": 57.6, "distance_mi": 34.7, "memberships": 1, "regular": null, "associate": null, "median_age": null, "age_note": "suppressed", "pt_lon": -122.3738, "pt_lat": 37.57606 }, "geometry": { "type": "Polygon", "coordinates": [ [ [ -122.45145, 37.61713 ], [ -122.44564, 37.62214 ], [ -122.43034, 37.60614 ], [ -122.42812, 37.60468 ], [ -122.42673, 37.60221 ], [ -122.41944, 37.59607 ], [ -122.41105, 37.58756 ], [ -122.40362, 37.58161 ], [ -122.39916, 37.58445 ], [ -122.39551, 37.58547 ], [ -122.39095, 37.589 ], [ -122.38995, 37.58824 ], [ -122.38831, 37.59119 ], [ -122.39011, 37.5925 ], [ -122.38715, 37.59564 ], [ -122.37884, 37.60099 ], [ -122.38043, 37.60093 ], [ -122.38291, 37.59946 ], [ -122.38406, 37.60045 ], [ -122.37705, 37.6051 ], [ -122.36982, 37.60273 ], [ -122.36022, 37.5925 ], [ -122.33464, 37.59179 ], [ -122.33441, 37.58804 ], [ -122.33305, 37.58823 ], [ -122.33473, 37.58664 ], [ -122.33083, 37.58298 ], [ -122.34289, 37.57451 ], [ -122.34201, 37.57421 ], [ -122.35191, 37.56995 ], [ -122.35008, 37.56631 ], [ -122.355, 37.56416 ], [ -122.35271, 37.56089 ], [ -122.33717, 37.56799 ], [ -122.33051, 37.56394 ], [ -122.32918, 37.5621 ], [ -122.33947, 37.55273 ], [ -122.34061, 37.54989 ], [ -122.34005, 37.54789 ], [ -122.33785, 37.54608 ], [ -122.33228, 37.55064 ], [ -122.32906, 37.5483 ], [ -122.32845, 37.54858 ], [ -122.33258, 37.54417 ], [ -122.3302, 37.54127 ], [ -122.33296, 37.53892 ], [ -122.33523, 37.53801 ], [ -122.3387, 37.5406 ], [ -122.34118, 37.53846 ], [ -122.33726, 37.53534 ], [ -122.34158, 37.53173 ], [ -122.34341, 37.53353 ], [ -122.34572, 37.5397 ], [ -122.34954, 37.54069 ], [ -122.34991, 37.53706 ], [ -122.3491, 37.53586 ], [ -122.35164, 37.53274 ], [ -122.35866, 37.53005 ], [ -122.36113, 37.53136 ], [ -122.36581, 37.53117 ], [ -122.36726, 37.5331 ], [ -122.36727, 37.53412 ], [ -122.37049, 37.53518 ], [ -122.37173, 37.53724 ], [ -122.3711, 37.5379 ], [ -122.37251, 37.53905 ], [ -122.37369, 37.53797 ], [ -122.37411, 37.54004 ], [ -122.37514, 37.53978 ], [ -122.37902, 37.54492 ], [ -122.38006, 37.54512 ], [ -122.38378, 37.54843 ], [ -122.38798, 37.55541 ], [ -122.38915, 37.55567 ], [ -122.39098, 37.5579 ], [ -122.39172, 37.55712 ], [ -122.40289, 37.56836 ], [ -122.40902, 37.57676 ], [ -122.411, 37.57842 ], [ -122.41263, 37.57838 ], [ -122.41303, 37.58009 ], [ -122.4145, 37.58056 ], [ -122.41727, 37.58023 ], [ -122.41862, 37.57789 ], [ -122.42068, 37.5794 ], [ -122.4202, 37.58023 ], [ -122.42277, 37.57977 ], [ -122.42312, 37.58108 ], [ -122.42545, 37.58233 ], [ -122.42683, 37.58111 ], [ -122.42785, 37.58146 ], [ -122.42856, 37.58015 ], [ -122.43202, 37.58506 ], [ -122.43498, 37.58658 ], [ -122.43521, 37.58771 ], [ -122.43947, 37.59039 ], [ -122.44222, 37.59392 ], [ -122.44406, 37.59407 ], [ -122.45059, 37.61569 ], [ -122.45007, 37.61559 ], [ -122.45145, 37.61713 ] ] ] } },
{ "type": "Feature", "properties": { "zip_code": "94102", "county": "San Francisco", "band": 45.0, "band_source": "routed", "drive_min": 33.8, "distance_mi": 19.8, "memberships": 1, "regular": null, "associate": null, "median_age": null, "age_note": "suppressed", "pt_lon": -122.42094, "pt_lat": 37.77905 }, "geometry": { "type": "Polygon", "coordinates": [ [ [ -122.43002, 37.77836 ], [ -122.42683, 37.77926 ], [ -122.4272, 37.78112 ], [ -122.42392, 37.78154 ], [ -122.42411, 37.78248 ], [ -122.42354, 37.78207 ], [ -122.42018, 37.78297 ], [ -122.41742, 37.7828 ], [ -122.41753, 37.78331 ], [ -122.41424, 37.78372 ], [ -122.41488, 37.78686 ], [ -122.41244, 37.7873 ], [ -122.4117, 37.78787 ], [ -122.41189, 37.78881 ], [ -122.4086, 37.78923 ], [ -122.4084, 37.78829 ], [ -122.40677, 37.7885 ], [ -122.4064, 37.78661 ], [ -122.40474, 37.78678 ], [ -122.4264, 37.7696 ], [ -122.42822, 37.76944 ], [ -122.43002, 37.77836 ] ] ] } },
{ "type": "Feature", "properties": { "zip_code": "94116", "county": "San Francisco", "band": 60.0, "band_source": "routed", "drive_min": 46.3, "distance_mi": 26.9, "memberships": 0, "regular": null, "associate": null, "median_age": null, "age_note": null, "pt_lon": -122.48485, "pt_lat": 37.7441 }, "geometry": { "type": "Polygon", "coordinates": [ [ [ -122.50794, 37.74911 ], [ -122.50819, 37.75097 ], [ -122.47068, 37.75238 ], [ -122.47002, 37.75469 ], [ -122.46792, 37.75274 ], [ -122.46336, 37.75304 ], [ -122.45864, 37.74777 ], [ -122.45917, 37.74729 ], [ -122.45874, 37.74688 ], [ -122.4604, 37.74531 ], [ -122.46369, 37.74375 ], [ -122.46807, 37.74338 ], [ -122.46856, 37.7415 ], [ -122.4712, 37.74099 ], [ -122.47163, 37.74136 ], [ -122.47142, 37.73763 ], [ -122.48324, 37.73746 ], [ -122.48609, 37.73653 ], [ -122.48894, 37.7369 ], [ -122.49036, 37.73793 ], [ -122.49129, 37.7373 ], [ -122.49027, 37.73561 ], [ -122.49129, 37.7341 ], [ -122.49656, 37.73386 ], [ -122.50203, 37.73551 ], [ -122.5068, 37.73556 ], [ -122.50846, 37.74891 ], [ -122.50794, 37.74911 ] ] ] } },
{ "type": "Feature", "properties": { "zip_code": "94110", "county": "San Francisco", "band": 45.0, "band_source": "routed", "drive_min": 35.6, "distance_mi": 21.2, "memberships": 5, "regular": 5.0, "associate": 0.0, "median_age": 55.0, "age_note": null, "pt_lon": -122.41452, "pt_lat": 37.74862 }, "geometry": { "type": "Polygon", "coordinates": [ [ [ -122.42719, 37.73581 ], [ -122.42427, 37.73987 ], [ -122.42594, 37.75339 ], [ -122.42555, 37.75518 ], [ -122.42615, 37.7566 ], [ -122.42553, 37.75664 ], [ -122.42614, 37.76304 ], [ -122.42679, 37.763 ], [ -122.42629, 37.76465 ], [ -122.42185, 37.76457 ], [ -122.42086, 37.76374 ], [ -122.42058, 37.765 ], [ -122.41049, 37.76561 ], [ -122.41036, 37.76431 ], [ -122.40509, 37.76463 ], [ -122.40648, 37.76073 ], [ -122.40626, 37.75945 ], [ -122.4034, 37.75647 ], [ -122.40306, 37.75192 ], [ -122.40459, 37.74413 ], [ -122.40706, 37.73957 ], [ -122.40764, 37.73961 ], [ -122.40701, 37.738 ], [ -122.40822, 37.73761 ], [ -122.40878, 37.73582 ], [ -122.41042, 37.73446 ], [ -122.41594, 37.73207 ], [ -122.4207, 37.73195 ], [ -122.42168, 37.73513 ], [ -122.42288, 37.73482 ], [ -122.42719, 37.73581 ] ] ] } },
{ "type": "Feature", "properties": { "zip_code": "94619", "county": "Alameda", "band": 30.0, "band_source": "routed", "drive_min": 23.7, "distance_mi": 17.8, "memberships": 2, "regular": null, "associate": null, "median_age": null, "age_note": "suppressed", "pt_lon": -122.19162, "pt_lat": 37.78495 }, "geometry": { "type": "Polygon", "coordinates": [ [ [ -122.21038, 37.78797 ], [ -122.21013, 37.78865 ], [ -122.2032, 37.7922 ], [ -122.20427, 37.79328 ], [ -122.20263, 37.79269 ], [ -122.19571, 37.79695 ], [ -122.19175, 37.79887 ], [ -122.18998, 37.79891 ], [ -122.1901, 37.80141 ], [ -122.19504, 37.80823 ], [ -122.19015, 37.80281 ], [ -122.185, 37.7984 ], [ -122.19018, 37.80376 ], [ -122.18915, 37.80467 ], [ -122.18717, 37.80443 ], [ -122.18217, 37.80097 ], [ -122.181, 37.80138 ], [ -122.18115, 37.80439 ], [ -122.17852, 37.80534 ], [ -122.17416, 37.81027 ], [ -122.17547, 37.81459 ], [ -122.17787, 37.81632 ], [ -122.17278, 37.81583 ], [ -122.16687, 37.81342 ], [ -122.15739, 37.81795 ], [ -122.15295, 37.81503 ], [ -122.14881, 37.81376 ], [ -122.14032, 37.8047 ], [ -122.13526, 37.80448 ], [ -122.12979, 37.79657 ], [ -122.12358, 37.79418 ], [ -122.12301, 37.79001 ], [ -122.12029, 37.78803 ], [ -122.11735, 37.78194 ], [ -122.11468, 37.77877 ], [ -122.11485, 37.77671 ], [ -122.11633, 37.77651 ], [ -122.11922, 37.77884 ], [ -122.11979, 37.77845 ], [ -122.12282, 37.78128 ], [ -122.1242, 37.78357 ], [ -122.12766, 37.78642 ], [ -122.12785, 37.78808 ], [ -122.13272, 37.79316 ], [ -122.13282, 37.79398 ], [ -122.13663, 37.79684 ], [ -122.13929, 37.79722 ], [ -122.13614, 37.79642 ], [ -122.13395, 37.79421 ], [ -122.12901, 37.78705 ], [ -122.12712, 37.78269 ], [ -122.12603, 37.78229 ], [ -122.12563, 37.78085 ], [ -122.12444, 37.77983 ], [ -122.1239, 37.77865 ], [ -122.12464, 37.77753 ], [ -122.12691, 37.77753 ], [ -122.12324, 37.771 ], [ -122.12077, 37.76798 ], [ -122.11938, 37.76412 ], [ -122.11698, 37.76066 ], [ -122.11672, 37.75687 ], [ -122.1183, 37.7552 ], [ -122.11855, 37.7538 ], [ -122.12421, 37.76133 ], [ -122.12868, 37.76961 ], [ -122.13272, 37.77534 ], [ -122.14155, 37.78118 ], [ -122.1423, 37.7851 ], [ -122.14452, 37.78498 ], [ -122.14618, 37.78592 ], [ -122.14845, 37.78356 ], [ -122.15236, 37.78456 ], [ -122.1537, 37.7839 ], [ -122.15669, 37.7847 ], [ -122.15855, 37.78273 ], [ -122.15977, 37.78375 ], [ -122.15793, 37.78205 ], [ -122.16556, 37.78091 ], [ -122.17193, 37.78629 ], [ -122.17499, 37.78613 ], [ -122.17738, 37.78459 ], [ -122.17802, 37.78505 ], [ -122.1784, 37.78382 ], [ -122.18859, 37.78445 ], [ -122.18697, 37.78002 ], [ -122.18802, 37.77761 ], [ -122.19065, 37.77678 ], [ -122.1952, 37.77357 ], [ -122.19658, 37.7748 ], [ -122.19602, 37.77706 ], [ -122.19792, 37.77665 ], [ -122.20123, 37.77993 ], [ -122.20438, 37.78231 ], [ -122.20469, 37.78199 ], [ -122.21038, 37.78797 ] ] ] } },
{ "type": "Feature", "properties": { "zip_code": "94134", "county": "San Francisco", "band": 45.0, "band_source": "routed", "drive_min": 39.9, "distance_mi": 23.0, "memberships": 0, "regular": null, "associate": null, "median_age": null, "age_note": null, "pt_lon": -122.41252, "pt_lat": 37.7229 }, "geometry": { "type": "Polygon", "coordinates": [ [ [ -122.43368, 37.71318 ], [ -122.43115, 37.71659 ], [ -122.42722, 37.71555 ], [ -122.42614, 37.71843 ], [ -122.42466, 37.71713 ], [ -122.42251, 37.71792 ], [ -122.42349, 37.71944 ], [ -122.42548, 37.72023 ], [ -122.42381, 37.72369 ], [ -122.42243, 37.72405 ], [ -122.42384, 37.72875 ], [ -122.41993, 37.72936 ], [ -122.41924, 37.73206 ], [ -122.41594, 37.73207 ], [ -122.41042, 37.73446 ], [ -122.40878, 37.73582 ], [ -122.40822, 37.73761 ], [ -122.40701, 37.738 ], [ -122.40655, 37.73572 ], [ -122.40221, 37.7281 ], [ -122.39909, 37.71957 ], [ -122.39847, 37.71545 ], [ -122.39101, 37.7138 ], [ -122.38876, 37.71466 ], [ -122.3879, 37.71255 ], [ -122.38645, 37.71116 ], [ -122.39155, 37.70975 ], [ -122.39338, 37.70827 ], [ -122.42389, 37.70824 ], [ -122.42716, 37.70839 ], [ -122.42741, 37.71038 ], [ -122.4297, 37.71226 ], [ -122.43368, 37.71318 ] ] ] } },
{ "type": "Feature", "properties": { "zip_code": "94132", "county": "San Francisco", "band": 60.0, "band_source": "routed", "drive_min": 45.6, "distance_mi": 27.7, "memberships": 0, "regular": null, "associate": null, "median_age": null, "age_note": null, "pt_lon": -122.48759, "pt_lat": 37.72292 }, "geometry": { "type": "Polygon", "coordinates": [ [ [ -122.50812, 37.73544 ], [ -122.50203, 37.73551 ], [ -122.49749, 37.73392 ], [ -122.49129, 37.7341 ], [ -122.49027, 37.73561 ], [ -122.49129, 37.7373 ], [ -122.49036, 37.73793 ], [ -122.48894, 37.7369 ], [ -122.48609, 37.73653 ], [ -122.48324, 37.73746 ], [ -122.47142, 37.73763 ], [ -122.4721, 37.73481 ], [ -122.47157, 37.73471 ], [ -122.47222, 37.72554 ], [ -122.473, 37.72464 ], [ -122.47311, 37.72188 ], [ -122.46498, 37.72168 ], [ -122.46324, 37.72315 ], [ -122.46227, 37.72302 ], [ -122.46256, 37.71125 ], [ -122.46086, 37.71059 ], [ -122.46599, 37.71015 ], [ -122.46894, 37.70823 ], [ -122.4983, 37.70813 ], [ -122.49844, 37.71489 ], [ -122.50313, 37.72522 ], [ -122.50706, 37.72784 ], [ -122.50812, 37.73544 ] ] ] } },
{ "type": "Feature", "properties": { "zip_code": "95014", "county": "Santa Clara", "band": null, "band_source": "routed", "drive_min": 86.7, "distance_mi": 67.0, "memberships": 1, "regular": null, "associate": null, "median_age": null, "age_note": "suppressed", "pt_lon": -122.08448, "pt_lat": 37.30349 }, "geometry": { "type": "Polygon", "coordinates": [ [ [ -122.14354, 37.29211 ], [ -122.1426, 37.29398 ], [ -122.13517, 37.29365 ], [ -122.13498, 37.30164 ], [ -122.13274, 37.30953 ], [ -122.13168, 37.34012 ], [ -122.12224, 37.33851 ], [ -122.12006, 37.33787 ], [ -122.11851, 37.33665 ], [ -122.10715, 37.33665 ], [ -122.10384, 37.33522 ], [ -122.10158, 37.3328 ], [ -122.09826, 37.33142 ], [ -122.09709, 37.33149 ], [ -122.09339, 37.33361 ], [ -122.0926, 37.33577 ], [ -122.09098, 37.33612 ], [ -122.08966, 37.34063 ], [ -122.08317, 37.33689 ], [ -122.08337, 37.33386 ], [ -122.08083, 37.33195 ], [ -122.0797, 37.33409 ], [ -122.07653, 37.33328 ], [ -122.07481, 37.33198 ], [ -122.07164, 37.33133 ], [ -122.06971, 37.32972 ], [ -122.06888, 37.3314 ], [ -122.06226, 37.32985 ], [ -122.06229, 37.32871 ], [ -122.06029, 37.32854 ], [ -122.05965, 37.32935 ], [ -122.06082, 37.3311 ], [ -122.06383, 37.33349 ], [ -122.06833, 37.33419 ], [ -122.06803, 37.33545 ], [ -122.06382, 37.33415 ], [ -122.06756, 37.33747 ], [ -122.05948, 37.33753 ], [ -122.0583, 37.33523 ], [ -122.05573, 37.33257 ], [ -122.05103, 37.3335 ], [ -122.05053, 37.33754 ], [ -122.04487, 37.33754 ], [ -122.04483, 37.33438 ], [ -122.04369, 37.3342 ], [ -122.04371, 37.33755 ], [ -122.03673, 37.33757 ], [ -122.03676, 37.33943 ], [ -122.03239, 37.33945 ], [ -122.03239, 37.33761 ], [ -122.02247, 37.33769 ], [ -122.02214, 37.3372 ], [ -122.02215, 37.33769 ], [ -122.01962, 37.3377 ], [ -122.01999, 37.33335 ], [ -122.01864, 37.33293 ], [ -122.01645, 37.33314 ], [ -122.01643, 37.33773 ], [ -122.00239, 37.3378 ], [ -122.00242, 37.33408 ], [ -122.00457, 37.33407 ], [ -122.00467, 37.33229 ], [ -122.0058, 37.33228 ], [ -122.00649, 37.32295 ], [ -121.99986, 37.32294 ], [ -121.99584, 37.3205 ], [ -121.99606, 37.30959 ], [ -122.00771, 37.31068 ], [ -122.02111, 37.30954 ], [ -122.03157, 37.3123 ], [ -122.03432, 37.31232 ], [ -122.03432, 37.31007 ], [ -122.03294, 37.30824 ], [ -122.03336, 37.30493 ], [ -122.03514, 37.30379 ], [ -122.03239, 37.30206 ], [ -122.03226, 37.29396 ], [ -122.04743, 37.29375 ], [ -122.04949, 37.29297 ], [ -122.05062, 37.29741 ], [ -122.05633, 37.29737 ], [ -122.05956, 37.29618 ], [ -122.05957, 37.2901 ], [ -122.06408, 37.29009 ], [ -122.06404, 37.28635 ], [ -122.06597, 37.28634 ], [ -122.06647, 37.28934 ], [ -122.06857, 37.28916 ], [ -122.0781, 37.28613 ], [ -122.07734, 37.28445 ], [ -122.07528, 37.28382 ], [ -122.07398, 37.28111 ], [ -122.07267, 37.28034 ], [ -122.07537, 37.27634 ], [ -122.08087, 37.27264 ], [ -122.08457, 37.27244 ], [ -122.08777, 37.27144 ], [ -122.08804, 37.27046 ], [ -122.09155, 37.26824 ], [ -122.09511, 37.26868 ], [ -122.09528, 37.26583 ], [ -122.09655, 37.26546 ], [ -122.09963, 37.26663 ], [ -122.09965, 37.26816 ], [ -122.1039, 37.26847 ], [ -122.10405, 37.26591 ], [ -122.10746, 37.26593 ], [ -122.10751, 37.26459 ], [ -122.11281, 37.26451 ], [ -122.11293, 37.2719 ], [ -122.13434, 37.27168 ], [ -122.13582, 37.2724 ], [ -122.13483, 37.27434 ], [ -122.13556, 37.27483 ], [ -122.13534, 37.27632 ], [ -122.13236, 37.28256 ], [ -122.13304, 37.28352 ], [ -122.13996, 37.28581 ], [ -122.14268, 37.28824 ], [ -122.14354, 37.29211 ] ] ] } },
{ "type": "Feature", "properties": { "zip_code": "94588", "county": "Alameda", "band": null, "band_source": "routed", "drive_min": 62.9, "distance_mi": 42.1, "memberships": 2, "regular": null, "associate": null, "median_age": null, "age_note": "suppressed", "pt_lon": -121.84351, "pt_lat": 37.79001 }, "geometry": { "type": "MultiPolygon", "coordinates": [ [ [ [ -121.89353, 37.84568 ], [ -121.84684, 37.84585 ], [ -121.84327, 37.84037 ], [ -121.8425, 37.83984 ], [ -121.83914, 37.83963 ], [ -121.83557, 37.83764 ], [ -121.83251, 37.83792 ], [ -121.83245, 37.83591 ], [ -121.83015, 37.83573 ], [ -121.82876, 37.83381 ], [ -121.82733, 37.83331 ], [ -121.82761, 37.83199 ], [ -121.82469, 37.83104 ], [ -121.82322, 37.8282 ], [ -121.82306, 37.81755 ], [ -121.82435, 37.81751 ], [ -121.82435, 37.81016 ], [ -121.82302, 37.81016 ], [ -121.82304, 37.78283 ], [ -121.82214, 37.78282 ], [ -121.82225, 37.77989 ], [ -121.82327, 37.77783 ], [ -121.82218, 37.77668 ], [ -121.823, 37.77457 ], [ -121.82306, 37.76689 ], [ -121.82587, 37.76693 ], [ -121.82454, 37.76544 ], [ -121.83193, 37.76704 ], [ -121.83242, 37.75606 ], [ -121.8346, 37.75219 ], [ -121.8367, 37.75027 ], [ -121.83513, 37.74639 ], [ -121.8381, 37.73884 ], [ -121.83732, 37.73367 ], [ -121.84271, 37.73332 ], [ -121.84506, 37.73226 ], [ -121.84814, 37.73277 ], [ -121.85061, 37.73406 ], [ -121.85073, 37.74494 ], [ -121.87073, 37.74009 ], [ -121.87162, 37.74317 ], [ -121.87157, 37.74946 ], [ -121.87492, 37.74959 ], [ -121.8758, 37.75154 ], [ -121.87298, 37.75432 ], [ -121.86944, 37.75554 ], [ -121.86808, 37.75664 ], [ -121.86633, 37.76542 ], [ -121.8617, 37.77584 ], [ -121.86419, 37.78842 ], [ -121.86379, 37.79096 ], [ -121.86505, 37.79496 ], [ -121.86393, 37.79743 ], [ -121.86186, 37.79934 ], [ -121.86015, 37.80414 ], [ -121.86042, 37.80605 ], [ -121.85876, 37.80832 ], [ -121.86062, 37.80633 ], [ -121.86056, 37.80355 ], [ -121.86666, 37.80721 ], [ -121.87338, 37.80914 ], [ -121.87533, 37.80912 ], [ -121.87647, 37.80981 ], [ -121.87498, 37.81108 ], [ -121.8748, 37.81314 ], [ -121.87186, 37.81719 ], [ -121.87168, 37.81976 ], [ -121.86875, 37.82205 ], [ -121.86608, 37.82609 ], [ -121.86408, 37.82971 ], [ -121.86421, 37.83119 ], [ -121.86297, 37.83362 ], [ -121.89597, 37.83823 ], [ -121.89353, 37.84568 ] ] ], [ [ [ -121.98349, 37.68901 ], [ -121.97684, 37.68967 ], [ -121.97469, 37.69535 ], [ -121.976, 37.69612 ], [ -121.97474, 37.69605 ], [ -121.97332, 37.69703 ], [ -121.97967, 37.69803 ], [ -121.97937, 37.69883 ], [ -121.96797, 37.69737 ], [ -121.95622, 37.69861 ], [ -121.93567, 37.69847 ], [ -121.91644, 37.70202 ], [ -121.8495, 37.70135 ], [ -121.84836, 37.69973 ], [ -121.84817, 37.69269 ], [ -121.84672, 37.6917 ], [ -121.84287, 37.69128 ], [ -121.83221, 37.68059 ], [ -121.82683, 37.67632 ], [ -121.82677, 37.67434 ], [ -121.83758, 37.67317 ], [ -121.83754, 37.67886 ], [ -121.8468, 37.67577 ], [ -121.85043, 37.67586 ], [ -121.85, 37.67955 ], [ -121.84877, 37.68076 ], [ -121.84913, 37.69369 ], [ -121.85424, 37.69376 ], [ -121.85424, 37.69124 ], [ -121.86258, 37.69131 ], [ -121.86265, 37.682 ], [ -121.85998, 37.68202 ], [ -121.86, 37.6783 ], [ -121.8613, 37.67897 ], [ -121.86389, 37.67659 ], [ -121.86672, 37.67866 ], [ -121.86641, 37.67979 ], [ -121.86892, 37.68192 ], [ -121.87121, 37.68192 ], [ -121.87731, 37.68615 ], [ -121.87815, 37.68889 ], [ -121.88684, 37.68625 ], [ -121.88418, 37.68351 ], [ -121.89628, 37.6777 ], [ -121.89583, 37.67672 ], [ -121.89342, 37.67676 ], [ -121.8942, 37.67661 ], [ -121.8953, 37.67493 ], [ -121.89838, 37.67685 ], [ -121.91101, 37.67153 ], [ -121.90908, 37.66593 ], [ -121.90647, 37.6616 ], [ -121.90511, 37.65537 ], [ -121.90416, 37.65579 ], [ -121.90123, 37.65457 ], [ -121.90205, 37.65356 ], [ -121.89774, 37.64759 ], [ -121.89685, 37.64452 ], [ -121.89781, 37.64391 ], [ -121.89328, 37.63973 ], [ -121.89372, 37.63946 ], [ -121.89714, 37.6418 ], [ -121.89714, 37.63744 ], [ -121.90568, 37.63243 ], [ -121.91231, 37.63267 ], [ -121.91161, 37.63248 ], [ -121.91279, 37.63249 ], [ -121.91296, 37.63166 ], [ -121.91481, 37.63393 ], [ -121.91483, 37.63509 ], [ -121.92327, 37.64333 ], [ -121.93061, 37.65589 ], [ -121.93179, 37.66056 ], [ -121.93331, 37.6608 ], [ -121.93395, 37.66195 ], [ -121.93748, 37.66359 ], [ -121.94168, 37.66338 ], [ -121.94764, 37.66495 ], [ -121.95277, 37.66901 ], [ -121.95279, 37.67185 ], [ -121.96134, 37.67502 ], [ -121.96407, 37.67148 ], [ -121.9676, 37.67143 ], [ -121.97333, 37.67414 ], [ -121.97483, 37.67404 ], [ -121.97681, 37.67548 ], [ -121.97982, 37.68023 ], [ -121.98349, 37.68901 ] ] ] ] } },
{ "type": "Feature", "properties": { "zip_code": "94556", "county": "Contra Costa", "band": 45.0, "band_source": "routed", "drive_min": 44.8, "distance_mi": 25.9, "memberships": 2, "regular": null, "associate": null, "median_age": null, "age_note": "suppressed", "pt_lon": -122.10868, "pt_lat": 37.83599 }, "geometry": { "type": "Polygon", "coordinates": [ [ [ -122.15674, 37.84364 ], [ -122.14869, 37.83919 ], [ -122.14604, 37.83887 ], [ -122.14345, 37.84195 ], [ -122.14235, 37.84136 ], [ -122.14052, 37.84425 ], [ -122.14239, 37.84734 ], [ -122.13944, 37.84904 ], [ -122.14032, 37.85195 ], [ -122.1426, 37.85265 ], [ -122.14294, 37.86328 ], [ -122.14436, 37.8627 ], [ -122.14429, 37.86564 ], [ -122.14381, 37.86621 ], [ -122.14323, 37.86591 ], [ -122.1429, 37.86728 ], [ -122.14425, 37.86852 ], [ -122.14183, 37.8685 ], [ -122.14179, 37.87213 ], [ -122.1361, 37.87209 ], [ -122.13607, 37.87572 ], [ -122.13379, 37.8757 ], [ -122.13379, 37.87479 ], [ -122.12841, 37.875 ], [ -122.12844, 37.87357 ], [ -122.12677, 37.87269 ], [ -122.11621, 37.87364 ], [ -122.11587, 37.87462 ], [ -122.11252, 37.87432 ], [ -122.11231, 37.8733 ], [ -122.10569, 37.87193 ], [ -122.10713, 37.86886 ], [ -122.10677, 37.86776 ], [ -122.1082, 37.86777 ], [ -122.10974, 37.86648 ], [ -122.10973, 37.86461 ], [ -122.10666, 37.86289 ], [ -122.10615, 37.85799 ], [ -122.10298, 37.85799 ], [ -122.10573, 37.85288 ], [ -122.10774, 37.85071 ], [ -122.08783, 37.85095 ], [ -122.08823, 37.84927 ], [ -122.07962, 37.84944 ], [ -122.07984, 37.8513 ], [ -122.07798, 37.8525 ], [ -122.07993, 37.8542 ], [ -122.07998, 37.85676 ], [ -122.07799, 37.85675 ], [ -122.07828, 37.85578 ], [ -122.0753, 37.85358 ], [ -122.07124, 37.85204 ], [ -122.06802, 37.84944 ], [ -122.06166, 37.84587 ], [ -122.06142, 37.83561 ], [ -122.07067, 37.83556 ], [ -122.07078, 37.82877 ], [ -122.06702, 37.82852 ], [ -122.06321, 37.8258 ], [ -122.06147, 37.82346 ], [ -122.05464, 37.82106 ], [ -122.0443, 37.81212 ], [ -122.04631, 37.81257 ], [ -122.04778, 37.81207 ], [ -122.05049, 37.80968 ], [ -122.04784, 37.80568 ], [ -122.04674, 37.80533 ], [ -122.04642, 37.80395 ], [ -122.04281, 37.80197 ], [ -122.04412, 37.80062 ], [ -122.04317, 37.79916 ], [ -122.04327, 37.79663 ], [ -122.04547, 37.79813 ], [ -122.13865, 37.80463 ], [ -122.13998, 37.80705 ], [ -122.13976, 37.80779 ], [ -122.14649, 37.81842 ], [ -122.14359, 37.82222 ], [ -122.14558, 37.82513 ], [ -122.14938, 37.82821 ], [ -122.15577, 37.83181 ], [ -122.15601, 37.83747 ], [ -122.15853, 37.8419 ], [ -122.15674, 37.84364 ] ], [ [ -122.1149, 37.84227 ], [ -122.11419, 37.83986 ], [ -122.10923, 37.83824 ], [ -122.1054, 37.84344 ], [ -122.10875, 37.84734 ], [ -122.1106, 37.84494 ], [ -122.11582, 37.84251 ], [ -122.1149, 37.84227 ] ] ] } },
{ "type": "Feature", "properties": { "zip_code": "94572", "county": "Contra Costa", "band": 30.0, "band_source": "routed", "drive_min": 25.4, "distance_mi": 14.8, "memberships": 1, "regular": null, "associate": null, "median_age": null, "age_note": "suppressed", "pt_lon": -122.23366, "pt_lat": 38.02627 }, "geometry": { "type": "Polygon", "coordinates": [ [ [ -122.27465, 38.03481 ], [ -122.27342, 38.03758 ], [ -122.27395, 38.03857 ], [ -122.27345, 38.03904 ], [ -122.27189, 38.03855 ], [ -122.2722, 38.03939 ], [ -122.27162, 38.0387 ], [ -122.27086, 38.03906 ], [ -122.27109, 38.04081 ], [ -122.27255, 38.03988 ], [ -122.27142, 38.04094 ], [ -122.27068, 38.04097 ], [ -122.27038, 38.03852 ], [ -122.2676, 38.03905 ], [ -122.26472, 38.04005 ], [ -122.26459, 38.0422 ], [ -122.26283, 38.04258 ], [ -122.26216, 38.0509 ], [ -122.26058, 38.05165 ], [ -122.26169, 38.05617 ], [ -122.26388, 38.05619 ], [ -122.25961, 38.05706 ], [ -122.2612, 38.05626 ], [ -122.26009, 38.05178 ], [ -122.25557, 38.0513 ], [ -122.25444, 38.05263 ], [ -122.25184, 38.05288 ], [ -122.25116, 38.0544 ], [ -122.24823, 38.05662 ], [ -122.24619, 38.0557 ], [ -122.25031, 38.05166 ], [ -122.24593, 38.05552 ], [ -122.24095, 38.05791 ], [ -122.23438, 38.05695 ], [ -122.23561, 38.05508 ], [ -122.24132, 38.05533 ], [ -122.24158, 38.05186 ], [ -122.2429, 38.05098 ], [ -122.2455, 38.05047 ], [ -122.24781, 38.04877 ], [ -122.24854, 38.04955 ], [ -122.25075, 38.04822 ], [ -122.25532, 38.04976 ], [ -122.25658, 38.04901 ], [ -122.25822, 38.04522 ], [ -122.26021, 38.04268 ], [ -122.25886, 38.04229 ], [ -122.25541, 38.04322 ], [ -122.25188, 38.04093 ], [ -122.25432, 38.03888 ], [ -122.25056, 38.0368 ], [ -122.2516, 38.03428 ], [ -122.24764, 38.03846 ], [ -122.23823, 38.04517 ], [ -122.23525, 38.04479 ], [ -122.23253, 38.04355 ], [ -122.22808, 38.04472 ], [ -122.2264, 38.04462 ], [ -122.22357, 38.04335 ], [ -122.21725, 38.038 ], [ -122.21546, 38.03554 ], [ -122.20733, 38.02888 ], [ -122.19977, 38.02602 ], [ -122.19597, 38.02297 ], [ -122.19495, 38.01997 ], [ -122.19089, 38.01695 ], [ -122.19038, 38.01566 ], [ -122.20505, 38.00889 ], [ -122.21071, 38.00768 ], [ -122.20966, 38.00761 ], [ -122.20962, 37.99617 ], [ -122.23021, 37.99638 ], [ -122.23489, 38.00449 ], [ -122.23651, 38.00373 ], [ -122.2391, 38.00722 ], [ -122.24807, 38.00868 ], [ -122.27465, 38.03481 ] ] ] } },
{ "type": "Feature", "properties": { "zip_code": "94015", "county": "San Mateo", "band": 45.0, "band_source": "routed", "drive_min": 44.6, "distance_mi": 28.9, "memberships": 0, "regular": null, "associate": null, "median_age": null, "age_note": null, "pt_lon": -122.484, "pt_lat": 37.68007 }, "geometry": { "type": "Polygon", "coordinates": [ [ [ -122.50243, 37.70813 ], [ -122.46894, 37.70823 ], [ -122.47172, 37.70502 ], [ -122.47159, 37.69803 ], [ -122.4706, 37.69331 ], [ -122.47061, 37.68972 ], [ -122.47151, 37.6863 ], [ -122.47157, 37.67804 ], [ -122.46616, 37.66965 ], [ -122.46423, 37.67072 ], [ -122.46007, 37.66683 ], [ -122.46181, 37.6657 ], [ -122.46053, 37.66406 ], [ -122.46341, 37.66235 ], [ -122.46383, 37.66107 ], [ -122.45762, 37.65673 ], [ -122.45612, 37.65399 ], [ -122.45379, 37.65592 ], [ -122.45039, 37.64851 ], [ -122.45565, 37.65055 ], [ -122.459, 37.64983 ], [ -122.46905, 37.65039 ], [ -122.47186, 37.64914 ], [ -122.47134, 37.65304 ], [ -122.47679, 37.66198 ], [ -122.4816, 37.66613 ], [ -122.48487, 37.66637 ], [ -122.48502, 37.66429 ], [ -122.48573, 37.66431 ], [ -122.48473, 37.66249 ], [ -122.48574, 37.6615 ], [ -122.49021, 37.6611 ], [ -122.49374, 37.66441 ], [ -122.49538, 37.66435 ], [ -122.49678, 37.68643 ], [ -122.50243, 37.70813 ] ] ] } },
{ "type": "Feature", "properties": { "zip_code": "94618", "county": "Alameda", "band": 30.0, "band_source": "routed", "drive_min": 25.2, "distance_mi": 15.3, "memberships": 3, "regular": null, "associate": null, "median_age": null, "age_note": "suppressed", "pt_lon": -122.24231, "pt_lat": 37.84405 }, "geometry": { "type": "Polygon", "coordinates": [ [ [ -122.26236, 37.83731 ], [ -122.25792, 37.84261 ], [ -122.25858, 37.8424 ], [ -122.25632, 37.84611 ], [ -122.25725, 37.85318 ], [ -122.25335, 37.85383 ], [ -122.2525, 37.85083 ], [ -122.24738, 37.85165 ], [ -122.24636, 37.85031 ], [ -122.24576, 37.85061 ], [ -122.24574, 37.85224 ], [ -122.24253, 37.85187 ], [ -122.23419, 37.85254 ], [ -122.23431, 37.85361 ], [ -122.22916, 37.85671 ], [ -122.22705, 37.8572 ], [ -122.2246, 37.85537 ], [ -122.22395, 37.8536 ], [ -122.22354, 37.85492 ], [ -122.22161, 37.85529 ], [ -122.22262, 37.85771 ], [ -122.22108, 37.86011 ], [ -122.21939, 37.85955 ], [ -122.21935, 37.85773 ], [ -122.21784, 37.85726 ], [ -122.21789, 37.85663 ], [ -122.21556, 37.85618 ], [ -122.21889, 37.85476 ], [ -122.21743, 37.85437 ], [ -122.22115, 37.85292 ], [ -122.22433, 37.84861 ], [ -122.228, 37.84824 ], [ -122.22756, 37.84547 ], [ -122.2171, 37.83276 ], [ -122.22188, 37.8325 ], [ -122.22446, 37.83026 ], [ -122.22629, 37.82971 ], [ -122.23139, 37.83146 ], [ -122.23079, 37.83272 ], [ -122.22701, 37.83266 ], [ -122.22561, 37.83485 ], [ -122.22875, 37.83573 ], [ -122.22959, 37.83543 ], [ -122.23208, 37.83659 ], [ -122.23632, 37.84004 ], [ -122.23971, 37.83859 ], [ -122.24412, 37.83516 ], [ -122.24899, 37.83309 ], [ -122.24795, 37.83501 ], [ -122.25162, 37.83561 ], [ -122.2523, 37.83448 ], [ -122.25275, 37.83479 ], [ -122.25401, 37.83421 ], [ -122.25509, 37.83506 ], [ -122.25428, 37.83546 ], [ -122.26001, 37.83701 ], [ -122.26054, 37.83794 ], [ -122.26111, 37.83786 ], [ -122.26087, 37.83712 ], [ -122.26236, 37.83731 ] ] ] } },
{ "type": "Feature", "properties": { "zip_code": "94118", "county": "San Francisco", "band": 45.0, "band_source": "routed", "drive_min": 41.3, "distance_mi": 22.4, "memberships": 1, "regular": null, "associate": null, "median_age": null, "age_note": "suppressed", "pt_lon": -122.46091, "pt_lat": 37.7803 }, "geometry": { "type": "Polygon", "coordinates": [ [ [ -122.48419, 37.77257 ], [ -122.47561, 37.77296 ], [ -122.47545, 37.77819 ], [ -122.47602, 37.77855 ], [ -122.47601, 37.78578 ], [ -122.47662, 37.7868 ], [ -122.47091, 37.78722 ], [ -122.44943, 37.79164 ], [ -122.44794, 37.7929 ], [ -122.44679, 37.78726 ], [ -122.44762, 37.78508 ], [ -122.44642, 37.78537 ], [ -122.44583, 37.78251 ], [ -122.44444, 37.78268 ], [ -122.4462, 37.78003 ], [ -122.44478, 37.77602 ], [ -122.44647, 37.7758 ], [ -122.44664, 37.77666 ], [ -122.44938, 37.77634 ], [ -122.4492, 37.77545 ], [ -122.45837, 37.77431 ], [ -122.45567, 37.77284 ], [ -122.45684, 37.77099 ], [ -122.45916, 37.77131 ], [ -122.4599, 37.77044 ], [ -122.4644, 37.76967 ], [ -122.467, 37.76801 ], [ -122.46976, 37.76921 ], [ -122.47225, 37.76861 ], [ -122.47264, 37.76754 ], [ -122.47272, 37.76846 ], [ -122.47161, 37.76986 ], [ -122.47374, 37.76953 ], [ -122.47619, 37.77025 ], [ -122.47614, 37.77098 ], [ -122.47365, 37.77116 ], [ -122.47555, 37.77171 ], [ -122.4799, 37.7705 ], [ -122.48179, 37.77193 ], [ -122.48408, 37.77212 ], [ -122.48419, 37.77257 ] ] ] } },
{ "type": "Feature", "properties": { "zip_code": "95616", "county": "Yolo", "band": null, "band_source": "routed", "drive_min": 73.6, "distance_mi": 60.8, "memberships": 1, "regular": null, "associate": null, "median_age": null, "age_note": "suppressed", "pt_lon": -121.8022, "pt_lat": 38.55495 }, "geometry": { "type": "Polygon", "coordinates": [ [ [ -121.87691, 38.55082 ], [ -121.87685, 38.59067 ], [ -121.81615, 38.59074 ], [ -121.81756, 38.59016 ], [ -121.81841, 38.58854 ], [ -121.81714, 38.58672 ], [ -121.81798, 38.58413 ], [ -121.82287, 38.58189 ], [ -121.8254, 38.57964 ], [ -121.83001, 38.5778 ], [ -121.83203, 38.57611 ], [ -121.80313, 38.5761 ], [ -121.80313, 38.56151 ], [ -121.78614, 38.56111 ], [ -121.78561, 38.59039 ], [ -121.73025, 38.58991 ], [ -121.73116, 38.56137 ], [ -121.72983, 38.55927 ], [ -121.73017, 38.55786 ], [ -121.72811, 38.55803 ], [ -121.7277, 38.55749 ], [ -121.72696, 38.55154 ], [ -121.72835, 38.55155 ], [ -121.72838, 38.54966 ], [ -121.72746, 38.54964 ], [ -121.7275, 38.54872 ], [ -121.72657, 38.54879 ], [ -121.72611, 38.54586 ], [ -121.73077, 38.54391 ], [ -121.74463, 38.53294 ], [ -121.74891, 38.53095 ], [ -121.75695, 38.5289 ], [ -121.75692, 38.52197 ], [ -121.76103, 38.51742 ], [ -121.77079, 38.51774 ], [ -121.77426, 38.51891 ], [ -121.78191, 38.52335 ], [ -121.78581, 38.52307 ], [ -121.79519, 38.52694 ], [ -121.80921, 38.52688 ], [ -121.81333, 38.52602 ], [ -121.82514, 38.5293 ], [ -121.83256, 38.52976 ], [ -121.83929, 38.53337 ], [ -121.8488, 38.53661 ], [ -121.85374, 38.53679 ], [ -121.86012, 38.53851 ], [ -121.86267, 38.53838 ], [ -121.87069, 38.55308 ], [ -121.87691, 38.55082 ] ] ] } },
{ "type": "Feature", "properties": { "zip_code": "94131", "county": "San Francisco", "band": 45.0, "band_source": "routed", "drive_min": 40.3, "distance_mi": 22.2, "memberships": 3, "regular": null, "associate": null, "median_age": null, "age_note": "suppressed", "pt_lon": -122.43777, "pt_lat": 37.74635 }, "geometry": { "type": "Polygon", "coordinates": [ [ [ -122.46377, 37.75408 ], [ -122.46192, 37.75553 ], [ -122.4627, 37.75854 ], [ -122.46327, 37.75871 ], [ -122.45999, 37.75935 ], [ -122.46084, 37.76263 ], [ -122.45555, 37.76414 ], [ -122.45564, 37.76029 ], [ -122.4538, 37.76172 ], [ -122.45201, 37.76036 ], [ -122.45245, 37.75823 ], [ -122.45377, 37.75747 ], [ -122.45362, 37.75695 ], [ -122.44448, 37.75635 ], [ -122.44498, 37.7572 ], [ -122.44393, 37.75671 ], [ -122.44355, 37.75531 ], [ -122.44224, 37.75675 ], [ -122.44094, 37.7566 ], [ -122.4406, 37.75589 ], [ -122.44285, 37.75237 ], [ -122.44417, 37.74756 ], [ -122.44486, 37.74702 ], [ -122.44396, 37.74677 ], [ -122.44141, 37.74861 ], [ -122.43825, 37.74867 ], [ -122.43819, 37.74809 ], [ -122.43599, 37.74796 ], [ -122.42552, 37.749 ], [ -122.4247, 37.74623 ], [ -122.42484, 37.7426 ], [ -122.42432, 37.74223 ], [ -122.42484, 37.7418 ], [ -122.42427, 37.73987 ], [ -122.42472, 37.73843 ], [ -122.42939, 37.73464 ], [ -122.44428, 37.72826 ], [ -122.44432, 37.73309 ], [ -122.44535, 37.73455 ], [ -122.44533, 37.73713 ], [ -122.44255, 37.7381 ], [ -122.44286, 37.73977 ], [ -122.44599, 37.74118 ], [ -122.44711, 37.74258 ], [ -122.44986, 37.74327 ], [ -122.45169, 37.74563 ], [ -122.44945, 37.74666 ], [ -122.45203, 37.74827 ], [ -122.45213, 37.75124 ], [ -122.45293, 37.75121 ], [ -122.45314, 37.74897 ], [ -122.45439, 37.75128 ], [ -122.46147, 37.75152 ], [ -122.46377, 37.75408 ] ] ] } },
{ "type": "Feature", "properties": { "zip_code": "94040", "county": "Santa Clara", "band": null, "band_source": "routed", "drive_min": 76.0, "distance_mi": 58.5, "memberships": 2, "regular": null, "associate": null, "median_age": null, "age_note": "suppressed", "pt_lon": -122.08478, "pt_lat": 37.38347 }, "geometry": { "type": "Polygon", "coordinates": [ [ [ -122.1181, 37.40469 ], [ -122.11762, 37.40428 ], [ -122.11308, 37.40781 ], [ -122.11729, 37.41065 ], [ -122.11564, 37.4127 ], [ -122.1045, 37.40582 ], [ -122.09131, 37.40053 ], [ -122.09215, 37.39656 ], [ -122.09375, 37.39728 ], [ -122.09457, 37.39595 ], [ -122.09236, 37.39503 ], [ -122.09526, 37.39407 ], [ -122.09336, 37.39113 ], [ -122.09133, 37.38934 ], [ -122.07758, 37.38254 ], [ -122.07728, 37.38308 ], [ -122.07156, 37.37985 ], [ -122.06898, 37.38208 ], [ -122.06968, 37.37903 ], [ -122.06356, 37.37657 ], [ -122.06099, 37.37742 ], [ -122.05908, 37.37911 ], [ -122.06033, 37.37535 ], [ -122.05846, 37.3746 ], [ -122.06326, 37.36672 ], [ -122.06199, 37.36462 ], [ -122.06171, 37.36066 ], [ -122.06257, 37.35891 ], [ -122.06092, 37.3573 ], [ -122.06164, 37.35541 ], [ -122.06073, 37.35481 ], [ -122.06156, 37.35407 ], [ -122.06301, 37.35955 ], [ -122.06571, 37.35951 ], [ -122.06575, 37.35676 ], [ -122.06866, 37.35676 ], [ -122.06868, 37.35792 ], [ -122.07052, 37.35904 ], [ -122.07781, 37.35902 ], [ -122.07785, 37.36617 ], [ -122.0806, 37.36617 ], [ -122.0806, 37.36683 ], [ -122.08239, 37.36683 ], [ -122.08916, 37.36594 ], [ -122.08977, 37.36685 ], [ -122.09603, 37.3669 ], [ -122.09597, 37.3768 ], [ -122.0932, 37.37677 ], [ -122.09319, 37.37965 ], [ -122.09599, 37.37966 ], [ -122.09598, 37.38139 ], [ -122.08887, 37.38134 ], [ -122.0901, 37.38262 ], [ -122.08952, 37.38458 ], [ -122.09044, 37.38405 ], [ -122.09076, 37.38464 ], [ -122.09598, 37.38468 ], [ -122.096, 37.38864 ], [ -122.10582, 37.38862 ], [ -122.10112, 37.39531 ], [ -122.11354, 37.40113 ], [ -122.11575, 37.40242 ], [ -122.1181, 37.40469 ] ] ] } },
{ "type": "Feature", "properties": { "zip_code": "94114", "county": "San Francisco", "band": 45.0, "band_source": "routed", "drive_min": 37.7, "distance_mi": 21.3, "memberships": 1, "regular": null, "associate": null, "median_age": null, "age_note": "suppressed", "pt_lon": -122.43883, "pt_lat": 37.75867 }, "geometry": { "type": "Polygon", "coordinates": [ [ [ -122.45377, 37.75747 ], [ -122.44716, 37.75966 ], [ -122.44643, 37.76101 ], [ -122.44678, 37.76178 ], [ -122.44395, 37.76365 ], [ -122.44339, 37.76348 ], [ -122.44335, 37.76533 ], [ -122.4395, 37.76658 ], [ -122.43856, 37.7663 ], [ -122.43783, 37.76718 ], [ -122.43562, 37.76733 ], [ -122.43579, 37.76906 ], [ -122.42913, 37.76946 ], [ -122.42843, 37.77045 ], [ -122.42822, 37.76944 ], [ -122.4264, 37.7696 ], [ -122.42866, 37.76774 ], [ -122.42724, 37.76783 ], [ -122.42676, 37.76462 ], [ -122.42629, 37.76465 ], [ -122.42679, 37.763 ], [ -122.42614, 37.76304 ], [ -122.42553, 37.75664 ], [ -122.42615, 37.7566 ], [ -122.42555, 37.75518 ], [ -122.42552, 37.749 ], [ -122.43599, 37.74796 ], [ -122.43819, 37.74809 ], [ -122.43825, 37.74867 ], [ -122.44141, 37.74861 ], [ -122.44396, 37.74677 ], [ -122.44486, 37.74702 ], [ -122.44417, 37.74756 ], [ -122.44285, 37.75237 ], [ -122.4406, 37.75589 ], [ -122.44094, 37.7566 ], [ -122.44224, 37.75675 ], [ -122.44355, 37.75531 ], [ -122.44393, 37.75671 ], [ -122.44498, 37.7572 ], [ -122.44448, 37.75635 ], [ -122.45362, 37.75695 ], [ -122.45377, 37.75747 ] ] ] } },
{ "type": "Feature", "properties": { "zip_code": "94123", "county": "San Francisco", "band": 45.0, "band_source": "routed", "drive_min": 38.5, "distance_mi": 21.2, "memberships": 4, "regular": null, "associate": null, "median_age": null, "age_note": "suppressed", "pt_lon": -122.43625, "pt_lat": 37.80059 }, "geometry": { "type": "Polygon", "coordinates": [ [ [ -122.44848, 37.80602 ], [ -122.42657, 37.80799 ], [ -122.42549, 37.80601 ], [ -122.4246, 37.80126 ], [ -122.42504, 37.80033 ], [ -122.42446, 37.8004 ], [ -122.42389, 37.7976 ], [ -122.42424, 37.79661 ], [ -122.42901, 37.79542 ], [ -122.43336, 37.79488 ], [ -122.43347, 37.79544 ], [ -122.435, 37.79466 ], [ -122.44652, 37.79334 ], [ -122.44782, 37.80163 ], [ -122.44946, 37.80245 ], [ -122.44848, 37.80602 ] ] ] } },
{ "type": "Feature", "properties": { "zip_code": "94579", "county": "Alameda", "band": 45.0, "band_source": "routed", "drive_min": 40.1, "distance_mi": 26.7, "memberships": 0, "regular": null, "associate": null, "median_age": null, "age_note": null, "pt_lon": -122.15566, "pt_lat": 37.68779 }, "geometry": { "type": "Polygon", "coordinates": [ [ [ -122.18406, 37.69098 ], [ -122.17278, 37.69073 ], [ -122.167, 37.69123 ], [ -122.16402, 37.69036 ], [ -122.16237, 37.68917 ], [ -122.16308, 37.6925 ], [ -122.16235, 37.69295 ], [ -122.16264, 37.6952 ], [ -122.1657, 37.70044 ], [ -122.15884, 37.70272 ], [ -122.15959, 37.70484 ], [ -122.15915, 37.70518 ], [ -122.13722, 37.69006 ], [ -122.13014, 37.6908 ], [ -122.1301, 37.68662 ], [ -122.13193, 37.68664 ], [ -122.129, 37.68439 ], [ -122.13103, 37.68507 ], [ -122.13382, 37.68451 ], [ -122.13872, 37.68478 ], [ -122.14072, 37.68409 ], [ -122.1438, 37.68172 ], [ -122.14498, 37.67972 ], [ -122.15472, 37.67516 ], [ -122.15434, 37.67474 ], [ -122.15556, 37.674 ], [ -122.15506, 37.67114 ], [ -122.16205, 37.66756 ], [ -122.16759, 37.67718 ], [ -122.17767, 37.68284 ], [ -122.18406, 37.69098 ] ] ] } },
{ "type": "Feature", "properties": { "zip_code": "94925", "county": "Marin", "band": 30.0, "band_source": "routed", "drive_min": 24.9, "distance_mi": 11.1, "memberships": 9, "regular": 9.0, "associate": 0.0, "median_age": 61.0, "age_note": null, "pt_lon": -122.51698, "pt_lat": 37.92504 }, "geometry": { "type": "Polygon", "coordinates": [ [ [ -122.54638, 37.92589 ], [ -122.54458, 37.92629 ], [ -122.54164, 37.92423 ], [ -122.53969, 37.92392 ], [ -122.53968, 37.92514 ], [ -122.53647, 37.9231 ], [ -122.53549, 37.92396 ], [ -122.53502, 37.92684 ], [ -122.53195, 37.92779 ], [ -122.53196, 37.92933 ], [ -122.52715, 37.92934 ], [ -122.52499, 37.93157 ], [ -122.52721, 37.93225 ], [ -122.52718, 37.93389 ], [ -122.52078, 37.93443 ], [ -122.52119, 37.93846 ], [ -122.51588, 37.9404 ], [ -122.51671, 37.93653 ], [ -122.51662, 37.93555 ], [ -122.51567, 37.93575 ], [ -122.51279, 37.93869 ], [ -122.51286, 37.94222 ], [ -122.50989, 37.94143 ], [ -122.50506, 37.9419 ], [ -122.50506, 37.93641 ], [ -122.50306, 37.92875 ], [ -122.49357, 37.92188 ], [ -122.48638, 37.92188 ], [ -122.48522, 37.92099 ], [ -122.48588, 37.92012 ], [ -122.48792, 37.91984 ], [ -122.48719, 37.91875 ], [ -122.48908, 37.91792 ], [ -122.48918, 37.91532 ], [ -122.49571, 37.91563 ], [ -122.49594, 37.91173 ], [ -122.50488, 37.91192 ], [ -122.50338, 37.90933 ], [ -122.51076, 37.90923 ], [ -122.51059, 37.90783 ], [ -122.51403, 37.90856 ], [ -122.51835, 37.91776 ], [ -122.52577, 37.91712 ], [ -122.5285, 37.91616 ], [ -122.5317, 37.91795 ], [ -122.53324, 37.91782 ], [ -122.53414, 37.91899 ], [ -122.53892, 37.92192 ], [ -122.54084, 37.922 ], [ -122.54299, 37.92371 ], [ -122.54467, 37.9237 ], [ -122.54646, 37.92506 ], [ -122.54638, 37.92589 ] ] ] } },
{ "type": "Feature", "properties": { "zip_code": "94595", "county": "Contra Costa", "band": 45.0, "band_source": "routed", "drive_min": 41.4, "distance_mi": 27.4, "memberships": 4, "regular": null, "associate": null, "median_age": null, "age_note": "suppressed", "pt_lon": -122.069, "pt_lat": 37.86929 }, "geometry": { "type": "Polygon", "coordinates": [ [ [ -122.09176, 37.88567 ], [ -122.08661, 37.88517 ], [ -122.08838, 37.88654 ], [ -122.08586, 37.89094 ], [ -122.08388, 37.89138 ], [ -122.0822, 37.89285 ], [ -122.08221, 37.89643 ], [ -122.08306, 37.8976 ], [ -122.07554, 37.89583 ], [ -122.07065, 37.89656 ], [ -122.06972, 37.89539 ], [ -122.0578, 37.88937 ], [ -122.05502, 37.8856 ], [ -122.05007, 37.88085 ], [ -122.05084, 37.88073 ], [ -122.05159, 37.88166 ], [ -122.05456, 37.88058 ], [ -122.05485, 37.87644 ], [ -122.05229, 37.87612 ], [ -122.05181, 37.87471 ], [ -122.05376, 37.87313 ], [ -122.0555, 37.87311 ], [ -122.053, 37.86567 ], [ -122.05408, 37.86426 ], [ -122.05322, 37.86334 ], [ -122.05236, 37.8425 ], [ -122.06157, 37.84298 ], [ -122.06166, 37.84587 ], [ -122.06802, 37.84944 ], [ -122.07124, 37.85204 ], [ -122.0753, 37.85358 ], [ -122.07828, 37.85578 ], [ -122.07805, 37.85724 ], [ -122.08306, 37.86824 ], [ -122.08933, 37.87527 ], [ -122.0897, 37.88132 ], [ -122.08807, 37.88178 ], [ -122.09176, 37.88567 ] ] ] } },
{ "type": "Feature", "properties": { "zip_code": "94901", "county": "Marin", "band": 30.0, "band_source": "routed", "drive_min": 23.2, "distance_mi": 11.5, "memberships": 11, "regular": 11.0, "associate": 0.0, "median_age": 63.5, "age_note": null, "pt_lon": -122.51182, "pt_lat": 37.97976 }, "geometry": { "type": "Polygon", "coordinates": [ [ [ -122.55951, 37.98447 ], [ -122.55752, 37.99372 ], [ -122.55248, 37.99173 ], [ -122.55051, 37.99127 ], [ -122.55028, 37.99171 ], [ -122.54411, 37.98899 ], [ -122.54513, 37.9881 ], [ -122.5377, 37.9877 ], [ -122.53758, 37.98696 ], [ -122.53328, 37.98671 ], [ -122.53237, 37.98856 ], [ -122.52908, 37.9906 ], [ -122.52574, 37.99051 ], [ -122.52228, 37.9926 ], [ -122.51816, 37.99135 ], [ -122.51467, 37.99338 ], [ -122.5133, 37.99573 ], [ -122.51001, 37.99708 ], [ -122.50796, 37.99593 ], [ -122.50213, 37.9986 ], [ -122.50134, 37.99683 ], [ -122.49588, 37.99761 ], [ -122.49862, 38.00607 ], [ -122.49852, 38.00849 ], [ -122.50032, 38.0113 ], [ -122.5017, 38.01593 ], [ -122.49574, 38.01668 ], [ -122.49456, 38.01515 ], [ -122.48747, 38.01435 ], [ -122.48147, 38.00762 ], [ -122.46281, 38.00337 ], [ -122.4507, 37.99223 ], [ -122.44841, 37.98831 ], [ -122.4473, 37.98439 ], [ -122.4561, 37.97989 ], [ -122.46371, 37.98148 ], [ -122.46656, 37.98476 ], [ -122.47198, 37.98177 ], [ -122.47464, 37.97764 ], [ -122.47464, 37.97502 ], [ -122.47725, 37.97165 ], [ -122.48442, 37.97055 ], [ -122.49246, 37.97015 ], [ -122.49555, 37.97052 ], [ -122.4965, 37.96771 ], [ -122.4903, 37.96475 ], [ -122.4903, 37.95919 ], [ -122.48652, 37.94691 ], [ -122.48048, 37.94544 ], [ -122.47963, 37.94289 ], [ -122.48487, 37.94455 ], [ -122.48738, 37.94437 ], [ -122.49178, 37.94601 ], [ -122.49284, 37.94569 ], [ -122.50019, 37.9469 ], [ -122.50498, 37.9497 ], [ -122.5058, 37.95117 ], [ -122.51177, 37.95256 ], [ -122.51593, 37.95164 ], [ -122.51746, 37.95186 ], [ -122.52033, 37.95412 ], [ -122.52256, 37.95418 ], [ -122.52328, 37.95548 ], [ -122.52664, 37.95772 ], [ -122.53253, 37.95997 ], [ -122.53272, 37.96107 ], [ -122.53382, 37.96178 ], [ -122.54323, 37.96519 ], [ -122.54548, 37.96723 ], [ -122.5452, 37.96846 ], [ -122.54785, 37.97032 ], [ -122.54902, 37.97247 ], [ -122.55091, 37.97219 ], [ -122.55093, 37.97749 ], [ -122.55198, 37.97741 ], [ -122.55094, 37.97824 ], [ -122.5504, 37.9808 ], [ -122.55725, 37.98351 ], [ -122.55643, 37.98445 ], [ -122.5576, 37.98501 ], [ -122.55951, 37.98447 ] ] ] } },
{ "type": "Feature", "properties": { "zip_code": "95124", "county": "Santa Clara", "band": null, "band_source": "routed", "drive_min": 78.2, "distance_mi": 62.0, "memberships": 1, "regular": null, "associate": null, "median_age": null, "age_note": "suppressed", "pt_lon": -121.92385, "pt_lat": 37.25613 }, "geometry": { "type": "Polygon", "coordinates": [ [ [ -121.95247, 37.25321 ], [ -121.9334, 37.27523 ], [ -121.93097, 37.27547 ], [ -121.93187, 37.27611 ], [ -121.93024, 37.27759 ], [ -121.93183, 37.27884 ], [ -121.93164, 37.28018 ], [ -121.93003, 37.28025 ], [ -121.92705, 37.28148 ], [ -121.92351, 37.28096 ], [ -121.92037, 37.28519 ], [ -121.91827, 37.28501 ], [ -121.91751, 37.2862 ], [ -121.91347, 37.28716 ], [ -121.9135, 37.2846 ], [ -121.91232, 37.28034 ], [ -121.91008, 37.27707 ], [ -121.90965, 37.27724 ], [ -121.90569, 37.27046 ], [ -121.90521, 37.27061 ], [ -121.90488, 37.26979 ], [ -121.90538, 37.2697 ], [ -121.90469, 37.26934 ], [ -121.9043, 37.26837 ], [ -121.90478, 37.26824 ], [ -121.90397, 37.26772 ], [ -121.90217, 37.26257 ], [ -121.90126, 37.26281 ], [ -121.9012, 37.26019 ], [ -121.89949, 37.25695 ], [ -121.89855, 37.25776 ], [ -121.89686, 37.25615 ], [ -121.90268, 37.25319 ], [ -121.90845, 37.25167 ], [ -121.9093, 37.25295 ], [ -121.9109, 37.2513 ], [ -121.91034, 37.25044 ], [ -121.90838, 37.25045 ], [ -121.90675, 37.24832 ], [ -121.90782, 37.24783 ], [ -121.90675, 37.2462 ], [ -121.90779, 37.24571 ], [ -121.90658, 37.244 ], [ -121.90477, 37.24366 ], [ -121.90344, 37.24135 ], [ -121.90164, 37.24111 ], [ -121.9038, 37.24014 ], [ -121.90198, 37.23719 ], [ -121.90356, 37.23691 ], [ -121.90347, 37.23417 ], [ -121.89994, 37.23433 ], [ -121.89927, 37.23311 ], [ -121.90174, 37.23229 ], [ -121.90358, 37.22956 ], [ -121.90304, 37.22634 ], [ -121.90392, 37.22654 ], [ -121.90621, 37.22549 ], [ -121.9068, 37.22645 ], [ -121.91052, 37.22503 ], [ -121.91285, 37.22532 ], [ -121.91287, 37.22669 ], [ -121.90973, 37.22755 ], [ -121.90976, 37.23059 ], [ -121.91059, 37.23058 ], [ -121.91122, 37.23631 ], [ -121.92511, 37.23615 ], [ -121.92511, 37.24009 ], [ -121.92333, 37.23983 ], [ -121.92265, 37.24349 ], [ -121.92516, 37.24347 ], [ -121.92549, 37.24115 ], [ -121.92754, 37.24114 ], [ -121.92762, 37.24345 ], [ -121.93381, 37.24342 ], [ -121.93476, 37.23616 ], [ -121.93851, 37.23613 ], [ -121.93908, 37.23678 ], [ -121.94026, 37.23684 ], [ -121.94033, 37.24339 ], [ -121.94623, 37.24359 ], [ -121.94814, 37.24788 ], [ -121.95003, 37.2465 ], [ -121.95247, 37.25321 ] ], [ [ -121.92217, 37.24347 ], [ -121.9206, 37.24348 ], [ -121.92068, 37.24678 ], [ -121.92205, 37.24668 ], [ -121.92217, 37.24347 ] ], [ [ -121.91879, 37.24352 ], [ -121.91715, 37.24353 ], [ -121.91702, 37.2469 ], [ -121.91746, 37.24578 ], [ -121.91879, 37.24572 ], [ -121.91879, 37.24352 ] ] ] } }
]
}
